step,grad_norm,step_time
1,2.447386,0.130896
2,2.452826,0.116475
3,2.433653,0.114663
4,2.305830,0.113910
5,2.335386,0.113850
6,2.325543,0.114662
7,2.208200,0.114788
8,2.159610,0.115892
9,2.131825,0.115811
10,1.970785,0.113607
11,1.949885,0.113573
12,1.831930,0.113206
13,1.836888,0.112317
14,1.751473,0.113881
15,1.763671,0.113896
16,1.754973,0.114232
17,1.603552,0.115053
18,1.467233,0.113905
19,1.466015,0.113568
20,1.267153,0.113422
21,1.204825,0.113909
22,1.084698,0.112839
23,0.918746,0.113130
24,0.839438,0.113867
25,0.815243,0.115090
26,0.724952,0.114204
27,0.769322,0.113951
28,0.789041,0.113845
29,0.701215,0.114034
30,0.764572,0.113860
31,1.013985,0.112890
32,0.789867,0.113328
33,0.740205,0.114275
34,1.149695,0.114244
35,0.590523,0.114349
36,0.917269,0.113824
37,0.677486,0.113529
38,0.506021,0.113561
39,0.884469,0.113317
40,0.536315,0.113302
41,0.624455,0.113934
42,0.653242,0.114364
43,0.445484,0.114536
44,0.597051,0.114092
45,0.550771,0.113477
46,0.498953,0.113638
47,0.607774,0.113220
48,0.645225,0.113237
49,0.495158,0.113523
50,0.524928,0.114309
51,0.463453,0.115070
52,0.796376,0.113647
53,1.095955,0.112905
54,0.926337,0.113260
55,0.638047,0.113233
56,0.721934,0.113676
57,0.557517,0.114738
58,0.736481,0.114237
59,0.616729,0.114410
60,0.594901,0.114702
61,0.502872,0.113594
62,0.609536,0.112770
63,0.576453,0.113135
64,0.513832,0.114554
65,0.663166,0.115036
66,0.598395,0.114029
67,0.543310,0.114169
68,0.647430,0.114872
69,0.504557,0.113942
70,0.565748,0.113047
71,0.642289,0.113055
72,0.678916,0.114166
73,0.689705,0.114225
74,0.528771,0.113910
75,0.528403,0.114078
76,0.726953,0.114191
77,0.606110,0.114185
78,0.557903,0.113710
79,0.498063,0.113507
80,0.498554,0.113532
81,0.540114,0.113814
82,0.575680,0.114236
83,0.480320,0.114342
84,0.498649,0.113912
85,0.610471,0.113858
86,0.928895,0.114633
87,1.053676,0.113343
88,0.537308,0.112975
89,0.845834,0.113418
90,0.929256,0.114106
91,0.732260,0.113968
92,0.820981,0.113886
93,0.722269,0.114289
94,0.823226,0.114376
95,0.739824,0.114060
96,0.595154,0.112918
97,0.577388,0.112792
98,0.682413,0.113478
99,0.745758,0.114599
100,0.605211,0.114782
101,0.565439,0.115747
102,0.616854,0.113855
103,0.662369,0.113148
104,0.622435,0.113181
105,0.705956,0.112608
106,0.500634,0.113515
107,0.565116,0.114315
108,0.557285,0.114001
109,0.531508,0.114251
110,0.601639,0.114393
111,0.497697,0.114068
112,0.623222,0.113293
113,0.532524,0.113075
114,0.619815,0.113514
115,0.801252,0.114128
116,0.847755,0.114371
117,0.672017,0.114271
118,0.704426,0.114331
119,0.623240,0.114355
120,0.531208,0.113458
121,0.693608,0.112801
122,0.605337,0.113331
123,0.766359,0.113091
124,0.826584,0.114091
125,0.689266,0.113981
126,0.728344,0.114770
127,0.586579,0.113834
128,0.636524,0.113897
129,0.602130,0.113486
130,0.634665,0.113487
131,0.592876,0.112599
132,0.607095,0.113368
133,0.559840,0.114323
134,0.614240,0.114069
135,0.681666,0.113997
136,0.567992,0.114638
137,0.657848,0.114124
138,0.655583,0.113267
139,0.787040,0.112967
140,0.706210,0.113678
141,0.580642,0.113471
142,0.635161,0.113704
143,0.600065,0.114405
144,0.528231,0.114391
145,0.563942,0.113927
146,0.665881,0.113413
147,0.808462,0.113398
148,0.668796,0.113462
149,0.640021,0.113695
150,0.603958,0.114381
151,0.664390,0.115105
152,0.565058,0.113640
153,0.582937,0.113588
154,0.500106,0.113453
155,0.508249,0.113494
156,0.543478,0.113680
157,0.535166,0.113866
158,0.536198,0.113801
159,0.648428,0.114286
160,0.641518,0.113735
161,0.537194,0.114094
162,0.716363,0.114489
163,1.037674,0.113062
164,0.875428,0.113173
165,0.551584,0.113622
166,0.563203,0.114141
167,0.760117,0.114122
168,0.779009,0.113545
169,0.588575,0.114335
170,0.623965,0.113969
171,0.743522,0.113846
172,0.509677,0.113337
173,0.551979,0.113082
174,0.533051,0.113282
175,0.473032,0.114314
176,0.797845,0.114211
177,1.057492,0.113999
178,0.826398,0.114264
179,0.617495,0.113494
180,0.573669,0.113605
181,0.551324,0.112641
182,0.589583,0.113619
183,0.592620,0.114510
184,0.641874,0.114244
185,0.577401,0.113944
186,0.553013,0.114093
187,0.605873,0.115053
188,0.545229,0.113264
189,0.520688,0.113068
190,0.512879,0.113091
191,0.553293,0.113211
192,0.477695,0.114425
193,0.448380,0.114160
194,0.499472,0.113890
195,0.513860,0.113669
196,0.517415,0.113469
197,0.535311,0.113244
198,0.494246,0.112734
199,0.470158,0.113099
200,0.547492,0.114061
201,0.597906,0.114927
202,0.525426,0.114159
203,0.566444,0.113244
204,0.546353,0.112830
205,0.585710,0.113216
206,0.697000,0.113338
207,0.658315,0.112996
208,0.501631,0.113226
209,0.593443,0.114599
210,0.486133,0.114128
211,0.484600,0.113768
212,0.543655,0.113954
213,0.550596,0.113379
214,0.577639,0.112850
215,0.723876,0.112964
216,0.511344,0.113553
217,0.557141,0.113530
218,0.488859,0.114066
219,0.516265,0.113450
220,0.481875,0.114180
221,0.521764,0.113471
222,0.507832,0.112919
223,0.466527,0.113178
224,0.494224,0.113292
225,0.546422,0.113141
226,0.509144,0.114462
227,0.462869,0.113453
228,0.519410,0.113784
229,0.538949,0.113916
230,0.580752,0.113984
231,0.453486,0.113155
232,0.486706,0.112969
233,0.515350,0.113294
234,0.540956,0.113561
235,0.631390,0.113488
236,0.573734,0.113105
237,0.557830,0.113708
238,0.442410,0.113921
239,0.489696,0.113279
240,0.476805,0.113638
241,0.503196,0.113158
242,0.470210,0.113587
243,0.651136,0.113788
244,0.600940,0.113687
245,0.460498,0.113805
246,0.596711,0.114133
247,0.593668,0.113945
248,0.469245,0.112860
249,0.468493,0.112839
250,0.490326,0.113398
251,0.440309,0.114194
252,0.489925,0.113760
253,0.438957,0.113573
254,0.461861,0.114151
255,0.443616,0.113037
256,0.455494,0.112963
257,0.568205,0.113025
258,0.621865,0.113366
259,0.580455,0.114475
260,0.432786,0.113813
261,0.556337,0.113171
262,0.499338,0.114369
263,0.505235,0.113300
264,0.466098,0.112848
265,0.460686,0.113115
266,0.513948,0.113856
267,0.524566,0.113805
268,0.480869,0.113737
269,0.499211,0.114125
270,0.520965,0.113663
271,0.451946,0.113490
272,0.510190,0.113131
273,0.439144,0.113601
274,0.522298,0.113278
275,0.493632,0.112982
276,0.483351,0.114566
277,0.496823,0.114170
278,0.442178,0.113373
279,0.479586,0.113693
280,0.450549,0.113404
281,0.448211,0.112698
282,0.445784,0.112824
283,0.464678,0.113124
284,0.456197,0.113560
285,0.441683,0.114083
286,0.445752,0.114219
287,0.462534,0.114238
288,0.446173,0.113461
289,0.459134,0.112952
290,0.438988,0.113211
291,0.433531,0.112990
292,0.436855,0.112736
293,0.413545,0.114349
294,0.409761,0.114809
295,0.464237,0.114237
296,0.418736,0.113975
297,0.449561,0.114037
298,0.423932,0.113192
299,0.408459,0.113158
300,0.413196,0.113196
301,0.428242,0.115463
302,0.401306,0.114188
303,0.462309,0.113708
304,0.435642,0.113229
305,0.462924,0.113393
306,0.501435,0.113842
307,0.473235,0.113187
308,0.421944,0.112691
309,0.465687,0.113615
310,0.483778,0.113973
311,0.494517,0.114123
312,0.460082,0.114386
313,0.457063,0.113678
314,0.480719,0.113523
315,0.429024,0.113029
316,0.424047,0.113216
317,0.451435,0.112793
318,0.418613,0.114761
319,0.611049,0.114579
320,0.434790,0.114102
321,0.523776,0.114107
322,0.580013,0.114542
323,0.427009,0.113429
324,0.550706,0.112599
325,0.451483,0.113466
326,0.456824,0.113385
327,0.445123,0.113801
328,0.392145,0.114344
329,0.435561,0.114179
330,0.402866,0.113310
331,0.445983,0.114010
332,0.404087,0.113079
333,0.432462,0.113695
334,0.420088,0.113385
335,0.441109,0.113403
336,0.423131,0.114482
337,0.437250,0.114138
338,0.421236,0.113529
339,0.436939,0.113582
340,0.415668,0.113755
341,0.414379,0.113097
342,0.469714,0.113270
343,0.423492,0.113134
344,0.440839,0.113581
345,0.412458,0.114528
346,0.438984,0.113777
347,0.396205,0.113983
348,0.434091,0.113447
349,0.432754,0.113158
350,0.447610,0.113113
351,0.439278,0.114961
352,0.422709,0.114192
353,0.409201,0.113781
354,0.412067,0.114444
355,0.443881,0.113777
356,0.399386,0.113019
357,0.415615,0.113028
358,0.404328,0.113389
359,0.480669,0.113672
360,0.387675,0.114132
361,0.454442,0.114693
362,0.419396,0.113967
363,0.387956,0.113863
364,0.410614,0.113263
365,0.402953,0.113240
366,0.406149,0.113523
367,0.428103,0.113697
368,0.424553,0.113563
369,0.408961,0.114704
370,0.436201,0.114002
371,0.425708,0.113549
372,0.375139,0.113036
373,0.450300,0.112937
374,0.437811,0.113291
375,0.364592,0.112843
376,0.374965,0.114227
377,0.387272,0.114251
378,0.376169,0.114228
379,0.373273,0.114324
380,0.425168,0.113530
381,0.414203,0.112969
382,0.408413,0.112490
383,0.410061,0.113068
384,0.362471,0.113223
385,0.389018,0.113791
386,0.402710,0.114529
387,0.381971,0.113972
388,0.397761,0.113823
389,0.493661,0.113015
390,0.441009,0.113663
391,0.382958,0.112971
392,0.423942,0.113078
393,0.377085,0.113769
394,0.435129,0.114628
395,0.394495,0.114260
396,0.384274,0.113510
397,0.400904,0.113085
398,0.386924,0.113038
399,0.379133,0.112659
400,0.392128,0.112887
401,0.423345,0.115480
402,0.394589,0.114956
403,0.390500,0.114328
404,0.395551,0.113193
405,0.394565,0.113520
406,0.393773,0.113060
407,0.399885,0.112758
408,0.407916,0.112777
409,0.403948,0.114609
410,0.436828,0.114559
411,0.361974,0.114321
412,0.407773,0.113602
413,0.395651,0.112772
414,0.382156,0.113016
415,0.378476,0.113003
416,0.376353,0.113633
417,0.368563,0.113414
418,0.388017,0.114148
419,0.383404,0.115235
420,0.362209,0.113976
421,0.374979,0.113190
422,0.385187,0.113426
423,0.400061,0.113565
424,0.393389,0.113041
425,0.416677,0.112742
426,0.378883,0.114079
427,0.411233,0.113852
428,0.377078,0.113758
429,0.373996,0.113606
430,0.397402,0.113522
431,0.355195,0.113191
432,0.371926,0.112786
433,0.378050,0.113581
434,0.347156,0.113753
435,0.375505,0.113387
436,0.386601,0.114394
437,0.361093,0.114228
438,0.381938,0.112940
439,0.357756,0.113098
440,0.369478,0.114088
441,0.360703,0.113142
442,0.358507,0.113417
443,0.374498,0.113679
444,0.420997,0.114468
445,0.416722,0.113605
446,0.377590,0.112744
447,0.400613,0.113505
448,0.369394,0.113700
449,0.365072,0.113244
450,0.360090,0.113544
451,0.387424,0.114679
452,0.397185,0.113568
453,0.362232,0.112952
454,0.378165,0.113088
455,0.331524,0.114002
456,0.379106,0.114022
457,0.353274,0.112765
458,0.382719,0.113017
459,0.341470,0.114490
460,0.350969,0.114055
461,0.386765,0.112997
462,0.381649,0.113650
463,0.371665,0.113492
464,0.425130,0.114059
465,0.363874,0.113915
466,0.402183,0.113060
467,0.397944,0.113342
468,0.353093,0.115275
469,0.363326,0.113819
470,0.386896,0.113076
471,0.425525,0.112962
472,0.356011,0.113058
473,0.341729,0.113961
474,0.373571,0.113624
475,0.410021,0.113096
476,0.374548,0.114215
477,0.370822,0.113914
478,0.358535,0.113364
479,0.355953,0.112908
480,0.382463,0.112928
481,0.360720,0.113272
482,0.383841,0.113762
483,0.357246,0.113688
484,0.348199,0.113488
485,0.344242,0.113649
486,0.370179,0.114154
487,0.348542,0.113488
488,0.387252,0.112841
489,0.375497,0.112818
490,0.374721,0.114564
491,0.363109,0.113856
492,0.381445,0.113366
493,0.376558,0.113532
494,0.386369,0.113841
495,0.404017,0.114265
496,0.383520,0.112814
497,0.369834,0.113357
498,0.347092,0.113556
499,0.351331,0.113269
500,0.340369,0.113379
501,0.357602,0.114016
502,0.363108,0.113605
503,0.344020,0.113291
504,0.349500,0.112461
505,0.357391,0.113248
506,0.404424,0.113964
507,0.365588,0.113480
508,0.378298,0.114060
509,0.405172,0.113989
510,0.387387,0.113732
511,0.386011,0.113371
512,0.401215,0.113676
513,0.349554,0.113055
514,0.373795,0.113984
515,0.358866,0.113951
516,0.353202,0.113835
517,0.355582,0.114136
518,0.339028,0.113926
519,0.356345,0.112996
520,0.343367,0.113041
521,0.345598,0.112959
522,0.350352,0.113893
523,0.346140,0.113267
524,0.353989,0.113585
525,0.350089,0.113351
526,0.354881,0.113831
527,0.345091,0.113756
528,0.370691,0.113211
529,0.355251,0.113349
530,0.377470,0.113018
531,0.394170,0.112967
532,0.322602,0.113468
533,0.399385,0.113308
534,0.348292,0.113836
535,0.367662,0.113957
536,0.333581,0.114363
537,0.364546,0.113562
538,0.338466,0.113030
539,0.345721,0.112501
540,0.337259,0.113516
541,0.346320,0.113795
542,0.344235,0.113945
543,0.347805,0.114247
544,0.328849,0.114324
545,0.328759,0.113537
546,0.324151,0.113052
547,0.363484,0.113271
548,0.339050,0.113225
549,0.329037,0.112772
550,0.353878,0.113630
551,0.335945,0.115562
552,0.344871,0.113592
553,0.378965,0.113268
554,0.387200,0.113467
555,0.342986,0.112780
556,0.371257,0.112971
557,0.388284,0.112745
558,0.352338,0.113574
559,0.358879,0.114309
560,0.358800,0.114722
561,0.348385,0.113905
562,0.312646,0.113494
563,0.347736,0.113130
564,0.333597,0.113051
565,0.361212,0.113041
566,0.333945,0.113279
567,0.367964,0.114169
568,0.330843,0.114538
569,0.333833,0.114093
570,0.334234,0.113593
571,0.369475,0.112999
572,0.351332,0.112936
573,0.464239,0.112756
574,0.363899,0.112919
575,0.375046,0.113759
576,0.362766,0.113970
577,0.339022,0.114078
578,0.351411,0.114008
579,0.354660,0.113422
580,0.334310,0.113116
581,0.337799,0.112884
582,0.347859,0.113148
583,0.329291,0.113189
584,0.358397,0.114125
585,0.317617,0.113660
586,0.340012,0.113878
587,0.319149,0.113539
588,0.348708,0.113790
589,0.329480,0.113601
590,0.331534,0.113413
591,0.356461,0.112997
592,0.344783,0.113714
593,0.369462,0.113454
594,0.331956,0.114049
595,0.337489,0.113711
596,0.341430,0.113808
597,0.363917,0.113048
598,0.366943,0.113695
599,0.337677,0.112744
600,0.331399,0.112853
601,0.375574,0.115935
602,0.344307,0.113726
603,0.317601,0.113328
604,0.343063,0.113062
605,0.336709,0.113606
606,0.324042,0.113588
607,0.334724,0.112771
608,0.346121,0.112768
609,0.321004,0.114018
610,0.338600,0.113984
611,0.325879,0.114262
612,0.327081,0.113326
613,0.337966,0.112893
614,0.323735,0.114409
615,0.351275,0.113439
616,0.315595,0.113231
617,0.306444,0.112948
618,0.320623,0.114184
619,0.323020,0.114131
620,0.307949,0.113584
621,0.341331,0.112999
622,0.314620,0.113049
623,0.326524,0.113238
624,0.308789,0.113667
625,0.307294,0.113517
626,0.335620,0.113834
627,0.329462,0.113542
628,0.323071,0.114012
629,0.311216,0.113675
630,0.356684,0.113673
631,0.343174,0.113048
632,0.357318,0.114040
633,0.328797,0.113425
634,0.412056,0.113967
635,0.338187,0.113951
636,0.372618,0.113709
637,0.327629,0.113707
638,0.374829,0.113155
639,0.349830,0.113937
640,0.363762,0.112673
641,0.339726,0.112915
642,0.327131,0.114465
643,0.314665,0.113405
644,0.343676,0.113897
645,0.344695,0.113584
646,0.342406,0.113631
647,0.348928,0.113349
648,0.328575,0.113063
649,0.322337,0.113019
650,0.339539,0.113548
651,0.325486,0.115060
652,0.339737,0.113528
653,0.323279,0.113011
654,0.345524,0.114251
655,0.349782,0.112905
656,0.344818,0.112686
657,0.321898,0.113857
658,0.338509,0.113729
659,0.318623,0.113850
660,0.327837,0.113806
661,0.318841,0.113530
662,0.321027,0.113532
663,0.311645,0.113495
664,0.331872,0.113693
665,0.337927,0.114193
666,0.312041,0.113393
667,0.325332,0.113237
668,0.360596,0.114340
669,0.336760,0.113194
670,0.373563,0.113021
671,0.322412,0.113895
672,0.326777,0.114269
673,0.307439,0.113554
674,0.319271,0.113353
675,0.314061,0.113670
676,0.326068,0.113469
677,0.355672,0.113124
678,0.317207,0.113573
679,0.333458,0.113508
680,0.312966,0.113426
681,0.363724,0.113741
682,0.333480,0.114478
683,0.311743,0.113493
684,0.338883,0.113362
685,0.319916,0.114027
686,0.344028,0.114329
687,0.321263,0.113357
688,0.333000,0.112716
689,0.306297,0.113216
690,0.323069,0.113802
691,0.323955,0.113596
692,0.310888,0.113976
693,0.313532,0.113876
694,0.315953,0.113532
695,0.321229,0.113506
696,0.329216,0.113698
697,0.316795,0.112953
698,0.328337,0.114022
699,0.308545,0.114299
700,0.326695,0.114310
701,0.307111,0.114404
702,0.331427,0.112843
703,0.296822,0.113315
704,0.300678,0.113668
705,0.312618,0.113526
706,0.357300,0.113858
707,0.305529,0.113997
708,0.328613,0.114092
709,0.314305,0.114540
710,0.307606,0.113323
711,0.331231,0.114049
712,0.299465,0.113164
713,0.334272,0.113391
714,0.305197,0.113002
715,0.329245,0.113697
716,0.309631,0.114206
717,0.354788,0.114032
718,0.328417,0.114657
719,0.302411,0.113642
720,0.311204,0.113322
721,0.319919,0.112839
722,0.300106,0.113185
723,0.307784,0.113476
724,0.319622,0.113822
725,0.320476,0.114325
726,0.344997,0.114409
727,0.323093,0.113773
728,0.372097,0.113233
729,0.309546,0.112900
730,0.339214,0.113096
731,0.325395,0.113081
732,0.324486,0.114433
733,0.316879,0.114268
734,0.323114,0.113787
735,0.311162,0.113499
736,0.315406,0.113707
737,0.320899,0.113587
738,0.330310,0.113244
739,0.288904,0.113877
740,0.310508,0.113892
741,0.319343,0.114080
742,0.314985,0.113680
743,0.314651,0.113372
744,0.303932,0.113878
745,0.299864,0.113935
746,0.313683,0.113816
747,0.303750,0.113065
748,0.296398,0.113424
749,0.305483,0.113401
750,0.309370,0.113856
751,0.311828,0.115248
752,0.319740,0.113827
753,0.305994,0.113049
754,0.326144,0.114007
755,0.311932,0.113026
756,0.327941,0.113083
757,0.310092,0.114013
758,0.321885,0.113437
759,0.313326,0.113983
760,0.331016,0.113708
761,0.324654,0.113223
762,0.314204,0.113480
763,0.318517,0.113732
764,0.299616,0.113373
765,0.313263,0.113122
766,0.295559,0.113668
767,0.299475,0.113877
768,0.310430,0.114320
769,0.319140,0.113437
770,0.312136,0.113174
771,0.302045,0.113654
772,0.293577,0.113669
773,0.316914,0.113117
774,0.295945,0.113240
775,0.286260,0.113906
776,0.313098,0.114557
777,0.305730,0.114450
778,0.333250,0.113026
779,0.306975,0.113078
780,0.311311,0.113579
781,0.292348,0.113331
782,0.286467,0.113219
783,0.300813,0.113475
784,0.310337,0.114947
785,0.330072,0.114285
786,0.318887,0.113601
787,0.309442,0.112855
788,0.320497,0.112600
789,0.330380,0.113454
790,0.311141,0.113156
791,0.322153,0.113476
792,0.286937,0.114235
793,0.292335,0.113966
794,0.315683,0.114079
795,0.288056,0.113204
796,0.325655,0.112857
797,0.293614,0.112834
798,0.304244,0.113981
799,0.314010,0.113358
800,0.292870,0.113674
801,0.296124,0.115887
802,0.357761,0.113740
803,0.332322,0.112787
804,0.301423,0.113384
805,0.331412,0.113346
806,0.312114,0.113213
807,0.318639,0.114314
808,0.324705,0.114151
809,0.309405,0.114298
810,0.321569,0.113745
811,0.297625,0.113899
812,0.344420,0.112934
813,0.298715,0.112406
814,0.340713,0.113457
815,0.297287,0.113630
816,0.303081,0.113410
817,0.306386,0.113768
818,0.293450,0.114583
819,0.303282,0.113680
820,0.296201,0.113541
821,0.295796,0.113134
822,0.286712,0.113531
823,0.302443,0.113324
824,0.292549,0.113375
825,0.282994,0.114089
826,0.323354,0.113904
827,0.309613,0.113792
828,0.290796,0.114800
829,0.289890,0.113561
830,0.287596,0.113132
831,0.312720,0.112672
832,0.294259,0.113538
833,0.322384,0.113349
834,0.285844,0.114014
835,0.277665,0.114264
836,0.287719,0.113909
837,0.287115,0.113525
838,0.289588,0.113410
839,0.289719,0.113318
840,0.310869,0.112800
841,0.298622,0.112795
842,0.280565,0.114506
843,0.292461,0.114791
844,0.312447,0.113795
845,0.304688,0.113138
846,0.288911,0.113516
847,0.286980,0.113005
848,0.302121,0.113064
849,0.293178,0.113204
850,0.284834,0.113440
851,0.300821,0.115091
852,0.311940,0.113550
853,0.287132,0.113349
854,0.294256,0.114210
855,0.296780,0.113380
856,0.295004,0.113082
857,0.275808,0.113261
858,0.307329,0.114071
859,0.288420,0.114577
860,0.282329,0.113715
861,0.296897,0.114027
862,0.293489,0.113445
863,0.299848,0.113268
864,0.280058,0.113008
865,0.312621,0.112855
866,0.293661,0.113495
867,0.304968,0.114035
868,0.313053,0.114519
869,0.350110,0.113837
870,0.323038,0.113733
871,0.344585,0.112692
872,0.301146,0.113213
873,0.332049,0.112501
874,0.331910,0.113236
875,0.287561,0.114896
876,0.334281,0.114193
877,0.297133,0.113412
878,0.310256,0.113821
879,0.313727,0.113754
880,0.296773,0.113546
881,0.308362,0.112451
882,0.295841,0.113187
883,0.293592,0.113411
884,0.289096,0.113974
885,0.288465,0.114057
886,0.297133,0.113811
887,0.307290,0.113801
888,0.277342,0.113742
889,0.280499,0.113603
890,0.303348,0.112951
891,0.275674,0.112976
892,0.288935,0.113539
893,0.307139,0.113805
894,0.290740,0.114139
895,0.301273,0.113610
896,0.292553,0.114142
897,0.291432,0.113481
898,0.304235,0.113309
899,0.296889,0.113194
900,0.345647,0.112914
901,0.285535,0.115283
902,0.312591,0.113527
903,0.283887,0.113284
904,0.275901,0.113410
905,0.287600,0.113011
906,0.296556,0.113424
907,0.275065,0.113817
908,0.276245,0.113180
909,0.270405,0.114168
910,0.291172,0.114026
911,0.273622,0.113996
912,0.278519,0.113416
913,0.282644,0.113194
914,0.286142,0.114221
915,0.300813,0.113321
916,0.280274,0.113610
917,0.271177,0.113462
918,0.298417,0.114409
919,0.289749,0.113743
920,0.324940,0.113999
921,0.279890,0.113717
922,0.306844,0.113359
923,0.272162,0.113041
924,0.280272,0.112756
925,0.275692,0.113333
926,0.273366,0.113779
927,0.289513,0.114104
928,0.274367,0.114443
929,0.262146,0.113796
930,0.295455,0.113336
931,0.280144,0.112649
932,0.272532,0.113057
933,0.291935,0.113465
934,0.304934,0.113626
935,0.277381,0.114441
936,0.273949,0.113690
937,0.286476,0.113792
938,0.298941,0.113452
939,0.299687,0.113389
940,0.283319,0.113719
941,0.289662,0.113253
942,0.278094,0.114322
943,0.278493,0.113674
944,0.276338,0.114429
945,0.269151,0.113068
946,0.291790,0.113961
947,0.278710,0.113821
948,0.287779,0.113573
949,0.280044,0.113891
950,0.300535,0.113536
951,0.288480,0.114810
952,0.310239,0.113179
953,0.281927,0.113416
954,0.276246,0.113287
955,0.278037,0.113185
956,0.326154,0.113751
957,0.280130,0.113902
958,0.303689,0.113187
959,0.263348,0.114012
960,0.292704,0.114465
961,0.278069,0.113356
962,0.281627,0.113215
963,0.289376,0.113450
964,0.309230,0.113193
965,0.301081,0.114680
966,0.285113,0.113393
967,0.285197,0.113365
968,0.284792,0.114033
969,0.297158,0.114081
970,0.300113,0.113328
971,0.278068,0.113492
972,0.276698,0.113058
973,0.275640,0.114147
974,0.286916,0.113478
975,0.271233,0.112910
976,0.281586,0.114266
977,0.281470,0.113652
978,0.294477,0.114544
979,0.289235,0.113481
980,0.290217,0.113126
981,0.303161,0.113492
982,0.289766,0.113683
983,0.296182,0.112892
984,0.324410,0.113061
985,0.279092,0.113742
986,0.291951,0.114116
987,0.298735,0.113928
988,0.295837,0.113773
989,0.269310,0.113260
990,0.292439,0.113145
991,0.314371,0.113106
992,0.272059,0.113301
993,0.303542,0.113095
994,0.274311,0.114000
995,0.301000,0.113998
996,0.276151,0.113795
997,0.291487,0.113752
998,0.284521,0.113753
999,0.290793,0.112874
1000,0.292332,0.113257
1001,0.283803,0.115059
1002,0.278286,0.113407
1003,0.280784,0.114223
1004,0.258226,0.114334
1005,0.286189,0.113602
1006,0.287551,0.112705
1007,0.269337,0.113237
1008,0.293924,0.112635
1009,0.271893,0.113614
1010,0.271502,0.114496
1011,0.301061,0.114140
1012,0.288920,0.113533
1013,0.284450,0.113734
1014,0.272738,0.113614
1015,0.272572,0.112709
1016,0.280060,0.112250
1017,0.277438,0.113662
1018,0.281533,0.113809
1019,0.284362,0.114208
1020,0.297213,0.113243
1021,0.286559,0.113958
1022,0.311351,0.113874
1023,0.327380,0.113237
1024,0.293260,0.113372
1025,0.285593,0.113291
1026,0.274870,0.113440
1027,0.280029,0.113763
1028,0.271952,0.114374
1029,0.276757,0.113164
1030,0.293976,0.113416
1031,0.294827,0.113968
1032,0.267088,0.113703
1033,0.271484,0.112689
1034,0.269282,0.113242
1035,0.286438,0.113993
1036,0.289142,0.113787
1037,0.269611,0.113068
1038,0.325526,0.113496
1039,0.282453,0.113678
1040,0.263823,0.113920
1041,0.280010,0.113310
1042,0.271391,0.113373
1043,0.281985,0.113579
1044,0.269546,0.113481
1045,0.277784,0.114476
1046,0.271721,0.113820
1047,0.307969,0.113351
1048,0.277343,0.113538
1049,0.259177,0.113664
1050,0.305863,0.113061
1051,0.279681,0.115325
1052,0.271177,0.113823
1053,0.295342,0.113794
1054,0.259746,0.113347
1055,0.278017,0.113373
1056,0.275287,0.113995
1057,0.275323,0.113992
1058,0.264799,0.113032
1059,0.275688,0.113578
1060,0.274691,0.114654
1061,0.273908,0.114142
1062,0.265902,0.114057
1063,0.280019,0.113049
1064,0.287300,0.114125
1065,0.271960,0.113609
1066,0.265163,0.112936
1067,0.265245,0.113309
1068,0.260046,0.114385
1069,0.272719,0.114531
1070,0.277638,0.113799
1071,0.276994,0.113821
1072,0.283663,0.112981
1073,0.290545,0.113802
1074,0.264705,0.112965
1075,0.268181,0.113166
1076,0.294640,0.113484
1077,0.287515,0.114095
1078,0.268726,0.114759
1079,0.280333,0.113299
1080,0.294259,0.113465
1081,0.279322,0.113496
1082,0.277133,0.113521
1083,0.274579,0.112748
1084,0.258771,0.113527
1085,0.275975,0.114130
1086,0.259527,0.114426
1087,0.278922,0.113874
1088,0.275238,0.113679
1089,0.265906,0.113400
1090,0.263808,0.113041
1091,0.284844,0.112600
1092,0.269803,0.113574
1093,0.268304,0.114715
1094,0.278206,0.114055
1095,0.262713,0.114191
1096,0.302788,0.114367
1097,0.264153,0.113455
1098,0.292920,0.113143
1099,0.262671,0.113726
1100,0.274206,0.113041
1101,0.256131,0.114772
1102,0.296674,0.114264
1103,0.283891,0.114244
1104,0.269252,0.113570
1105,0.269575,0.113098
1106,0.296671,0.113278
1107,0.262586,0.113184
1108,0.275261,0.113199
1109,0.292418,0.114750
1110,0.272862,0.114263
1111,0.290612,0.114147
1112,0.264535,0.113836
1113,0.274022,0.112885
1114,0.308279,0.113466
1115,0.271334,0.113185
1116,0.283367,0.113861
1117,0.264780,0.114127
1118,0.272900,0.113831
1119,0.284945,0.113705
1120,0.262251,0.113609
1121,0.295497,0.113211
1122,0.288201,0.113024
1123,0.283534,0.113553
1124,0.294092,0.113666
1125,0.262125,0.113427
1126,0.263012,0.113486
1127,0.275049,0.113457
1128,0.268027,0.113913
1129,0.277341,0.113484
1130,0.266990,0.113346
1131,0.273918,0.113231
1132,0.281278,0.113562
1133,0.274337,0.113433
1134,0.282403,0.113989
1135,0.274842,0.113166
1136,0.276740,0.113559
1137,0.262175,0.114239
1138,0.279497,0.113556
1139,0.281721,0.113453
1140,0.270912,0.113293
1141,0.274514,0.112965
1142,0.262775,0.114244
1143,0.256772,0.113516
1144,0.269419,0.113655
1145,0.265263,0.113729
1146,0.270558,0.113633
1147,0.281783,0.113174
1148,0.270420,0.113450
1149,0.289437,0.112882
1150,0.277269,0.112968
1151,0.277731,0.115241
1152,0.280020,0.112718
1153,0.256114,0.114468
1154,0.276232,0.113790
1155,0.278440,0.113372
1156,0.259624,0.113050
1157,0.281003,0.113147
1158,0.264837,0.112660
1159,0.253762,0.113700
1160,0.295603,0.113733
1161,0.265226,0.113576
1162,0.265632,0.114378
1163,0.267394,0.114446
1164,0.284106,0.113832
1165,0.257445,0.112640
1166,0.262755,0.113225
1167,0.297802,0.113350
1168,0.278263,0.114258
1169,0.267662,0.113525
1170,0.267607,0.113182
1171,0.287582,0.114194
1172,0.281968,0.114531
1173,0.271000,0.114094
1174,0.266832,0.113490
1175,0.258138,0.112944
1176,0.253080,0.113845
1177,0.269697,0.114117
1178,0.255140,0.113090
1179,0.258373,0.112963
1180,0.266325,0.113851
1181,0.260248,0.114300
1182,0.269522,0.113912
1183,0.264941,0.113285
1184,0.304494,0.113548
1185,0.276614,0.113640
1186,0.295819,0.113663
1187,0.300046,0.112854
1188,0.264323,0.113630
1189,0.304750,0.114377
1190,0.261633,0.113907
1191,0.267440,0.113283
1192,0.271434,0.113267
1193,0.276716,0.113880
1194,0.278354,0.113386
1195,0.263769,0.113235
1196,0.262625,0.113545
1197,0.267662,0.114294
1198,0.256590,0.114380
1199,0.271945,0.113839
1200,0.266080,0.113033
1201,0.263615,0.114888
1202,0.266195,0.112849
1203,0.251348,0.113146
1204,0.248038,0.113601
1205,0.285631,0.113818
1206,0.267595,0.114382
1207,0.289511,0.114260
1208,0.295128,0.112656
1209,0.278492,0.113239
1210,0.297149,0.114556
1211,0.272791,0.113186
1212,0.282055,0.113117
1213,0.265060,0.114173
1214,0.270316,0.114672
1215,0.259312,0.113755
1216,0.253008,0.113033
1217,0.264334,0.113428
1218,0.279015,0.113859
1219,0.252789,0.112996
1220,0.263811,0.113374
1221,0.289745,0.113908
1222,0.256068,0.113754
1223,0.273831,0.113315
1224,0.264549,0.113791
1225,0.263802,0.112905
1226,0.265393,0.112954
1227,0.274037,0.114182
1228,0.285298,0.113928
1229,0.249855,0.113245
1230,0.268506,0.113042
1231,0.273806,0.114146
1232,0.273744,0.114005
1233,0.263591,0.112774
1234,0.252837,0.113643
1235,0.272633,0.113905
1236,0.263821,0.113889
1237,0.274334,0.114001
1238,0.276348,0.113458
1239,0.254592,0.113474
1240,0.258916,0.113748
1241,0.251166,0.113843
1242,0.267899,0.113385
1243,0.258154,0.112979
1244,0.265280,0.113330
1245,0.257535,0.114268
1246,0.254102,0.113458
1247,0.262417,0.112706
1248,0.259391,0.113927
1249,0.259030,0.113970
1250,0.263833,0.113648
1251,0.267591,0.114914
1252,0.267479,0.113535
1253,0.272988,0.113929
1254,0.257427,0.113833
1255,0.262482,0.113781
1256,0.253046,0.113929
1257,0.250324,0.113768
1258,0.277225,0.113374
1259,0.251997,0.113879
1260,0.263688,0.114204
1261,0.288106,0.113210
1262,0.285890,0.113922
1263,0.261262,0.113387
1264,0.266869,0.113885
1265,0.282697,0.113813
1266,0.264249,0.113198
1267,0.302664,0.113947
1268,0.259504,0.114051
1269,0.285972,0.112992
1270,0.292704,0.113303
1271,0.280455,0.113846
1272,0.273810,0.113945
1273,0.287227,0.113771
1274,0.276247,0.114098
1275,0.290123,0.113150
1276,0.257008,0.114049
1277,0.260946,0.113566
1278,0.271641,0.113528
1279,0.258955,0.113335
1280,0.259840,0.113494
1281,0.263799,0.114328
1282,0.259225,0.113788
1283,0.280184,0.113391
1284,0.286646,0.113462
1285,0.256211,0.114405
1286,0.258772,0.113919
1287,0.274834,0.113587
1288,0.252944,0.114416
1289,0.257552,0.113467
1290,0.254526,0.114032
1291,0.249130,0.112337
1292,0.255372,0.113659
1293,0.256520,0.113917
1294,0.260470,0.114167
1295,0.258902,0.114152
1296,0.255060,0.113882
1297,0.255138,0.113544
1298,0.265205,0.113308
1299,0.259055,0.113600
1300,0.270939,0.113071
1301,0.255710,0.114521
1302,0.254762,0.112669
1303,0.261104,0.114303
1304,0.259514,0.114431
1305,0.270495,0.114157
1306,0.261390,0.113223
1307,0.272659,0.112567
1308,0.256142,0.113501
1309,0.276464,0.113702
1310,0.247285,0.113942
1311,0.267729,0.113974
1312,0.254641,0.114513
1313,0.261055,0.113823
1314,0.248191,0.113743
1315,0.260113,0.112889
1316,0.254406,0.112521
1317,0.261606,0.113497
1318,0.281616,0.113650
1319,0.259240,0.113758
1320,0.256984,0.114061
1321,0.272766,0.113675
1322,0.264245,0.113928
1323,0.253501,0.113103
1324,0.259007,0.113097
1325,0.253969,0.112911
1326,0.260499,0.114261
1327,0.251848,0.113563
1328,0.259751,0.113948
1329,0.248302,0.113611
1330,0.257839,0.114094
1331,0.267360,0.113801
1332,0.264350,0.113470
1333,0.247834,0.113562
1334,0.259138,0.113732
1335,0.266735,0.113870
1336,0.274336,0.113435
1337,0.261692,0.112880
1338,0.267246,0.113804
1339,0.270300,0.113664
1340,0.266031,0.113887
1341,0.269116,0.113405
1342,0.269900,0.113417
1343,0.265339,0.113356
1344,0.262075,0.113412
1345,0.251154,0.113887
1346,0.275849,0.113968
1347,0.265479,0.114173
1348,0.255074,0.114001
1349,0.269011,0.113434
1350,0.267407,0.113295
1351,0.266350,0.114831
1352,0.263555,0.113802
1353,0.261522,0.114018
1354,0.258457,0.113472
1355,0.261627,0.113376
1356,0.254501,0.114187
1357,0.281670,0.113806
1358,0.266791,0.112197
1359,0.257235,0.113669
1360,0.263376,0.114270
1361,0.266082,0.113641
1362,0.264419,0.112829
1363,0.260586,0.114190
1364,0.259323,0.114420
1365,0.270277,0.113326
1366,0.254600,0.112590
1367,0.235452,0.113390
1368,0.247133,0.113867
1369,0.248114,0.113323
1370,0.248052,0.113382
1371,0.261353,0.113273
1372,0.250725,0.113878
1373,0.242939,0.113763
1374,0.239815,0.113756
1375,0.256668,0.113052
1376,0.249243,0.112901
1377,0.248015,0.113801
1378,0.258393,0.113587
1379,0.278662,0.113306
1380,0.264809,0.113945
1381,0.263315,0.114481
1382,0.274911,0.113231
1383,0.256331,0.112380
1384,0.275616,0.113748
1385,0.258951,0.114189
1386,0.255884,0.113993
1387,0.251604,0.113560
1388,0.256868,0.113688
1389,0.265054,0.114070
1390,0.286535,0.113861
1391,0.279629,0.112885
1392,0.307395,0.112809
1393,0.270691,0.113380
1394,0.280474,0.113824
1395,0.282176,0.113951
1396,0.285259,0.113280
1397,0.260959,0.112975
1398,0.273313,0.114524
1399,0.279310,0.113468
1400,0.263928,0.112626
1401,0.270313,0.115450
1402,0.259007,0.113740
1403,0.278100,0.114460
1404,0.247558,0.113710
1405,0.267465,0.113542
1406,0.295690,0.113733
1407,0.256248,0.112999
1408,0.256289,0.112820
1409,0.277776,0.114247
1410,0.242880,0.114876
1411,0.268161,0.114084
1412,0.262373,0.113498
1413,0.265220,0.113251
1414,0.263072,0.113620
1415,0.256512,0.113558
1416,0.257859,0.112653
1417,0.243567,0.114109
1418,0.253255,0.114485
1419,0.275791,0.113993
1420,0.260376,0.113721
1421,0.258194,0.113694
1422,0.262224,0.113446
1423,0.243629,0.113320
1424,0.262202,0.113771
1425,0.259415,0.112905
1426,0.252141,0.113861
1427,0.253925,0.114156
1428,0.255770,0.114200
1429,0.268458,0.113928
1430,0.262309,0.112990
1431,0.248987,0.113833
1432,0.245886,0.113295
1433,0.262997,0.112714
1434,0.265291,0.113395
1435,0.242204,0.114089
1436,0.254540,0.113988
1437,0.245004,0.114089
1438,0.271127,0.113942
1439,0.254319,0.112907
1440,0.244046,0.113449
1441,0.240393,0.113283
1442,0.253045,0.112905
1443,0.250020,0.113606
1444,0.254018,0.113914
1445,0.256929,0.114981
1446,0.253114,0.113710
1447,0.260165,0.113219
1448,0.262129,0.113464
1449,0.264636,0.113470
1450,0.243439,0.113738
1451,0.258800,0.115220
1452,0.262531,0.113591
1453,0.257467,0.113838
1454,0.261150,0.113705
1455,0.253080,0.113609
1456,0.256039,0.114370
1457,0.253440,0.113298
1458,0.283773,0.113037
1459,0.252482,0.113072
1460,0.282587,0.114091
1461,0.282412,0.114482
1462,0.255430,0.114055
1463,0.295636,0.114053
1464,0.279909,0.113784
1465,0.256782,0.113571
1466,0.247996,0.112625
1467,0.256990,0.112770
1468,0.262796,0.113772
1469,0.247456,0.113905
1470,0.242525,0.114408
1471,0.258410,0.113852
1472,0.271911,0.113637
1473,0.248555,0.113022
1474,0.261001,0.113401
1475,0.239168,0.113333
1476,0.249527,0.113438
1477,0.284194,0.114085
1478,0.268498,0.113844
1479,0.267163,0.114032
1480,0.274319,0.113710
1481,0.244727,0.113451
1482,0.263610,0.113484
1483,0.245929,0.113385
1484,0.266395,0.113686
1485,0.270410,0.113401
1486,0.243549,0.113417
1487,0.243109,0.113389
1488,0.244377,0.114011
1489,0.243854,0.114281
1490,0.251313,0.113596
1491,0.256166,0.113658
1492,0.235703,0.113177
1493,0.242819,0.113395
1494,0.247365,0.112651
1495,0.246973,0.113258
1496,0.247192,0.114083
1497,0.252661,0.114485
1498,0.243943,0.114791
1499,0.251202,0.113064
1500,0.255103,0.113401
1501,0.240795,0.114736
1502,0.250827,0.113221
1503,0.245157,0.113226
1504,0.257446,0.114002
1505,0.242121,0.113564
1506,0.244926,0.113879
1507,0.254643,0.113044
1508,0.245496,0.112736
1509,0.247681,0.114075
1510,0.244946,0.113686
1511,0.258133,0.114110
1512,0.239257,0.113675
1513,0.241846,0.114297
1514,0.251473,0.114020
1515,0.256715,0.113623
1516,0.256997,0.113551
1517,0.263294,0.113113
1518,0.273266,0.114082
1519,0.242696,0.113457
1520,0.257419,0.113666
1521,0.249464,0.113943
1522,0.241340,0.113978
1523,0.242095,0.113401
1524,0.252256,0.113184
1525,0.252576,0.112846
1526,0.251600,0.113207
1527,0.240043,0.114146
1528,0.247023,0.113607
1529,0.250069,0.113295
1530,0.247180,0.114150
1531,0.252642,0.113701
1532,0.250187,0.112957
1533,0.252180,0.112992
1534,0.256921,0.113379
1535,0.248941,0.114008
1536,0.261089,0.113987
1537,0.255859,0.113401
1538,0.237848,0.113428
1539,0.260790,0.114019
1540,0.259050,0.113244
1541,0.252499,0.113145
1542,0.253003,0.113321
1543,0.252119,0.113756
1544,0.253936,0.114074
1545,0.258227,0.113725
1546,0.237404,0.113852
1547,0.245070,0.113693
1548,0.246199,0.113920
1549,0.260438,0.113470
1550,0.257937,0.114015
1551,0.254466,0.115167
1552,0.259184,0.113552
1553,0.242907,0.114172
1554,0.260313,0.113755
1555,0.247445,0.113211
1556,0.252069,0.114467
1557,0.251578,0.113385
1558,0.267766,0.112880
1559,0.261291,0.113796
1560,0.249228,0.114580
1561,0.264066,0.114133
1562,0.247246,0.113218
1563,0.253558,0.113672
1564,0.279741,0.113524
1565,0.231983,0.113610
1566,0.253091,0.113087
1567,0.257354,0.113767
1568,0.235380,0.113698
1569,0.255613,0.113941
1570,0.257380,0.114196
1571,0.251644,0.113433
1572,0.272371,0.113417
1573,0.269177,0.113603
1574,0.257987,0.114116
1575,0.285513,0.112973
1576,0.262900,0.113555
1577,0.260650,0.114609
1578,0.271676,0.113462
1579,0.246906,0.113520
1580,0.254431,0.113273
1581,0.273413,0.114396
1582,0.254185,0.113741
1583,0.259976,0.112681
1584,0.288475,0.113566
1585,0.259925,0.113815
1586,0.252077,0.113803
1587,0.278814,0.113812
1588,0.259467,0.113604
1589,0.247713,0.113337
1590,0.259881,0.113350
1591,0.236084,0.113603
1592,0.259232,0.112890
1593,0.253582,0.113674
1594,0.260892,0.113928
1595,0.276470,0.114315
1596,0.240755,0.113561
1597,0.241552,0.113419
1598,0.252857,0.114273
1599,0.273513,0.113411
1600,0.263652,0.113013
1601,0.255729,0.115049
1602,0.255409,0.113280
1603,0.272348,0.113303
1604,0.261548,0.113981
1605,0.264410,0.114071
1606,0.245170,0.114463
1607,0.264908,0.112894
1608,0.259424,0.112964
1609,0.248339,0.113583
1610,0.252919,0.113840
1611,0.270917,0.113586
1612,0.245260,0.113338
1613,0.239323,0.114507
1614,0.275108,0.114379
1615,0.253990,0.113078
1616,0.244215,0.112856
1617,0.236016,0.113933
1618,0.256549,0.113774
1619,0.263119,0.113241
1620,0.243145,0.113708
1621,0.264899,0.113624
1622,0.263724,0.114460
1623,0.254779,0.113787
1624,0.243163,0.113129
1625,0.245619,0.113903
1626,0.247825,0.113611
1627,0.262953,0.114148
1628,0.275436,0.113765
1629,0.264009,0.113145
1630,0.235739,0.113298
1631,0.250041,0.114085
1632,0.264309,0.114117
1633,0.246255,0.113668
1634,0.255240,0.114064
1635,0.250496,0.113347
1636,0.255712,0.113318
1637,0.245025,0.113041
1638,0.274361,0.113757
1639,0.250268,0.114145
1640,0.261761,0.114231
1641,0.254384,0.114053
1642,0.265506,0.113501
1643,0.254209,0.113521
1644,0.252864,0.113516
1645,0.251784,0.113182
1646,0.240265,0.113296
1647,0.245187,0.113743
1648,0.255477,0.114087
1649,0.237102,0.113753
1650,0.241013,0.113515
1651,0.239544,0.115320
1652,0.249746,0.113063
1653,0.247043,0.113051
1654,0.243663,0.114117
1655,0.238860,0.113622
1656,0.242051,0.114105
1657,0.255912,0.113448
1658,0.247307,0.112817
1659,0.245958,0.114025
1660,0.259350,0.113997
1661,0.248755,0.113614
1662,0.259152,0.113169
1663,0.262439,0.114524
1664,0.251685,0.114213
1665,0.238166,0.113542
1666,0.238687,0.113046
1667,0.252771,0.112579
1668,0.236877,0.113730
1669,0.240988,0.113593
1670,0.248404,0.113700
1671,0.248494,0.113991
1672,0.242693,0.114005
1673,0.254405,0.113883
1674,0.251060,0.113539
1675,0.246721,0.112883
1676,0.243636,0.112679
1677,0.237803,0.113444
1678,0.248754,0.113411
1679,0.259537,0.113941
1680,0.252211,0.114345
1681,0.242026,0.113926
1682,0.255007,0.113798
1683,0.241375,0.112790
1684,0.241396,0.113129
1685,0.253225,0.113111
1686,0.251076,0.113696
1687,0.265804,0.113880
1688,0.243899,0.113932
1689,0.239267,0.113952
1690,0.250351,0.113994
1691,0.270611,0.113653
1692,0.242179,0.112943
1693,0.242864,0.112912
1694,0.244147,0.113192
1695,0.241740,0.113672
1696,0.245383,0.114082
1697,0.249860,0.113477
1698,0.256795,0.114218
1699,0.248573,0.114188
1700,0.247123,0.114484
1701,0.251512,0.114174
1702,0.257058,0.113442
1703,0.255460,0.113661
1704,0.234677,0.113709
1705,0.255615,0.113771
1706,0.257827,0.114516
1707,0.237406,0.113196
1708,0.235671,0.112381
1709,0.244033,0.114079
1710,0.249633,0.113808
1711,0.235612,0.113437
1712,0.275024,0.113382
1713,0.263363,0.114095
1714,0.244981,0.114193
1715,0.257632,0.113690
1716,0.286431,0.113215
1717,0.248715,0.113919
1718,0.251701,0.113622
1719,0.278503,0.113100
1720,0.241870,0.113838
1721,0.260156,0.113350
1722,0.268389,0.114005
1723,0.245843,0.114493
1724,0.273698,0.113665
1725,0.262312,0.112818
1726,0.253200,0.113501
1727,0.262086,0.113642
1728,0.262157,0.113905
1729,0.259315,0.113331
1730,0.270648,0.113796
1731,0.243799,0.114552
1732,0.260792,0.113770
1733,0.266390,0.112605
1734,0.246258,0.113811
1735,0.247773,0.113106
1736,0.256072,0.113281
1737,0.250841,0.114110
1738,0.244693,0.114402
1739,0.253750,0.113709
1740,0.256036,0.113472
1741,0.258295,0.113941
1742,0.268151,0.112913
1743,0.256774,0.112789
1744,0.250644,0.113602
1745,0.247377,0.114524
1746,0.250292,0.113971
1747,0.238875,0.113575
1748,0.246978,0.114390
1749,0.252359,0.113040
1750,0.247413,0.112679
1751,0.251003,0.114741
1752,0.254234,0.113011
1753,0.245725,0.113941
1754,0.254725,0.114568
1755,0.259725,0.113901
1756,0.250676,0.113941
1757,0.249149,0.113028
1758,0.261087,0.112769
1759,0.235721,0.113161
1760,0.245632,0.113549
1761,0.259003,0.113941
1762,0.236357,0.114142
1763,0.245458,0.115069
1764,0.235979,0.114050
1765,0.245201,0.113088
1766,0.259658,0.112308
1767,0.232637,0.113304
1768,0.247918,0.113991
1769,0.249076,0.113574
1770,0.247698,0.114137
1771,0.245079,0.114082
1772,0.242908,0.114555
1773,0.241316,0.113330
1774,0.237889,0.112811
1775,0.245433,0.112739
1776,0.235688,0.113278
1777,0.244623,0.114160
1778,0.255985,0.113620
1779,0.241932,0.114012
1780,0.251677,0.113970
1781,0.255098,0.114098
1782,0.236003,0.113973
1783,0.232826,0.112529
1784,0.251818,0.113367
1785,0.248853,0.113308
1786,0.234506,0.113804
1787,0.263179,0.112961
1788,0.253393,0.114018
1789,0.258400,0.114499
1790,0.247077,0.114128
1791,0.248229,0.113955
1792,0.240795,0.113167
1793,0.244230,0.112867
1794,0.230815,0.112604
1795,0.238251,0.113247
1796,0.233307,0.113709
1797,0.241454,0.113976
1798,0.241987,0.115036
1799,0.254724,0.114200
1800,0.244955,0.113999
1801,0.251322,0.114147
1802,0.242761,0.113264
1803,0.250346,0.112544
1804,0.240853,0.113548
1805,0.232899,0.113831
1806,0.241336,0.113967
1807,0.262963,0.113848
1808,0.242456,0.113452
1809,0.238450,0.113692
1810,0.245159,0.113499
1811,0.249927,0.113123
1812,0.236701,0.112779
1813,0.243939,0.113945
1814,0.257787,0.113757
1815,0.237314,0.114272
1816,0.245871,0.114459
1817,0.265723,0.114206
1818,0.254673,0.114236
1819,0.264002,0.113705
1820,0.252272,0.113408
1821,0.244318,0.113075
1822,0.261833,0.113927
1823,0.252667,0.113600
1824,0.271571,0.114016
1825,0.258696,0.113721
1826,0.234184,0.113895
1827,0.229704,0.113993
1828,0.259862,0.113536
1829,0.256435,0.112365
1830,0.243212,0.113246
1831,0.257813,0.113736
1832,0.249056,0.113757
1833,0.245743,0.114034
1834,0.247542,0.114266
1835,0.255006,0.113745
1836,0.244875,0.114050
1837,0.249612,0.113277
1838,0.266003,0.113117
1839,0.238881,0.113505
1840,0.232685,0.113554
1841,0.265256,0.113530
1842,0.259038,0.113561
1843,0.252913,0.113708
1844,0.244913,0.113710
1845,0.242180,0.113403
1846,0.246380,0.112621
1847,0.244652,0.112834
1848,0.258696,0.113487
1849,0.239036,0.113818
1850,0.236465,0.113521
1851,0.260556,0.115160
1852,0.250999,0.113618
1853,0.252551,0.113929
1854,0.237198,0.113239
1855,0.238778,0.112806
1856,0.236987,0.114240
1857,0.239663,0.113144
1858,0.238023,0.113371
1859,0.248966,0.114416
1860,0.250224,0.114427
1861,0.258584,0.113407
1862,0.246737,0.113105
1863,0.250214,0.113195
1864,0.244502,0.112982
1865,0.243673,0.113008
1866,0.244363,0.113353
1867,0.260489,0.114815
1868,0.248211,0.114844
1869,0.233195,0.113226
1870,0.245554,0.113173
1871,0.245171,0.113091
1872,0.247192,0.113052
1873,0.243594,0.113096
1874,0.245370,0.113696
1875,0.244488,0.113899
1876,0.241272,0.114425
1877,0.239743,0.114892
1878,0.250157,0.113465
1879,0.242573,0.112513
1880,0.264203,0.112874
1881,0.253375,0.113840
1882,0.247285,0.113316
1883,0.243772,0.113036
1884,0.253024,0.114933
1885,0.251129,0.114647
1886,0.234830,0.114046
1887,0.242611,0.113200
1888,0.246559,0.113561
1889,0.257391,0.113567
1890,0.249049,0.112450
1891,0.233838,0.113045
1892,0.235124,0.113781
1893,0.235946,0.114266
1894,0.256218,0.114303
1895,0.233045,0.113868
1896,0.242976,0.113031
1897,0.258259,0.112676
1898,0.245638,0.113262
1899,0.253802,0.112799
1900,0.270252,0.113291
1901,0.258884,0.115033
1902,0.246533,0.113203
1903,0.250556,0.112873
1904,0.243531,0.112935
1905,0.254903,0.113047
1906,0.266188,0.113589
1907,0.244031,0.113165
1908,0.244764,0.114189
1909,0.268440,0.114410
1910,0.255149,0.114349
1911,0.251357,0.113323
1912,0.242551,0.113271
1913,0.251055,0.113427
1914,0.241742,0.112912
1915,0.245090,0.112645
1916,0.238090,0.113518
1917,0.251880,0.114520
1918,0.237449,0.114689
1919,0.244001,0.113778
1920,0.245953,0.114195
1921,0.267469,0.113198
1922,0.246583,0.113246
1923,0.266685,0.112590
1924,0.245127,0.113291
1925,0.256498,0.113633
1926,0.246303,0.114592
1927,0.253383,0.114882
1928,0.267882,0.114058
1929,0.250337,0.113513
1930,0.268508,0.112824
1931,0.242036,0.112667
1932,0.248701,0.112556
1933,0.244588,0.113127
1934,0.269663,0.114295
1935,0.261499,0.114692
1936,0.241637,0.114181
1937,0.261854,0.113914
1938,0.243609,0.113468
1939,0.254631,0.113013
1940,0.260961,0.113132
1941,0.245776,0.112863
1942,0.243912,0.113174
1943,0.271281,0.113770
1944,0.244363,0.114064
1945,0.269298,0.113876
1946,0.255172,0.113307
1947,0.233011,0.113671
1948,0.241822,0.113846
1949,0.253626,0.113262
1950,0.251389,0.113285
1951,0.259533,0.115089
1952,0.239732,0.114147
1953,0.246640,0.113491
1954,0.240886,0.113325
1955,0.265732,0.112735
1956,0.246592,0.113226
1957,0.242123,0.112732
1958,0.271908,0.113672
1959,0.241542,0.115267
1960,0.235486,0.114239
1961,0.252168,0.114097
1962,0.251647,0.113458
1963,0.253830,0.112770
1964,0.236948,0.112444
1965,0.239116,0.112713
1966,0.268479,0.113806
1967,0.254800,0.113642
1968,0.238084,0.114008
1969,0.245774,0.113647
1970,0.255382,0.114126
1971,0.245262,0.113235
1972,0.270006,0.113441
1973,0.268410,0.113948
1974,0.234378,0.113245
1975,0.259590,0.113091
1976,0.261510,0.113421
1977,0.262967,0.113877
1978,0.245474,0.114178
1979,0.265631,0.113904
1980,0.240915,0.113827
1981,0.260625,0.113357
1982,0.256268,0.113642
1983,0.238119,0.113265
1984,0.242138,0.113615
1985,0.254745,0.113243
1986,0.256432,0.114351
1987,0.246362,0.114211
1988,0.238951,0.113958
1989,0.265513,0.113157
1990,0.252990,0.113440
1991,0.238657,0.113276
1992,0.238613,0.112864
1993,0.241249,0.113347
1994,0.241925,0.114608
1995,0.236527,0.114062
1996,0.243432,0.114031
1997,0.242711,0.113364
1998,0.247827,0.113424
1999,0.238713,0.112856
2000,0.238453,0.113373
2001,0.241727,0.114718
2002,0.268940,0.114026
2003,0.232649,0.114592
2004,0.237763,0.114337
2005,0.246852,0.114099
2006,0.254640,0.113853
2007,0.238305,0.113111
2008,0.252753,0.112382
2009,0.248654,0.113502
2010,0.235895,0.114444
2011,0.258125,0.113426
2012,0.242349,0.113729
2013,0.241549,0.113419
2014,0.264075,0.113748
2015,0.242626,0.112761
2016,0.259887,0.113114
2017,0.241684,0.114013
2018,0.249419,0.114212
2019,0.245899,0.113380
2020,0.247937,0.114094
2021,0.242651,0.113333
2022,0.252084,0.113003
2023,0.246603,0.113728
2024,0.243591,0.114065
2025,0.246902,0.113134
2026,0.257266,0.113708
2027,0.241420,0.114095
2028,0.242105,0.113557
2029,0.254541,0.113397
2030,0.240245,0.113073
2031,0.231517,0.113908
2032,0.264641,0.113312
2033,0.264999,0.114007
2034,0.256625,0.113437
2035,0.252310,0.114058
2036,0.244261,0.113718
2037,0.236410,0.114063
2038,0.233737,0.114261
2039,0.267062,0.113464
2040,0.238591,0.113466
2041,0.237332,0.113452
2042,0.254854,0.113141
2043,0.244884,0.112841
2044,0.241728,0.114128
2045,0.237898,0.114425
2046,0.252857,0.113507
2047,0.251598,0.113384
2048,0.291440,0.113565
2049,0.257089,0.113427
2050,0.238841,0.112865
2051,0.246380,0.115145
2052,0.244393,0.114002
2053,0.239546,0.113916
2054,0.232052,0.113447
2055,0.251333,0.113671
2056,0.232757,0.113591
2057,0.248048,0.112681
2058,0.245756,0.112729
2059,0.241345,0.113472
2060,0.240001,0.114085
2061,0.225260,0.113302
2062,0.240143,0.114572
2063,0.252692,0.114352
2064,0.248288,0.113998
2065,0.248533,0.113068
2066,0.235172,0.112849
2067,0.251122,0.113042
2068,0.246962,0.113573
2069,0.254165,0.113722
2070,0.236787,0.114171
2071,0.239361,0.114690
2072,0.252354,0.113910
2073,0.265952,0.113360
2074,0.252895,0.112929
2075,0.245142,0.112466
2076,0.255724,0.113068
2077,0.249581,0.113699
2078,0.245069,0.115123
2079,0.257024,0.114043
2080,0.269982,0.113973
2081,0.240412,0.113697
2082,0.240344,0.112867
2083,0.248045,0.112786
2084,0.252135,0.113071
2085,0.251144,0.113624
2086,0.240505,0.114112
2087,0.240580,0.114197
2088,0.254290,0.114252
2089,0.238377,0.113226
2090,0.251076,0.113787
2091,0.243811,0.113086
2092,0.239659,0.113416
2093,0.245624,0.113275
2094,0.242458,0.113745
2095,0.240409,0.113973
2096,0.236140,0.114217
2097,0.243371,0.113983
2098,0.255297,0.113650
2099,0.241806,0.112892
2100,0.253722,0.113040
2101,0.251515,0.115221
2102,0.241174,0.114479
2103,0.234451,0.114075
2104,0.235489,0.114068
2105,0.236709,0.114140
2106,0.246646,0.113406
2107,0.239283,0.112746
2108,0.248924,0.112673
2109,0.258148,0.113971
2110,0.237050,0.114283
2111,0.248636,0.113651
2112,0.248103,0.114739
2113,0.244409,0.114124
2114,0.244180,0.113791
2115,0.241786,0.112930
2116,0.259030,0.112857
2117,0.246662,0.113004
2118,0.230551,0.113869
2119,0.256753,0.114563
2120,0.255713,0.113654
2121,0.246095,0.114097
2122,0.256816,0.113962
2123,0.265105,0.113933
2124,0.244973,0.113368
2125,0.239887,0.112336
2126,0.242801,0.113953
2127,0.241209,0.113370
2128,0.231902,0.113604
2129,0.246689,0.113631
2130,0.241318,0.114483
2131,0.254448,0.113470
2132,0.255839,0.113431
2133,0.246800,0.113302
2134,0.238106,0.113082
2135,0.233389,0.112527
2136,0.237956,0.113823
2137,0.236729,0.114198
2138,0.242120,0.113918
2139,0.260560,0.113340
2140,0.251455,0.114115
2141,0.261241,0.114062
2142,0.255414,0.113306
2143,0.243232,0.112860
2144,0.255475,0.113885
2145,0.251076,0.113644
2146,0.241195,0.113899
2147,0.246863,0.113821
2148,0.248598,0.113333
2149,0.246077,0.113278
2150,0.240182,0.113834
2151,0.238884,0.114555
2152,0.242286,0.113478
2153,0.256569,0.114224
2154,0.239202,0.113553
2155,0.243091,0.113465
2156,0.246281,0.113104
2157,0.263360,0.113432
2158,0.255218,0.112595
2159,0.246231,0.114165
2160,0.253133,0.114551
2161,0.253819,0.113678
2162,0.247524,0.114009
2163,0.256554,0.114178
2164,0.281465,0.113446
2165,0.256128,0.112500
2166,0.247085,0.113446
2167,0.263648,0.113898
2168,0.241489,0.113801
2169,0.246881,0.113830
2170,0.244221,0.113876
2171,0.243214,0.114384
2172,0.243939,0.113542
2173,0.231225,0.112941
2174,0.243428,0.113906
2175,0.243346,0.113017
2176,0.241833,0.113716
2177,0.239821,0.113687
2178,0.240978,0.113627
2179,0.258348,0.113670
2180,0.240663,0.114136
2181,0.240899,0.114624
2182,0.252187,0.112909
2183,0.244008,0.113489
2184,0.238357,0.113450
2185,0.253683,0.113667
2186,0.257305,0.113104
2187,0.247430,0.114189
2188,0.232170,0.114872
2189,0.233433,0.114073
2190,0.242225,0.113499
2191,0.254379,0.113043
2192,0.258837,0.112998
2193,0.244923,0.112437
2194,0.238443,0.114251
2195,0.252340,0.114371
2196,0.247572,0.114741
2197,0.247068,0.113739
2198,0.253322,0.113818
2199,0.245095,0.113102
2200,0.253416,0.112559
2201,0.241944,0.115106
2202,0.267460,0.113879
2203,0.241821,0.114141
2204,0.237885,0.113469
2205,0.264489,0.114673
2206,0.225353,0.113896
2207,0.249675,0.112999
2208,0.268498,0.113259
2209,0.264728,0.112983
2210,0.244827,0.113533
2211,0.276078,0.113472
2212,0.253589,0.114501
2213,0.237694,0.114317
2214,0.247194,0.114109
2215,0.255811,0.113965
2216,0.250174,0.113429
2217,0.256991,0.112647
2218,0.231571,0.112050
2219,0.256307,0.113583
2220,0.259115,0.113913
2221,0.247789,0.113915
2222,0.254280,0.114540
2223,0.268140,0.114327
2224,0.265759,0.113879
2225,0.241841,0.112442
2226,0.231474,0.112730
2227,0.257817,0.112687
2228,0.259610,0.113045
2229,0.238535,0.114044
2230,0.246165,0.114160
2231,0.248528,0.114260
2232,0.245627,0.113615
2233,0.252010,0.113711
2234,0.234450,0.113180
2235,0.244457,0.112632
2236,0.245233,0.112776
2237,0.230674,0.113543
2238,0.236020,0.114159
2239,0.238952,0.113697
2240,0.256054,0.114429
2241,0.248734,0.113936
2242,0.247476,0.113257
2243,0.232793,0.113271
2244,0.242105,0.112578
2245,0.240137,0.113489
2246,0.243229,0.113446
2247,0.228818,0.114701
2248,0.243481,0.114419
2249,0.236716,0.113879
2250,0.244890,0.114006
2251,0.237761,0.113951
2252,0.246423,0.113437
2253,0.244480,0.113261
2254,0.247129,0.114197
2255,0.237039,0.115241
2256,0.248896,0.113930
2257,0.236342,0.113287
2258,0.255366,0.112673
2259,0.240459,0.113438
2260,0.259146,0.113557
2261,0.242335,0.113009
2262,0.244172,0.113822
2263,0.244350,0.114526
2264,0.245924,0.114456
2265,0.244196,0.113490
2266,0.248861,0.113625
2267,0.245579,0.113212
2268,0.244572,0.113383
2269,0.258214,0.113610
2270,0.233455,0.113717
2271,0.225715,0.113648
2272,0.246699,0.114456
2273,0.243942,0.114375
2274,0.251685,0.112998
2275,0.242017,0.112640
2276,0.243348,0.113648
2277,0.248708,0.113408
2278,0.244153,0.113089
2279,0.242527,0.113441
2280,0.243626,0.114610
2281,0.258666,0.114514
2282,0.255202,0.113554
2283,0.239528,0.113100
2284,0.244584,0.112854
2285,0.260228,0.112546
2286,0.239463,0.113471
2287,0.255022,0.114089
2288,0.249465,0.113900
2289,0.257028,0.114227
2290,0.251602,0.114587
2291,0.260101,0.113470
2292,0.243086,0.112657
2293,0.240836,0.112531
2294,0.277012,0.113296
2295,0.256188,0.113177
2296,0.241911,0.113447
2297,0.236418,0.114607
2298,0.240178,0.114237
2299,0.242359,0.113684
2300,0.239568,0.113500
2301,0.240352,0.114061
2302,0.257852,0.113110
2303,0.243396,0.113799
2304,0.241628,0.114025
2305,0.253774,0.114344
2306,0.246567,0.114827
2307,0.241493,0.113459
2308,0.243871,0.112382
2309,0.232558,0.113411
2310,0.255490,0.114716
2311,0.264172,0.112487
2312,0.268079,0.114087
2313,0.253985,0.114264
2314,0.255414,0.114753
2315,0.238852,0.113796
2316,0.253727,0.113106
2317,0.242977,0.114465
2318,0.240153,0.113627
2319,0.241134,0.113066
2320,0.255519,0.113100
2321,0.251833,0.113523
2322,0.246718,0.113858
2323,0.270878,0.114288
2324,0.244777,0.113934
2325,0.243710,0.113631
2326,0.244051,0.114017
2327,0.250220,0.113515
2328,0.235976,0.113200
2329,0.266123,0.112424
2330,0.249223,0.113641
2331,0.240134,0.114769
2332,0.249958,0.113714
2333,0.260284,0.113409
2334,0.242839,0.113551
2335,0.239947,0.113488
2336,0.257307,0.112655
2337,0.260486,0.113074
2338,0.242102,0.113986
2339,0.248448,0.114102
2340,0.260009,0.114153
2341,0.253907,0.113688
2342,0.241674,0.113874
2343,0.242790,0.113412
2344,0.238741,0.113216
2345,0.249023,0.113620
2346,0.250666,0.113141
2347,0.256028,0.113604
2348,0.249645,0.114302
2349,0.244687,0.113673
2350,0.241100,0.113268
2351,0.259337,0.114691
2352,0.234421,0.113545
2353,0.244018,0.113193
2354,0.245216,0.113439
2355,0.256344,0.114648
2356,0.248645,0.114043
2357,0.261802,0.112908
2358,0.243830,0.112966
2359,0.240317,0.113720
2360,0.241890,0.113936
2361,0.241471,0.112693
2362,0.237415,0.113366
2363,0.250006,0.114105
2364,0.242361,0.114571
2365,0.245243,0.113448
2366,0.235463,0.113252
2367,0.257694,0.113249
2368,0.247772,0.113179
2369,0.252956,0.114044
2370,0.254749,0.113356
2371,0.244213,0.113252
2372,0.243410,0.114696
2373,0.253751,0.114153
2374,0.246398,0.113768
2375,0.237046,0.112642
2376,0.257297,0.113855
2377,0.245022,0.113499
2378,0.244612,0.113372
2379,0.243308,0.113228
2380,0.239822,0.113440
2381,0.238409,0.114208
2382,0.245606,0.113493
2383,0.242464,0.113821
2384,0.253489,0.113708
2385,0.234655,0.113187
2386,0.246072,0.113579
2387,0.249554,0.113387
2388,0.241529,0.113089
2389,0.240630,0.112973
2390,0.258298,0.114125
2391,0.241767,0.113971
2392,0.241240,0.113760
2393,0.239719,0.113930
2394,0.237897,0.113371
2395,0.237806,0.113453
2396,0.249728,0.113284
2397,0.255569,0.113472
2398,0.227133,0.114132
2399,0.258915,0.113837
2400,0.260786,0.113817
2401,0.255863,0.114936
2402,0.241576,0.113891
2403,0.237044,0.112980
2404,0.242715,0.113349
2405,0.246691,0.114441
2406,0.257181,0.113595
2407,0.253512,0.113138
2408,0.248893,0.113096
2409,0.254483,0.114233
2410,0.285488,0.114083
2411,0.254401,0.113352
2412,0.241093,0.114002
2413,0.251597,0.113576
2414,0.253863,0.113789
2415,0.248405,0.113386
2416,0.258877,0.113780
2417,0.240896,0.113523
2418,0.239997,0.114106
2419,0.238519,0.113925
2420,0.241097,0.113158
2421,0.239265,0.113328
2422,0.241110,0.113946
2423,0.240018,0.114064
2424,0.260655,0.113174
2425,0.242683,0.113234
2426,0.245890,0.114568
2427,0.239410,0.113605
2428,0.246279,0.113600
2429,0.241591,0.113497
2430,0.247502,0.114558
2431,0.247315,0.113982
2432,0.252188,0.112929
2433,0.240054,0.113407
2434,0.253111,0.113426
2435,0.252565,0.113610
2436,0.240512,0.113783
2437,0.252989,0.113423
2438,0.244258,0.113714
2439,0.246404,0.113955
2440,0.251509,0.114329
2441,0.246673,0.113617
2442,0.240475,0.112995
2443,0.242850,0.113040
2444,0.239868,0.113818
2445,0.243468,0.113443
2446,0.261848,0.113568
2447,0.244618,0.114355
2448,0.243531,0.114229
2449,0.257543,0.114160
2450,0.252878,0.112916
2451,0.240176,0.114423
2452,0.241398,0.113405
2453,0.236867,0.113831
2454,0.236852,0.113806
2455,0.248131,0.113998
2456,0.235654,0.114117
2457,0.239894,0.113145
2458,0.229741,0.112360
2459,0.232702,0.113781
2460,0.233522,0.114455
2461,0.249708,0.113213
2462,0.244259,0.113613
2463,0.261050,0.114057
2464,0.253706,0.113522
2465,0.253333,0.113234
2466,0.248205,0.113220
2467,0.244351,0.114409
2468,0.632726,0.114139
2469,0.236533,0.113702
2470,0.243063,0.113592
2471,0.258929,0.114167
2472,0.279403,0.113347
2473,0.249151,0.113434
2474,0.245508,0.113414
2475,0.257017,0.113396
2476,0.240305,0.113755
2477,0.254956,0.113610
2478,0.256663,0.113606
2479,0.242486,0.112996
2480,0.245686,0.114006
2481,0.263376,0.114013
2482,0.253086,0.113522
2483,0.239408,0.113331
2484,0.244822,0.113548
2485,0.252053,0.113644
2486,0.248353,0.113290
2487,0.255688,0.113352
2488,0.243838,0.114217
2489,0.245539,0.114509
2490,0.232511,0.113513
2491,0.246541,0.113316
2492,0.235599,0.113611
2493,0.253492,0.113467
2494,0.241915,0.114010
2495,0.238541,0.113988
2496,0.240909,0.114191
2497,0.249882,0.114160
2498,0.251838,0.113572
2499,0.248673,0.113438
2500,0.241486,0.112636
2501,0.243182,0.115343
2502,0.238964,0.114047
2503,0.255720,0.113642
2504,0.267314,0.113423
2505,0.244060,0.113886
2506,0.259041,0.113667
2507,0.252651,0.112564
2508,0.265421,0.113458
2509,0.265633,0.114998
2510,0.278400,0.113830
2511,0.253240,0.113619
2512,0.277167,0.114163
2513,0.243648,0.114375
2514,0.248709,0.113636
2515,0.250738,0.113306
2516,0.261816,0.113730
2517,0.259129,0.113809
2518,0.246944,0.113759
2519,0.251070,0.114471
2520,0.255742,0.113661
2521,0.251330,0.114282
2522,0.260138,0.113869
2523,0.252696,0.113533
2524,0.237856,0.113119
2525,0.235793,0.112547
2526,0.234894,0.113939
2527,0.252507,0.113883
2528,0.230891,0.113887
2529,0.257777,0.113673
2530,0.241799,0.114853
2531,0.244930,0.113051
2532,0.261766,0.113038
2533,0.238088,0.112947
2534,0.249476,0.113220
2535,0.247497,0.113641
2536,0.246936,0.114206
2537,0.236482,0.113757
2538,0.246469,0.114181
2539,0.250153,0.113270
2540,0.236026,0.113579
2541,0.254394,0.114500
2542,0.241627,0.113029
2543,0.242261,0.112852
2544,0.252206,0.114346
2545,0.254150,0.113581
2546,0.249607,0.113763
2547,0.249601,0.113712
2548,0.259643,0.114263
2549,0.254233,0.113509
2550,0.247259,0.113689
2551,0.237611,0.114781
2552,0.236635,0.113630
2553,0.235789,0.113812
2554,0.243892,0.113987
2555,0.242394,0.112907
2556,0.241958,0.113592
2557,0.253808,0.114383
2558,0.249752,0.112898
2559,0.233032,0.114214
2560,0.252251,0.114147
2561,0.266638,0.113387
2562,0.243945,0.113237
2563,0.253160,0.113938
2564,0.250273,0.114275
2565,0.261719,0.113120
2566,0.253680,0.113463
2567,0.242807,0.113541
2568,0.241495,0.114645
2569,0.271830,0.113369
2570,0.271989,0.113580
2571,0.274658,0.114436
2572,0.243490,0.114311
2573,0.241043,0.113612
2574,0.253541,0.113190
2575,0.261250,0.112836
2576,0.248392,0.113137
2577,0.241142,0.113888
2578,0.244895,0.114169
2579,0.258714,0.113296
2580,0.250730,0.113995
2581,0.239042,0.114260
2582,0.245340,0.113199
2583,0.238721,0.112334
2584,0.245004,0.113344
2585,0.246446,0.114216
2586,0.253028,0.113805
2587,0.257023,0.113709
2588,0.257037,0.113686
2589,0.253875,0.114604
2590,0.250390,0.113515
2591,0.241515,0.113138
2592,0.248526,0.114458
2593,0.263852,0.113455
2594,0.269009,0.113733
2595,0.264477,0.113754
2596,0.257440,0.113540
2597,0.259152,0.113335
2598,0.259331,0.113950
2599,0.252237,0.113754
2600,0.243866,0.114072
2601,0.244498,0.114493
2602,0.248711,0.114094
2603,0.236618,0.113791
2604,0.247043,0.113658
2605,0.257386,0.113804
2606,0.228477,0.113601
2607,0.244248,0.112986
2608,0.249123,0.112252
2609,0.233865,0.114011
2610,0.245669,0.113858
2611,0.243981,0.114037
2612,0.256104,0.114017
2613,0.246723,0.113971
2614,0.248936,0.113559
2615,0.247584,0.112921
2616,0.242189,0.113224
2617,0.251429,0.113317
2618,0.247706,0.113218
2619,0.240921,0.114006
2620,0.251325,0.113789
2621,0.267544,0.113719
2622,0.237113,0.113134
2623,0.236634,0.113863
2624,0.244820,0.113458
2625,0.246187,0.113181
2626,0.246686,0.113662
2627,0.253702,0.113651
2628,0.252685,0.113780
2629,0.262901,0.113466
2630,0.241342,0.113913
2631,0.251167,0.113834
2632,0.257899,0.113629
2633,0.248697,0.113105
2634,0.255839,0.113183
2635,0.257072,0.113482
2636,0.246143,0.113298
2637,0.235725,0.113875
2638,0.240619,0.114156
2639,0.261041,0.113567
2640,0.243960,0.113872
2641,0.247491,0.113452
2642,0.258798,0.113141
2643,0.244971,0.112845
2644,0.231669,0.113435
2645,0.254009,0.114251
2646,0.249710,0.114658
2647,0.239101,0.113516
2648,0.244673,0.113613
2649,0.261144,0.113413
2650,0.228702,0.112859
2651,0.246666,0.114173
2652,0.238253,0.114541
2653,0.252489,0.114619
2654,0.246284,0.113577
2655,0.240674,0.113680
2656,0.232040,0.114642
2657,0.243369,0.113108
2658,0.254057,0.112827
2659,0.233435,0.112980
2660,0.240965,0.113866
2661,0.251072,0.114063
2662,0.250243,0.114655
2663,0.258925,0.114108
2664,0.249250,0.114293
2665,0.244433,0.113536
2666,0.253099,0.113294
2667,0.246768,0.113017
2668,0.240432,0.113518
2669,0.247693,0.113328
2670,0.264402,0.114530
2671,0.265707,0.114080
2672,0.240823,0.113672
2673,0.265568,0.114218
2674,0.262598,0.113502
2675,0.248370,0.113442
2676,0.243612,0.112950
2677,0.250327,0.113529
2678,0.242065,0.113989
2679,0.250809,0.114056
2680,0.239592,0.114771
2681,0.269747,0.113641
2682,0.253041,0.113881
2683,0.235445,0.113487
2684,0.252298,0.113910
2685,0.251940,0.112984
2686,0.244320,0.113317
2687,0.255877,0.113882
2688,0.255168,0.114408
2689,0.255912,0.114102
2690,0.244414,0.113265
2691,0.251426,0.113792
2692,0.268561,0.113887
2693,0.242176,0.113158
2694,0.264595,0.113514
2695,0.254610,0.113824
2696,0.263013,0.114662
2697,0.249956,0.113793
2698,0.266411,0.114067
2699,0.243597,0.113339
2700,0.246293,0.113461
2701,0.248570,0.114274
2702,0.238194,0.113251
2703,0.249890,0.113663
2704,0.249062,0.114290
2705,0.240714,0.113264
2706,0.239093,0.114340
2707,0.258375,0.113819
2708,0.258850,0.113293
2709,0.253853,0.113686
2710,0.239170,0.113554
2711,0.259563,0.113656
2712,0.233927,0.113762
2713,0.265712,0.113707
2714,0.261821,0.113933
2715,0.242917,0.113769
2716,0.242026,0.113715
2717,0.255941,0.113425
2718,0.233727,0.113370
2719,0.258208,0.112517
2720,0.238764,0.113951
2721,0.246064,0.114384
2722,0.249123,0.113540
2723,0.240759,0.113396
2724,0.227429,0.113837
2725,0.254836,0.113688
2726,0.267493,0.113327
2727,0.250227,0.113471
2728,0.245920,0.114026
2729,0.245943,0.114114
2730,0.251546,0.113909
2731,0.240308,0.113314
2732,0.252921,0.113471
2733,0.243242,0.112443
2734,0.254335,0.113472
2735,0.243629,0.114860
2736,0.251329,0.113447
2737,0.249998,0.113574
2738,0.256704,0.113917
2739,0.244730,0.113363
2740,0.250896,0.112440
2741,0.240804,0.113248
2742,0.248253,0.114181
2743,0.258758,0.113885
2744,0.245291,0.113944
2745,0.260474,0.113475
2746,0.248047,0.114230
2747,0.239420,0.113370
2748,0.244074,0.113047
2749,0.249651,0.114152
2750,0.250068,0.112919
2751,0.242651,0.114226
2752,0.250569,0.113906
2753,0.245563,0.113734
2754,0.248118,0.113646
2755,0.230466,0.113638
2756,0.251437,0.113580
2757,0.243972,0.113665
2758,0.243689,0.113043
2759,0.239316,0.114452
2760,0.247862,0.114300
2761,0.235926,0.113577
2762,0.246998,0.114657
2763,0.256603,0.113665
2764,0.243391,0.112816
2765,0.249823,0.111909
2766,0.234332,0.113938
2767,0.246074,0.114164
2768,0.238720,0.114257
2769,0.257793,0.114104
2770,0.246801,0.113763
2771,0.256931,0.113678
2772,0.262291,0.113357
2773,0.256869,0.113358
2774,0.246096,0.113549
2775,0.248743,0.113651
2776,0.242100,0.114487
2777,0.261997,0.114127
2778,0.264058,0.113141
2779,0.256831,0.112723
2780,0.243311,0.113830
2781,0.243496,0.113686
2782,0.249615,0.113050
2783,0.263232,0.113416
2784,0.244992,0.114554
2785,0.245063,0.113879
2786,0.246676,0.113722
2787,0.241696,0.113840
2788,0.244454,0.113658
2789,0.238664,0.112845
2790,0.238864,0.113769
2791,0.238166,0.113740
2792,0.251375,0.113808
2793,0.245400,0.113590
2794,0.251582,0.114172
2795,0.254036,0.114048
2796,0.246803,0.113323
2797,0.259786,0.113024
2798,0.255463,0.114169
2799,0.280344,0.113524
2800,0.258819,0.113823
2801,0.249108,0.114903
2802,0.248591,0.113069
2803,0.274212,0.113683
2804,0.241973,0.113748
2805,0.253636,0.113802
2806,0.247532,0.113543
2807,0.241434,0.113232
2808,0.246740,0.113640
2809,0.260659,0.113806
2810,0.240767,0.113807
2811,0.264553,0.113538
2812,0.246241,0.113786
2813,0.251134,0.113877
2814,0.247558,0.113640
2815,0.246259,0.114057
2816,0.235952,0.113065
2817,0.266638,0.114185
2818,0.242099,0.114287
2819,0.259100,0.113619
2820,0.251675,0.113578
2821,0.253902,0.113583
2822,0.239738,0.113460
2823,0.256095,0.113079
2824,0.251970,0.113165
2825,0.258092,0.113818
2826,0.251567,0.113756
2827,0.243593,0.113665
2828,0.235181,0.113655
2829,0.231253,0.113903
2830,0.237873,0.113443
2831,0.250372,0.114065
2832,0.251863,0.113804
2833,0.246938,0.113620
2834,0.245066,0.114264
2835,0.242617,0.113218
2836,0.260156,0.113550
2837,0.267252,0.112721
2838,0.247746,0.113982
2839,0.239037,0.113762
2840,0.250979,0.113417
2841,0.248282,0.113754
2842,0.265037,0.114033
2843,0.250605,0.113699
2844,0.259119,0.113235
2845,0.257087,0.114147
2846,0.252328,0.114781
2847,0.233814,0.113442
2848,0.287333,0.113843
2849,0.251571,0.113300
2850,0.255509,0.113172
2851,0.255895,0.115208
2852,0.263120,0.113513
2853,0.254793,0.113871
2854,0.281185,0.114113
2855,0.243144,0.114285
2856,0.279588,0.113213
2857,0.291041,0.113691
2858,0.255022,0.113396
2859,0.247045,0.113102
2860,0.256680,0.113879
2861,0.250019,0.114309
2862,0.253316,0.113899
2863,0.251523,0.113632
2864,0.244824,0.114112
2865,0.254311,0.113371
2866,0.245731,0.113298
2867,0.241364,0.113027
2868,0.245678,0.114208
2869,0.253722,0.114341
2870,0.252731,0.113881
2871,0.248195,0.114256
2872,0.256515,0.113876
2873,0.269196,0.113458
2874,0.251336,0.112943
2875,0.243322,0.113048
2876,0.247552,0.113625
2877,0.254712,0.114069
2878,0.255788,0.114258
2879,0.255149,0.114102
2880,0.251136,0.113719
2881,0.248538,0.112859
2882,0.265974,0.113398
2883,0.253677,0.113792
2884,0.239521,0.113039
2885,0.242870,0.113519
2886,0.248009,0.114179
2887,0.249806,0.114726
2888,0.249692,0.113092
2889,0.235203,0.113999
2890,0.253312,0.113984
2891,0.245686,0.113350
2892,0.246859,0.114017
2893,0.255220,0.114089
2894,0.250718,0.114687
2895,0.248985,0.113765
2896,0.251334,0.114191
2897,0.261266,0.114021
2898,0.252201,0.113397
2899,0.269017,0.113381
2900,0.259112,0.113613
2901,0.256862,0.114805
2902,0.249304,0.113499
2903,0.280121,0.114455
2904,0.254226,0.114035
2905,0.256523,0.112672
2906,0.238945,0.112379
2907,0.251377,0.113729
2908,0.245258,0.113813
2909,0.258779,0.113531
2910,0.251007,0.113893
2911,0.245747,0.114405
2912,0.244581,0.113674
2913,0.254531,0.112941
2914,0.251438,0.113227
2915,0.257535,0.113624
2916,0.254625,0.113593
2917,0.244210,0.114313
2918,0.253644,0.114368
2919,0.247790,0.113706
2920,0.269149,0.113448
2921,0.239729,0.113899
2922,0.252037,0.113531
2923,0.254153,0.112933
2924,0.242506,0.113092
2925,0.237338,0.113856
2926,0.271615,0.113908
2927,0.257695,0.113335
2928,0.237567,0.114188
2929,0.276677,0.114091
2930,0.248027,0.113336
2931,0.260951,0.113087
2932,0.250904,0.113713
2933,0.267996,0.113715
2934,0.266563,0.113421
2935,0.260572,0.114294
2936,0.247463,0.114255
2937,0.253649,0.113582
2938,0.255897,0.113544
2939,0.267624,0.113398
2940,0.257883,0.112814
2941,0.276050,0.112426
2942,0.249825,0.114029
2943,0.253574,0.114098
2944,0.259707,0.114442
2945,0.244018,0.114210
2946,0.261593,0.114046
2947,0.249164,0.112949
2948,0.253079,0.112713
2949,0.250815,0.113201
2950,0.243764,0.113805
2951,0.255054,0.115284
2952,0.254222,0.114359
2953,0.262913,0.113770
2954,0.248250,0.113951
2955,0.248571,0.113069
2956,0.262048,0.112368
2957,0.261401,0.112851
2958,0.266658,0.113739
2959,0.261054,0.114889
2960,0.268023,0.114080
2961,0.264070,0.114915
2962,0.250004,0.114225
2963,0.255141,0.113273
2964,0.263149,0.112482
2965,0.251601,0.113161
2966,0.267454,0.113422
2967,0.248573,0.113591
2968,0.251318,0.114896
2969,0.261503,0.114464
2970,0.269648,0.113933
2971,0.251330,0.112761
2972,0.250024,0.113104
2973,0.246361,0.113629
2974,0.263178,0.112709
2975,0.270348,0.113058
2976,0.257011,0.114171
2977,0.250186,0.114535
2978,0.242865,0.114605
2979,0.255901,0.113905
2980,0.262967,0.113975
2981,0.268096,0.113688
2982,0.249619,0.113035
2983,0.259556,0.112969
2984,0.256644,0.113216
2985,0.259127,0.114112
2986,0.243583,0.114571
2987,0.237558,0.115127
2988,0.250763,0.113350
2989,0.254853,0.113535
2990,0.253650,0.113803
2991,0.255080,0.113195
2992,0.252455,0.112250
2993,0.242309,0.114146
2994,0.248780,0.114567
2995,0.243629,0.114148
2996,0.240996,0.114871
2997,0.241672,0.113544
2998,0.238928,0.113077
2999,0.252023,0.112306
3000,0.239023,0.112913
3001,0.250195,0.115698
3002,0.245240,0.114086
3003,0.244456,0.113758
3004,0.254120,0.114454
3005,0.248513,0.113539
3006,0.238019,0.112540
3007,0.250120,0.113128
3008,0.247080,0.112430
3009,0.246833,0.113818
3010,0.246801,0.114205
3011,0.256394,0.114687
3012,0.244937,0.114591
3013,0.264060,0.113815
3014,0.258297,0.113721
3015,0.254350,0.113459
3016,0.252672,0.112782
3017,0.252418,0.111987
3018,0.243291,0.114715
3019,0.249150,0.115225
3020,0.257160,0.115498
3021,0.244532,0.114744
3022,0.260274,0.115030
3023,0.246227,0.115295
3024,0.263375,0.114875
3025,0.247071,0.112967
3026,0.249568,0.113493
3027,0.257962,0.113909
3028,0.264149,0.114223
3029,0.251164,0.114005
3030,0.258250,0.114253
3031,0.245698,0.113643
3032,0.249346,0.114556
3033,0.259170,0.113459
3034,0.244240,0.112811
3035,0.253185,0.113040
3036,0.244996,0.113390
3037,0.270384,0.114034
3038,0.263423,0.114154
3039,0.247828,0.113984
3040,0.255783,0.113519
3041,0.262025,0.113733
3042,0.279075,0.113177
3043,0.252267,0.112900
3044,0.248937,0.113658
3045,0.248438,0.113683
3046,0.250573,0.114002
3047,0.249331,0.113615
3048,0.251896,0.113749
3049,0.256050,0.113357
3050,0.254451,0.113289
3051,0.253628,0.114196
3052,0.251917,0.113628
3053,0.255153,0.113855
3054,0.267864,0.113743
3055,0.255340,0.114388
3056,0.245619,0.114457
3057,0.254389,0.113631
3058,0.273595,0.112734
3059,0.268913,0.114682
3060,0.249188,0.113659
3061,0.255474,0.113336
3062,0.252102,0.113882
3063,0.253655,0.114387
3064,0.247171,0.113616
3065,0.255567,0.113794
3066,0.252504,0.113408
3067,0.249153,0.113296
3068,0.246626,0.113546
3069,0.260284,0.113601
3070,0.258105,0.114452
3071,0.241196,0.113897
3072,0.255326,0.113758
3073,0.254686,0.114414
3074,0.237249,0.113601
3075,0.265985,0.113036
3076,0.257002,0.113244
3077,0.247053,0.114388
3078,0.244171,0.113745
3079,0.252601,0.113522
3080,0.255385,0.113786
3081,0.249343,0.114195
3082,0.241784,0.113907
3083,0.253050,0.113325
3084,0.251705,0.113891
3085,0.239564,0.113543
3086,0.258251,0.113166
3087,0.244935,0.113279
3088,0.262251,0.113832
3089,0.238022,0.114260
3090,0.250784,0.114177
3091,0.253473,0.114093
3092,0.251140,0.113474
3093,0.250131,0.113361
3094,0.260471,0.113645
3095,0.252973,0.113101
3096,0.252907,0.113054
3097,0.245304,0.113935
3098,0.264860,0.114834
3099,0.259204,0.114161
3100,0.266601,0.113280
3101,0.243371,0.114814
3102,0.246748,0.113087
3103,0.262726,0.112702
3104,0.246707,0.113515
3105,0.262850,0.113931
3106,0.245068,0.114176
3107,0.254843,0.113101
3108,0.257459,0.113347
3109,0.251518,0.114194
3110,0.255007,0.113786
3111,0.243590,0.113686
3112,0.240108,0.113124
3113,0.258196,0.113785
3114,0.264396,0.114634
3115,0.249758,0.114108
3116,0.258071,0.113616
3117,0.254991,0.113589
3118,0.253721,0.113583
3119,0.259860,0.112850
3120,0.254532,0.113442
3121,0.256159,0.113388
3122,0.244677,0.114588
3123,0.248343,0.114344
3124,0.255302,0.113920
3125,0.250804,0.113651
3126,0.264121,0.114095
3127,0.250310,0.113300
3128,0.265536,0.113399
3129,0.256096,0.113361
3130,0.257121,0.113592
3131,0.251076,0.113698
3132,0.249328,0.114004
3133,0.259487,0.113621
3134,0.257360,0.113985
3135,0.259602,0.113781
3136,0.248518,0.113925
3137,0.239129,0.113481
3138,0.249636,0.113509
3139,0.257761,0.113100
3140,0.260652,0.113434
3141,0.247675,0.114259
3142,0.244565,0.113982
3143,0.245031,0.114049
3144,0.253675,0.114349
3145,0.241649,0.113313
3146,0.258743,0.113320
3147,0.254481,0.113057
3148,0.249860,0.113328
3149,0.243021,0.113928
3150,0.256621,0.114464
3151,0.246102,0.115794
3152,0.240070,0.113405
3153,0.249380,0.113535
3154,0.248084,0.112874
3155,0.278396,0.112592
3156,0.256706,0.114048
3157,0.253087,0.113421
3158,0.244741,0.113241
3159,0.249236,0.114789
3160,0.258506,0.114632
3161,0.257159,0.113550
3162,0.262583,0.112750
3163,0.245084,0.113522
3164,0.278961,0.113527
3165,0.255212,0.113200
3166,0.247655,0.113475
3167,0.251357,0.114701
3168,0.257519,0.114142
3169,0.264498,0.113537
3170,0.256942,0.113743
3171,0.243712,0.113220
3172,0.254742,0.113716
3173,0.267413,0.113746
3174,0.248893,0.114144
3175,0.253668,0.113648
3176,0.236571,0.113738
3177,0.246017,0.114027
3178,0.249972,0.113485
3179,0.257700,0.113487
3180,0.257869,0.113185
3181,0.245548,0.114524
3182,0.252918,0.114110
3183,0.254677,0.113787
3184,0.246854,0.113647
3185,0.244797,0.113855
3186,0.257421,0.114164
3187,0.258365,0.113643
3188,0.254711,0.114097
3189,0.256712,0.113523
3190,0.245143,0.114034
3191,0.249877,0.113902
3192,0.244582,0.113869
3193,0.242545,0.113680
3194,0.252945,0.113947
3195,0.280691,0.114448
3196,0.256240,0.113640
3197,0.247231,0.113008
3198,0.247347,0.113129
3199,0.258347,0.114102
3200,0.257136,0.114055
3201,0.261514,0.114843
3202,0.253026,0.113585
3203,0.257398,0.113490
3204,0.257394,0.113418
3205,0.245325,0.113559
3206,0.248931,0.113933
3207,0.253231,0.113940
3208,0.249296,0.113159
3209,0.253154,0.113412
3210,0.254716,0.114019
3211,0.249737,0.113728
3212,0.254746,0.114302
3213,0.250876,0.113715
3214,0.254961,0.114358
3215,0.255909,0.114777
3216,0.251423,0.115443
3217,0.259533,0.115338
3218,0.265081,0.116488
3219,0.259773,0.114947
3220,0.251911,0.114951
3221,0.252721,0.115295
3222,0.247724,0.114279
3223,0.251656,0.113751
3224,0.256484,0.113942
3225,0.267251,0.114196
3226,0.265029,0.114992
3227,0.247205,0.113686
3228,0.254656,0.113152
3229,0.271453,0.113631
3230,0.250212,0.113602
3231,0.258372,0.114175
3232,0.252792,0.113712
3233,0.250086,0.113572
3234,0.268008,0.114423
3235,0.254938,0.113943
3236,0.259232,0.113157
3237,0.256379,0.112559
3238,0.258030,0.114076
3239,0.241133,0.113828
3240,0.256776,0.113640
3241,0.256932,0.113518
3242,0.251136,0.114066
3243,0.252887,0.114068
3244,0.258096,0.112641
3245,0.257091,0.113328
3246,0.251480,0.113787
3247,0.247565,0.113855
3248,0.251809,0.114122
3249,0.255959,0.113521
3250,0.258426,0.113491
3251,0.248276,0.115101
3252,0.260597,0.113474
3253,0.261158,0.113368
3254,0.249091,0.114312
3255,0.250374,0.114422
3256,0.243617,0.113033
3257,0.244869,0.113509
3258,0.250169,0.113978
3259,0.253199,0.114010
3260,0.249543,0.114042
3261,0.247087,0.113623
3262,0.255146,0.114331
3263,0.243547,0.114108
3264,0.259946,0.113794
3265,0.254936,0.113286
3266,0.266127,0.113271
3267,0.251288,0.113194
3268,0.247024,0.114941
3269,0.272360,0.114188
3270,0.264697,0.113203
3271,0.271374,0.113463
3272,0.255702,0.114342
3273,0.246546,0.113602
3274,0.250888,0.112360
3275,0.244699,0.112925
3276,0.260377,0.114461
3277,0.252501,0.114285
3278,0.258765,0.114213
3279,0.259560,0.113737
3280,0.263466,0.114221
3281,0.243727,0.113497
3282,0.262309,0.113247
3283,0.250838,0.113303
3284,0.268433,0.113342
3285,0.261939,0.114305
3286,0.252592,0.114451
3287,0.241179,0.114390
3288,0.261767,0.113059
3289,0.236590,0.113584
3290,0.244869,0.114015
3291,0.265404,0.112835
3292,0.261453,0.112966
3293,0.259309,0.114005
3294,0.266995,0.114169
3295,0.242701,0.114203
3296,0.258378,0.114075
3297,0.265260,0.113957
3298,0.244064,0.113693
3299,0.250847,0.113090
3300,0.246202,0.113064
3301,0.249599,0.114700
3302,0.241987,0.113596
3303,0.242262,0.114545
3304,0.249580,0.114352
3305,0.254607,0.112948
3306,0.249966,0.112706
3307,0.255980,0.113775
3308,0.246566,0.113163
3309,0.259304,0.114003
3310,0.255497,0.114039
3311,0.263262,0.113814
3312,0.243014,0.114403
3313,0.273718,0.113408
3314,0.263702,0.113972
3315,0.258704,0.113887
3316,0.248104,0.112767
3317,0.274466,0.113701
3318,0.256072,0.114430
3319,0.267253,0.113827
3320,0.259739,0.113578
3321,0.251727,0.114330
3322,0.255851,0.114450
3323,0.244929,0.113732
3324,0.255463,0.112943
3325,0.248636,0.113561
3326,0.277994,0.113868
3327,0.260151,0.113840
3328,0.252470,0.113977
3329,0.263235,0.114569
3330,0.255103,0.114218
3331,0.253884,0.113848
3332,0.249857,0.114007
3333,0.252404,0.112858
3334,0.262574,0.113416
3335,0.263290,0.113885
3336,0.257820,0.114392
3337,0.266795,0.114034
3338,0.261759,0.113575
3339,0.256445,0.113932
3340,0.252924,0.113713
3341,0.261493,0.113660
3342,0.256541,0.113415
3343,0.258683,0.113186
3344,0.259924,0.114283
3345,0.257103,0.113998
3346,0.253764,0.114185
3347,0.253317,0.113924
3348,0.260106,0.113504
3349,0.244691,0.113166
3350,0.246517,0.113734
3351,0.256451,0.114779
3352,0.258338,0.114320
3353,0.276373,0.114449
3354,0.259590,0.113549
3355,0.271229,0.113365
3356,0.252963,0.113516
3357,0.250458,0.112492
3358,0.249846,0.113222
3359,0.253609,0.114710
3360,0.270698,0.114302
3361,0.269619,0.114080
3362,0.259337,0.114162
3363,0.254444,0.113665
3364,0.263871,0.112706
3365,0.260052,0.113521
3366,0.264681,0.114427
3367,0.251445,0.114423
3368,0.252087,0.115054
3369,0.252838,0.114294
3370,0.256222,0.114202
3371,0.261196,0.113220
3372,0.252769,0.114163
3373,0.244166,0.113887
3374,0.276762,0.113211
3375,0.253027,0.113011
3376,0.270420,0.114216
3377,0.260279,0.113498
3378,0.244995,0.114100
3379,0.254756,0.114182
3380,0.264809,0.114299
3381,0.269933,0.113193
3382,0.251608,0.113455
3383,0.245146,0.113501
3384,0.265021,0.114005
3385,0.253801,0.113481
3386,0.257227,0.114186
3387,0.263990,0.114692
3388,0.251289,0.113577
3389,0.257156,0.112982
3390,0.265346,0.113779
3391,0.257116,0.112857
3392,0.251932,0.113123
3393,0.259470,0.114037
3394,0.251036,0.114187
3395,0.262396,0.113887
3396,0.263675,0.114236
3397,0.272366,0.114092
3398,0.251325,0.113557
3399,0.258744,0.113418
3400,0.265102,0.113573
3401,0.256264,0.115087
3402,0.248624,0.113655
3403,0.247441,0.114118
3404,0.255422,0.113388
3405,0.251447,0.114060
3406,0.259452,0.113629
3407,0.283710,0.113806
3408,0.255717,0.113125
3409,0.274209,0.113947
3410,0.254069,0.114225
3411,0.252484,0.113888
3412,0.254560,0.114363
3413,0.263244,0.113370
3414,0.262675,0.113528
3415,0.267156,0.113386
3416,0.248819,0.113712
3417,0.244981,0.114014
3418,0.253331,0.114748
3419,0.254882,0.113821
3420,0.256139,0.113411
3421,0.255213,0.113856
3422,0.260900,0.113351
3423,0.262674,0.113474
3424,0.266832,0.113284
3425,0.249051,0.113676
3426,0.257270,0.114962
3427,0.260689,0.113896
3428,0.253636,0.113447
3429,0.254669,0.112814
3430,0.258597,0.113446
3431,0.255711,0.113197
3432,0.257918,0.113618
3433,0.254022,0.113879
3434,0.249841,0.113812
3435,0.243413,0.114031
3436,0.249365,0.113640
3437,0.258055,0.113150
3438,0.263034,0.113862
3439,0.240962,0.113120
3440,0.259048,0.113901
3441,0.270719,0.113416
3442,0.246613,0.113571
3443,0.260626,0.114009
3444,0.252316,0.113905
3445,0.245835,0.113834
3446,0.251394,0.113731
3447,0.266281,0.113120
3448,0.254395,0.113038
3449,0.254741,0.113650
3450,0.253481,0.112899
3451,0.273062,0.115376
3452,0.260567,0.114445
3453,0.250104,0.113844
3454,0.257153,0.112815
3455,0.260208,0.113672
3456,0.271825,0.113776
3457,0.254714,0.112949
3458,0.251185,0.113624
3459,0.254796,0.115223
3460,0.256649,0.114310
3461,0.262161,0.113974
3462,0.268182,0.113303
3463,0.253708,0.113711
3464,0.250668,0.113627
3465,0.269894,0.112768
3466,0.247701,0.113463
3467,0.267592,0.114168
3468,0.251729,0.114815
3469,0.265398,0.114525
3470,0.260783,0.114374
3471,0.253777,0.113470
3472,0.253301,0.113031
3473,0.267880,0.114102
3474,0.258983,0.112974
3475,0.253300,0.113088
3476,0.265255,0.114583
3477,0.270859,0.115123
3478,0.247359,0.113915
3479,0.268999,0.113004
3480,0.268587,0.113210
3481,0.260771,0.113270
3482,0.251856,0.113222
3483,0.258109,0.113125
3484,0.264275,0.114614
3485,0.249756,0.114392
3486,0.259840,0.114266
3487,0.264162,0.114292
3488,0.263112,0.113510
3489,0.249036,0.113128
3490,0.254483,0.113301
3491,0.258601,0.113981
3492,0.260939,0.114401
3493,0.259313,0.114115
3494,0.260102,0.114333
3495,0.249801,0.114176
3496,0.259184,0.113901
3497,0.248703,0.113704
3498,0.249944,0.113430
3499,0.256295,0.113311
3500,0.264385,0.113792
3501,0.253317,0.114911
3502,0.240077,0.114596
3503,0.253467,0.114615
3504,0.273817,0.112727
3505,0.277378,0.112627
3506,0.251496,0.113690
3507,0.242627,0.113960
3508,0.258916,0.113479
3509,0.253545,0.114149
3510,0.254325,0.114897
3511,0.258282,0.114425
3512,0.266607,0.113464
3513,0.264008,0.112833
3514,0.254886,0.116078
3515,0.249091,0.113281
3516,0.253938,0.113325
3517,0.263264,0.113486
3518,0.275864,0.114981
3519,0.253305,0.114485
3520,0.251491,0.113828
3521,0.261838,0.113334
3522,0.256628,0.116754
3523,0.253906,0.113190
3524,0.248458,0.112691
3525,0.255505,0.113260
3526,0.259151,0.114201
3527,0.243822,0.114034
3528,0.266386,0.113958
3529,0.254402,0.113092
3530,0.265538,0.114104
3531,0.252460,0.113023
3532,0.259831,0.113777
3533,0.256429,0.113705
3534,0.263862,0.113590
3535,0.251089,0.114894
3536,0.261274,0.114145
3537,0.254175,0.112633
3538,0.250927,0.112963
3539,0.261650,0.113579
3540,0.257580,0.117095
3541,0.259010,0.112962
3542,0.256005,0.112295
3543,0.259409,0.114156
3544,0.257631,0.113798
3545,0.265289,0.113554
3546,0.250723,0.114447
3547,0.265073,0.114066
3548,0.266254,0.114894
3549,0.250464,0.113542
3550,0.257693,0.113921
3551,0.260187,0.113712
3552,0.258485,0.113390
3553,0.258455,0.112943
3554,0.255598,0.113608
3555,0.260970,0.114676
3556,0.258421,0.114076
3557,0.248574,0.113077
3558,0.257059,0.113332
3559,0.262374,0.114576
3560,0.253692,0.113169
3561,0.254142,0.113061
3562,0.261360,0.114566
3563,0.262362,0.114545
3564,0.260093,0.114398
3565,0.251107,0.113029
3566,0.258452,0.113906
3567,0.260665,0.113628
3568,0.249812,0.114749
3569,0.263096,0.112692
3570,0.253686,0.115212
3571,0.261336,0.113677
3572,0.264090,0.114069
3573,0.266692,0.113536
3574,0.264472,0.113714
3575,0.266814,0.114189
3576,0.260436,0.113931
3577,0.254825,0.113587
3578,0.256540,0.113025
3579,0.265407,0.112986
3580,0.244103,0.113929
3581,0.262461,0.113833
3582,0.263911,0.113834
3583,0.258963,0.115874
3584,0.264597,0.114530
3585,0.271090,0.113573
3586,0.256131,0.113295
3587,0.268994,0.112945
3588,0.251861,0.113504
3589,0.246275,0.114018
3590,0.272756,0.114405
3591,0.270438,0.113876
3592,0.253577,0.114415
3593,0.263757,0.113848
3594,0.250012,0.113139
3595,0.258771,0.113269
3596,0.285790,0.113326
3597,0.255601,0.113695
3598,0.248480,0.114094
3599,0.263832,0.113824
3600,0.254019,0.113574
3601,0.248983,0.114797
3602,0.251156,0.113558
3603,0.255212,0.113520
3604,0.259955,0.113207
3605,0.262925,0.113863
3606,0.258229,0.116464
3607,0.250566,0.114603
3608,0.249227,0.113968
3609,0.262847,0.114448
3610,0.260737,0.113232
3611,0.269787,0.113778
3612,0.249901,0.113846
3613,0.241737,0.115338
3614,0.272935,0.114218
3615,0.249426,0.114081
3616,0.270113,0.114241
3617,0.254606,0.114119
3618,0.260877,0.112609
3619,0.274360,0.113782
3620,0.269589,0.113891
3621,0.256162,0.116310
3622,0.260572,0.112834
3623,0.260640,0.112399
3624,0.253469,0.112905
3625,0.266857,0.113695
3626,0.256486,0.113189
3627,0.255897,0.113461
3628,0.269623,0.114103
3629,0.253170,0.114953
3630,0.253168,0.114037
3631,0.257007,0.112836
3632,0.257408,0.113169
3633,0.259736,0.112930
3634,0.258192,0.113055
3635,0.251371,0.113126
3636,0.253913,0.114233
3637,0.257964,0.114258
3638,0.254168,0.114285
3639,0.260514,0.113344
3640,0.266538,0.113603
3641,0.244567,0.113032
3642,0.249111,0.112665
3643,0.260900,0.112901
3644,0.257463,0.113460
3645,0.262587,0.113128
3646,0.261473,0.114981
3647,0.254796,0.116060
3648,0.260539,0.113758
3649,0.257538,0.115799
3650,0.247319,0.112364
3651,0.265041,0.113224
3652,0.253003,0.112585
3653,0.276435,0.113701
3654,0.267342,0.113684
3655,0.254864,0.115466
3656,0.252947,0.114327
3657,0.256137,0.112775
3658,0.267291,0.113235
3659,0.259822,0.113452
3660,0.260461,0.114491
3661,0.267349,0.113905
3662,0.248155,0.114570
3663,0.260385,0.113980
3664,0.256865,0.114359
3665,0.265696,0.113135
3666,0.263970,0.113365
3667,0.249840,0.112638
3668,0.250191,0.113025
3669,0.255343,0.113685
3670,0.256575,0.113744
3671,0.262941,0.113929
3672,0.261489,0.114322
3673,0.271073,0.113251
3674,0.256636,0.113550
3675,0.262038,0.116188
3676,0.251372,0.112978
3677,0.253794,0.114456
3678,0.271302,0.113118
3679,0.259670,0.113407
3680,0.254593,0.113320
3681,0.252277,0.113844
3682,0.255036,0.114245
3683,0.251049,0.114340
3684,0.276626,0.113818
3685,0.250829,0.113522
3686,0.248691,0.112437
3687,0.254138,0.112313
3688,0.254605,0.115256
3689,0.249851,0.114987
3690,0.258553,0.113565
3691,0.258914,0.113206
3692,0.251819,0.113650
3693,0.250012,0.113388
3694,0.256277,0.112433
3695,0.255943,0.112960
3696,0.260344,0.113541
3697,0.263610,0.113882
3698,0.266419,0.113503
3699,0.261683,0.114702
3700,0.258674,0.113832
3701,0.261546,0.113827
3702,0.249748,0.112507
3703,0.268242,0.113169
3704,0.265270,0.114137
3705,0.260770,0.114890
3706,0.262728,0.114490
3707,0.264901,0.113857
3708,0.260354,0.113458
3709,0.263178,0.114153
3710,0.246040,0.112490
3711,0.264245,0.112146
3712,0.269681,0.113760
3713,0.252608,0.113712
3714,0.271837,0.114834
3715,0.255640,0.114169
3716,0.265196,0.113864
3717,0.260355,0.113007
3718,0.266202,0.112793
3719,0.258249,0.112422
3720,0.247516,0.114305
3721,0.248241,0.113233
3722,0.265100,0.114124
3723,0.259018,0.114048
3724,0.256436,0.112990
3725,0.252697,0.114005
3726,0.260340,0.113952
3727,0.255753,0.113325
3728,0.264832,0.113591
3729,0.267105,0.112381
3730,0.259907,0.113775
3731,0.256475,0.113513
3732,0.263341,0.113606
3733,0.256158,0.113887
3734,0.263990,0.113389
3735,0.274429,0.113133
3736,0.260077,0.113762
3737,0.258597,0.112748
3738,0.265634,0.112550
3739,0.269731,0.113721
3740,0.263616,0.114715
3741,0.256332,0.113502
3742,0.273081,0.113289
3743,0.257165,0.114641
3744,0.271698,0.112910
3745,0.252945,0.112590
3746,0.247327,0.113213
3747,0.272484,0.113858
3748,0.251777,0.114026
3749,0.265220,0.113944
3750,0.261463,0.114005
3751,0.259723,0.114065
3752,0.257084,0.112941
3753,0.262581,0.117894
3754,0.267094,0.111901
3755,0.260644,0.113211
3756,0.262773,0.114551
3757,0.252689,0.114086
3758,0.251367,0.113837
3759,0.252596,0.113865
3760,0.270680,0.113429
3761,0.248292,0.113323
3762,0.258216,0.112804
3763,0.258944,0.112924
3764,0.259203,0.113631
3765,0.262919,0.114098
3766,0.267075,0.116080
3767,0.256940,0.113447
3768,0.257492,0.113182
3769,0.259737,0.113913
3770,0.258763,0.114349
3771,0.260175,0.115318
3772,0.265411,0.113003
3773,0.264247,0.112992
3774,0.263416,0.113730
3775,0.267907,0.117565
3776,0.259600,0.112951
3777,0.256303,0.113128
3778,0.262265,0.113557
3779,0.270960,0.113308
3780,0.264924,0.113391
3781,0.266467,0.112796
3782,0.259453,0.121141
3783,0.257915,0.112542
3784,0.261223,0.112943
3785,0.260660,0.113044
3786,0.276800,0.112332
3787,0.259990,0.113230
3788,0.262663,0.114245
3789,0.256106,0.113450
3790,0.266270,0.114682
3791,0.263222,0.114547
3792,0.251177,0.113117
3793,0.287844,0.112906
3794,0.260786,0.112249
3795,0.263712,0.113430
3796,0.270636,0.113895
3797,0.260363,0.112367
3798,0.254565,0.114695
3799,0.256954,0.114455
3800,0.259078,0.114203
3801,0.258260,0.114241
3802,0.268653,0.112936
3803,0.255926,0.117595
3804,0.254141,0.112772
3805,0.264580,0.113954
3806,0.259673,0.114655
3807,0.266245,0.113787
3808,0.259747,0.112313
3809,0.262862,0.113309
3810,0.256619,0.113498
3811,0.262187,0.113430
3812,0.249929,0.112331
3813,0.258664,0.113264
3814,0.264811,0.113899
3815,0.267740,0.112733
3816,0.259416,0.112564
3817,0.260875,0.113259
3818,0.249795,0.115909
3819,0.256528,0.112818
3820,0.261718,0.113244
3821,0.276816,0.113613
3822,0.251445,0.113364
3823,0.276305,0.113840
3824,0.264781,0.113800
3825,0.260191,0.113162
3826,0.264694,0.113341
3827,0.264612,0.112375
3828,0.270010,0.114118
3829,0.255639,0.113905
3830,0.265305,0.113050
3831,0.249070,0.114330
3832,0.272184,0.113864
3833,0.266796,0.113620
3834,0.253938,0.112767
3835,0.271861,0.113434
3836,0.263524,0.113022
3837,0.274830,0.112669
3838,0.258334,0.113165
3839,0.261136,0.113851
3840,0.271336,0.115380
3841,0.256865,0.113784
3842,0.251130,0.114377
3843,0.265216,0.113479
3844,0.259957,0.113503
3845,0.262610,0.112289
3846,0.269750,0.112510
3847,0.260047,0.117264
3848,0.285831,0.114586
3849,0.267920,0.114035
3850,0.271912,0.112961
3851,0.269319,0.114214
3852,0.264485,0.112539
3853,0.263969,0.112899
3854,0.263414,0.113444
3855,0.263734,0.113321
3856,0.251075,0.113731
3857,0.250106,0.114069
3858,0.253885,0.115739
3859,0.268178,0.112852
3860,0.268128,0.113027
3861,0.265950,0.111408
3862,0.261215,0.112938
3863,0.272320,0.121957
3864,0.255252,0.112964
3865,0.270635,0.113023
3866,0.249628,0.113564
3867,0.255299,0.113518
3868,0.259249,0.112956
3869,0.250529,0.112567
3870,0.256136,0.113340
3871,0.260857,0.114615
3872,0.267167,0.115289
3873,0.259227,0.112342
3874,0.271157,0.115256
3875,0.260991,0.112485
3876,0.259768,0.115135
3877,0.263847,0.112890
3878,0.259735,0.113087
3879,0.271461,0.113515
3880,0.260100,0.114472
3881,0.263836,0.112851
3882,0.259619,0.112854
3883,0.259490,0.112950
3884,0.270997,0.114915
3885,0.270715,0.112712
3886,0.264644,0.113375
3887,0.261634,0.113186
3888,0.265723,0.113599
3889,0.258638,0.112751
3890,0.269142,0.115977
3891,0.257861,0.112945
3892,0.254617,0.112731
3893,0.258144,0.112563
3894,0.261164,0.113378
3895,0.277929,0.113240
3896,0.270181,0.116185
3897,0.259931,0.112537
3898,0.280122,0.114359
3899,0.275345,0.115412
3900,0.270169,0.112680
3901,0.259825,0.114598
3902,0.254526,0.114287
3903,0.244897,0.113175
3904,0.261354,0.112548
3905,0.257562,0.112424
3906,0.262116,0.113405
3907,0.260010,0.115270
3908,0.264753,0.112112
3909,0.257130,0.112833
3910,0.252997,0.114444
3911,0.260171,0.114386
3912,0.254043,0.112511
3913,0.255826,0.113487
3914,0.263158,0.113528
3915,0.265281,0.115338
3916,0.265903,0.112180
3917,0.267158,0.112757
3918,0.261834,0.113415
3919,0.256387,0.113332
3920,0.257611,0.113527
3921,0.260368,0.113421
3922,0.260506,0.113385
3923,0.267071,0.117700
3924,0.260750,0.112791
3925,0.254831,0.112526
3926,0.284867,0.119094
3927,0.260511,0.112465
3928,0.272230,0.112832
3929,0.261384,0.112771
3930,0.272547,0.112999
3931,0.277618,0.113735
3932,0.260473,0.113432
3933,0.262858,0.113028
3934,0.261497,0.113763
3935,0.282464,0.113766
3936,0.265289,0.112932
3937,0.255871,0.113650
3938,0.260185,0.113898
3939,0.263484,0.112705
3940,0.268527,0.113736
3941,0.264651,0.114847
3942,0.258398,0.113957
3943,0.274339,0.113562
3944,0.268998,0.113098
3945,0.253446,0.113113
3946,0.268787,0.113273
3947,0.257828,0.113334
3948,0.263662,0.114023
3949,0.261386,0.113650
3950,0.263432,0.113368
3951,0.272772,0.112830
3952,0.258181,0.113300
3953,0.272497,0.118885
3954,0.275143,0.113309
3955,0.270056,0.112719
3956,0.265954,0.113385
3957,0.262964,0.115244
3958,0.264970,0.114877
3959,0.268799,0.112933
3960,0.261920,0.113440
3961,0.265638,0.112347
3962,0.281586,0.113225
3963,0.269500,0.114920
3964,0.254049,0.112221
3965,0.265490,0.112779
3966,0.263616,0.119425
3967,0.266306,0.112988
3968,0.260870,0.113223
3969,0.282498,0.113437
3970,0.261133,0.113861
3971,0.265598,0.113456
3972,0.260252,0.112870
3973,0.264298,0.112808
3974,0.261363,0.113707
3975,0.262079,0.113203
3976,0.266611,0.112651
3977,0.260076,0.113348
3978,0.265467,0.113421
3979,0.255620,0.113893
3980,0.268672,0.113366
3981,0.262442,0.113814
3982,0.255413,0.113584
3983,0.274524,0.113140
3984,0.270971,0.113587
3985,0.268252,0.112644
3986,0.257375,0.112527
3987,0.260157,0.113116
3988,0.266499,0.114993
3989,0.257241,0.113513
3990,0.260395,0.113226
3991,0.259980,0.115394
3992,0.258069,0.112997
3993,0.252479,0.112957
3994,0.264287,0.112621
3995,0.250854,0.113029
3996,0.270405,0.114588
3997,0.260097,0.113431
3998,0.256607,0.114067
3999,0.248533,0.113049
4000,0.271497,0.113544
4001,0.272154,0.112134
4002,0.266061,0.112128
4003,0.258135,0.112028
4004,0.261908,0.113479
4005,0.253257,0.113354
4006,0.265543,0.113630
4007,0.262772,0.114989
4008,0.262242,0.115429
4009,0.265343,0.112911
4010,0.261989,0.111671
4011,0.267184,0.112021
4012,0.265255,0.112894
4013,0.265763,0.112966
4014,0.269682,0.112102
4015,0.267248,0.112631
4016,0.269601,0.114169
4017,0.271745,0.113799
4018,0.255145,0.113349
4019,0.254150,0.112791
4020,0.263868,0.112482
4021,0.264335,0.115327
4022,0.264454,0.112556
4023,0.261971,0.112687
4024,0.254654,0.112475
4025,0.272143,0.113938
4026,0.267270,0.113671
4027,0.264656,0.113797
4028,0.250958,0.113238
4029,0.257778,0.114245
4030,0.266971,0.113357
4031,0.265024,0.112298
4032,0.258423,0.113465
4033,0.258073,0.113156
4034,0.255849,0.113788
4035,0.257088,0.113379
4036,0.257387,0.112902
4037,0.260141,0.113683
4038,0.268187,0.113900
4039,0.267415,0.112901
4040,0.265034,0.112868
4041,0.252627,0.115315
4042,0.258965,0.113987
4043,0.269995,0.112741
4044,0.256901,0.112822
4045,0.268814,0.113180
4046,0.257642,0.113954
4047,0.258548,0.113998
4048,0.256679,0.113322
4049,0.262958,0.113396
4050,0.264086,0.113289
4051,0.266350,0.114602
4052,0.271963,0.112897
4053,0.256924,0.113207
4054,0.268150,0.114323
4055,0.254139,0.113051
4056,0.272012,0.112794
4057,0.261960,0.113970
4058,0.251750,0.113461
4059,0.267065,0.112789
4060,0.271707,0.113347
4061,0.264884,0.113269
4062,0.272737,0.113474
4063,0.264042,0.113232
4064,0.257338,0.113295
4065,0.267061,0.113387
4066,0.265396,0.113628
4067,0.242910,0.113177
4068,0.258473,0.113284
4069,0.265388,0.112876
4070,0.256972,0.112509
4071,0.270454,0.113872
4072,0.265369,0.113306
4073,0.273307,0.113134
4074,0.271228,0.113978
4075,0.260759,0.113521
4076,0.257129,0.113493
4077,0.276532,0.112856
4078,0.268724,0.113016
4079,0.256857,0.113211
4080,0.267361,0.113562
4081,0.250874,0.113121
4082,0.262111,0.113388
4083,0.252589,0.113478
4084,0.253827,0.113246
4085,0.266164,0.113630
4086,0.264661,0.113289
4087,0.263949,0.113394
4088,0.262378,0.113383
4089,0.265644,0.112769
4090,0.256537,0.113152
4091,0.255672,0.112722
4092,0.267887,0.113797
4093,0.260145,0.113822
4094,0.262441,0.114307
4095,0.270498,0.113755
4096,0.258595,0.113508
4097,0.250397,0.113210
4098,0.266986,0.112688
4099,0.272397,0.112596
4100,0.265959,0.113409
4101,0.264756,0.115192
4102,0.260358,0.112821
4103,0.261284,0.114142
4104,0.265794,0.113455
4105,0.256243,0.112591
4106,0.261760,0.112727
4107,0.270066,0.113260
4108,0.263870,0.113032
4109,0.267478,0.113995
4110,0.266013,0.113612
4111,0.271570,0.113604
4112,0.263380,0.114298
4113,0.256912,0.112928
4114,0.269751,0.112458
4115,0.260322,0.112933
4116,0.268417,0.112542
4117,0.269536,0.113450
4118,0.265370,0.116216
4119,0.257973,0.113596
4120,0.265646,0.114375
4121,0.262530,0.113593
4122,0.284706,0.112478
4123,0.270345,0.112289
4124,0.263958,0.112605
4125,0.259328,0.112713
4126,0.279482,0.114480
4127,0.265316,0.113470
4128,0.270949,0.113888
4129,0.278403,0.113623
4130,0.280789,0.113228
4131,0.266188,0.113385
4132,0.275260,0.112869
4133,0.278549,0.112708
4134,0.285090,0.113733
4135,0.276941,0.113602
4136,0.266901,0.113650
4137,0.270040,0.113436
4138,0.283945,0.113415
4139,0.273138,0.113714
4140,0.266623,0.113048
4141,0.261962,0.113394
4142,0.274441,0.112803
4143,0.270620,0.113310
4144,0.273429,0.112875
4145,0.276087,0.113747
4146,0.269272,0.114118
4147,0.262734,0.112870
4148,0.260058,0.113841
4149,0.280898,0.112955
4150,0.270453,0.112922
4151,0.270023,0.114918
4152,0.262266,0.113804
4153,0.259091,0.113808
4154,0.268187,0.113588
4155,0.276286,0.113220
4156,0.265649,0.113311
4157,0.270700,0.112951
4158,0.260863,0.113061
4159,0.266097,0.113508
4160,0.263453,0.113991
4161,0.272245,0.113803
4162,0.262231,0.113966
4163,0.276424,0.113729
4164,0.268340,0.113793
4165,0.257458,0.113672
4166,0.264569,0.113186
4167,0.264802,0.112329
4168,0.263456,0.113232
4169,0.271496,0.113036
4170,0.268909,0.113443
4171,0.271804,0.113349
4172,0.267123,0.113906
4173,0.262492,0.113761
4174,0.274354,0.113685
4175,0.258926,0.113341
4176,0.267981,0.112587
4177,0.268937,0.113191
4178,0.265287,0.113516
4179,0.261635,0.113273
4180,0.272930,0.113999
4181,0.265457,0.113410
4182,0.258803,0.113527
4183,0.260908,0.112819
4184,0.269518,0.112965
4185,0.257291,0.113769
4186,0.276937,0.113369
4187,0.267077,0.114466
4188,0.283962,0.113231
4189,0.273898,0.113430
4190,0.261344,0.113324
4191,0.256269,0.113530
4192,0.247990,0.113800
4193,0.266159,0.112918
4194,0.263851,0.113689
4195,0.273945,0.113933
4196,0.261648,0.113725
4197,0.259338,0.112578
4198,0.270096,0.113225
4199,0.262969,0.113821
4200,0.275031,0.113780
4201,0.260548,0.113630
4202,0.255242,0.113209
4203,0.264402,0.113251
4204,0.273072,0.114095
4205,0.270515,0.113516
4206,0.257451,0.113355
4207,0.260616,0.113197
4208,0.269316,0.112883
4209,0.266509,0.113989
4210,0.266927,0.113619
4211,0.276607,0.113517
4212,0.261180,0.113274
4213,0.269169,0.113316
4214,0.252806,0.113068
4215,0.270482,0.112665
4216,0.273471,0.113324
4217,0.268818,0.113617
4218,0.273116,0.113968
4219,0.259802,0.113409
4220,0.274204,0.113594
4221,0.269558,0.113718
4222,0.269508,0.112688
4223,0.265593,0.113047
4224,0.261198,0.113448
4225,0.269626,0.113641
4226,0.264550,0.114736
4227,0.255668,0.113545
4228,0.272349,0.113530
4229,0.269000,0.113185
4230,0.265880,0.113223
4231,0.257341,0.112734
4232,0.267591,0.113148
4233,0.272473,0.113608
4234,0.259880,0.113386
4235,0.262471,0.113993
4236,0.265013,0.113363
4237,0.261833,0.113730
4238,0.266517,0.113988
4239,0.265765,0.113307
4240,0.275366,0.113589
4241,0.260351,0.113336
4242,0.255473,0.113813
4243,0.265212,0.113482
4244,0.268539,0.113688
4245,0.263330,0.113825
4246,0.261807,0.113715
4247,0.268039,0.114581
4248,0.263105,0.112496
4249,0.257896,0.112695
4250,0.269581,0.112898
4251,0.261315,0.114591
4252,0.279985,0.113176
4253,0.269046,0.113278
4254,0.268983,0.113820
4255,0.266830,0.113031
4256,0.270938,0.112843
4257,0.270018,0.113597
4258,0.275099,0.113788
4259,0.272393,0.113913
4260,0.261588,0.113685
4261,0.263418,0.112975
4262,0.281604,0.113853
4263,0.274858,0.113607
4264,0.269916,0.113541
4265,0.264460,0.113344
4266,0.271956,0.112744
4267,0.263426,0.113579
4268,0.273962,0.113686
4269,0.267682,0.113506
4270,0.264053,0.113750
4271,0.266103,0.113963
4272,0.268859,0.113754
4273,0.265825,0.113271
4274,0.267637,0.113107
4275,0.267262,0.112913
4276,0.254135,0.113787
4277,0.270454,0.113662
4278,0.268149,0.113589
4279,0.276115,0.113973
4280,0.271378,0.113741
4281,0.259824,0.113479
4282,0.249974,0.112823
4283,0.265607,0.113526
4284,0.273403,0.113424
4285,0.265163,0.114107
4286,0.272410,0.113762
4287,0.270864,0.113323
4288,0.271920,0.114055
4289,0.265650,0.113037
4290,0.266006,0.113039
4291,0.266206,0.112854
4292,0.264932,0.113271
4293,0.263540,0.114207
4294,0.274064,0.113724
4295,0.273587,0.113396
4296,0.268561,0.113169
4297,0.275854,0.113633
4298,0.270157,0.113594
4299,0.261216,0.113325
4300,0.263415,0.113625
4301,0.262653,0.114843
4302,0.253699,0.113371
4303,0.265737,0.113328
4304,0.266916,0.113908
4305,0.271739,0.113681
4306,0.266409,0.113524
4307,0.270220,0.112989
4308,0.282570,0.113193
4309,0.258551,0.113274
4310,0.271455,0.113253
4311,0.271948,0.113796
4312,0.257266,0.113627
4313,0.271993,0.114051
4314,0.253486,0.113855
4315,0.258739,0.113145
4316,0.255686,0.112790
4317,0.267236,0.112854
4318,0.251736,0.113457
4319,0.273176,0.113552
4320,0.271466,0.113384
4321,0.260260,0.113671
4322,0.272537,0.114360
4323,0.272330,0.113930
4324,0.277356,0.113449
4325,0.267222,0.113277
4326,0.258223,0.112790
4327,0.265373,0.112948
4328,0.265409,0.113289
4329,0.264458,0.113589
4330,0.271880,0.114295
4331,0.264060,0.114640
4332,0.268869,0.113489
4333,0.261288,0.113339
4334,0.273398,0.113015
4335,0.263891,0.112576
4336,0.269916,0.113144
4337,0.274288,0.112758
4338,0.270872,0.113654
4339,0.275155,0.113905
4340,0.256340,0.114052
4341,0.253748,0.113252
4342,0.263317,0.112663
4343,0.278266,0.113620
4344,0.278370,0.113286
4345,0.273031,0.113528
4346,0.269673,0.113965
4347,0.272311,0.113873
4348,0.270565,0.114315
4349,0.282588,0.113356
4350,0.281974,0.112580
4351,0.275903,0.114587
4352,0.280414,0.113134
4353,0.264495,0.112780
4354,0.268351,0.114779
4355,0.262167,0.114320
4356,0.280914,0.113983
4357,0.284752,0.113092
4358,0.296090,0.112586
4359,0.284530,0.112966
4360,0.269995,0.113148
4361,0.259759,0.113709
4362,0.261138,0.114073
4363,0.261102,0.114247
4364,0.276872,0.114178
4365,0.271422,0.113915
4366,0.267594,0.112823
4367,0.261047,0.112101
4368,0.270108,0.113127
4369,0.257193,0.113070
4370,0.257461,0.113333
4371,0.267846,0.114315
4372,0.269143,0.114191
4373,0.266414,0.113844
4374,0.261570,0.113328
4375,0.260650,0.112661
4376,0.259739,0.112349
4377,0.272163,0.113153
4378,0.263223,0.113276
4379,0.261980,0.113234
4380,0.272885,0.113822
4381,0.270143,0.113872
4382,0.277730,0.113830
4383,0.271517,0.113319
4384,0.268997,0.113052
4385,0.284987,0.112914
4386,0.275025,0.112712
4387,0.276905,0.113329
4388,0.259815,0.113373
4389,0.258091,0.113885
4390,0.266370,0.113949
4391,0.277034,0.113705
4392,0.262544,0.113634
4393,0.277721,0.113544
4394,0.268701,0.113239
4395,0.260282,0.112778
4396,0.270980,0.113645
4397,0.266883,0.114013
4398,0.268782,0.114317
4399,0.269822,0.114053
4400,0.272135,0.113171
4401,0.265824,0.114296
4402,0.261943,0.113150
4403,0.275770,0.112964
4404,0.259926,0.113495
4405,0.269474,0.114212
4406,0.264434,0.113869
4407,0.276176,0.114133
4408,0.275197,0.112931
4409,0.274559,0.113384
4410,0.264925,0.113342
4411,0.258879,0.113751
4412,0.269019,0.113492
4413,0.266934,0.113126
4414,0.268261,0.114869
4415,0.274492,0.114111
4416,0.269805,0.113136
4417,0.257933,0.112794
4418,0.272745,0.113431
4419,0.274661,0.112803
4420,0.278778,0.112824
4421,0.273340,0.113351
4422,0.264317,0.114143
4423,0.256812,0.114492
4424,0.270165,0.113366
4425,0.276991,0.113267
4426,0.276493,0.113398
4427,0.280508,0.112368
4428,0.266074,0.113259
4429,0.268236,0.113091
4430,0.275943,0.113504
4431,0.280022,0.114205
4432,0.266220,0.113991
4433,0.272881,0.113229
4434,0.279823,0.113357
4435,0.270364,0.113260
4436,0.261257,0.112656
4437,0.259966,0.113161
4438,0.262000,0.113457
4439,0.258011,0.113465
4440,0.271894,0.114500
4441,0.266698,0.112748
4442,0.265890,0.113707
4443,0.270735,0.113605
4444,0.269155,0.113411
4445,0.269097,0.113150
4446,0.273869,0.113293
4447,0.276732,0.113456
4448,0.276545,0.113694
4449,0.271901,0.113309
4450,0.260835,0.113446
4451,0.265959,0.114572
4452,0.269593,0.112569
4453,0.267164,0.113670
4454,0.252289,0.113731
4455,0.290861,0.113956
4456,0.275188,0.113773
4457,0.268594,0.113261
4458,0.259544,0.112931
4459,0.278820,0.112907
4460,0.264875,0.113610
4461,0.265697,0.113302
4462,0.261291,0.113276
4463,0.272642,0.113776
4464,0.262028,0.113940
4465,0.271695,0.113512
4466,0.277489,0.113039
4467,0.272431,0.113549
4468,0.261396,0.113389
4469,0.264556,0.112524
4470,0.289577,0.113304
4471,0.282425,0.113865
4472,0.264829,0.114186
4473,0.267948,0.113090
4474,0.261696,0.113643
4475,0.277300,0.113408
4476,0.265351,0.113136
4477,0.295033,0.113087
4478,0.266902,0.112870
4479,0.268540,0.113819
4480,0.269201,0.113609
4481,0.270902,0.113881
4482,0.270496,0.113976
4483,0.274698,0.113838
4484,0.258648,0.113261
4485,0.267744,0.113199
4486,0.279375,0.112997
4487,0.271168,0.112377
4488,0.278611,0.113656
4489,0.261163,0.113732
4490,0.269810,0.114019
4491,0.261195,0.113626
4492,0.275627,0.113807
4493,0.285337,0.113193
4494,0.276968,0.112939
4495,0.265077,0.112711
4496,0.270525,0.113203
4497,0.269756,0.114206
4498,0.261795,0.114029
4499,0.264918,0.113630
4500,0.266943,0.113349
4501,0.265968,0.114150
4502,0.271984,0.113592
4503,0.289481,0.112574
4504,0.270695,0.113163
4505,0.268308,0.113856
4506,0.285659,0.114389
4507,0.269993,0.113621
4508,0.274209,0.112678
4509,0.264695,0.113526
4510,0.271102,0.113965
4511,0.272622,0.113078
4512,0.256193,0.112262
4513,0.272130,0.113480
4514,0.260077,0.114430
4515,0.276412,0.114933
4516,0.276039,0.113116
4517,0.285336,0.112995
4518,0.264198,0.112751
4519,0.279353,0.113098
4520,0.262540,0.113077
4521,0.269947,0.113236
4522,0.263132,0.114029
4523,0.278279,0.114278
4524,0.271590,0.114145
4525,0.269863,0.112425
4526,0.260652,0.112620
4527,0.273470,0.113325
4528,0.271956,0.113295
4529,0.268725,0.113304
4530,0.264933,0.113663
4531,0.261018,0.113784
4532,0.274460,0.114112
4533,0.265281,0.112646
4534,0.265203,0.112738
4535,0.270625,0.113212
4536,0.266572,0.113640
4537,0.266068,0.113658
4538,0.277733,0.113637
4539,0.277922,0.113763
4540,0.266974,0.113218
4541,0.260750,0.113905
4542,0.262621,0.113345
4543,0.266545,0.112801
4544,0.261112,0.113600
4545,0.260509,0.113322
4546,0.256536,0.113853
4547,0.266799,0.113057
4548,0.280018,0.113308
4549,0.264466,0.113746
4550,0.268678,0.113673
4551,0.284065,0.114111
4552,0.263523,0.113113
4553,0.265103,0.113192
4554,0.268599,0.113855
4555,0.267352,0.113983
4556,0.276590,0.113978
4557,0.273258,0.113683
4558,0.263430,0.113215
4559,0.265339,0.113779
4560,0.277204,0.113509
4561,0.266902,0.112964
4562,0.264472,0.113473
4563,0.265676,0.113604
4564,0.278744,0.113601
4565,0.263637,0.113657
4566,0.277007,0.114331
4567,0.269451,0.113580
4568,0.273347,0.113287
4569,0.264800,0.112869
4570,0.279579,0.112974
4571,0.271599,0.113557
4572,0.264678,0.113174
4573,0.273719,0.113558
4574,0.256255,0.114444
4575,0.274330,0.114002
4576,0.262763,0.113202
4577,0.269130,0.112671
4578,0.266866,0.113315
4579,0.266483,0.112530
4580,0.266268,0.113266
4581,0.271201,0.113422
4582,0.273466,0.114050
4583,0.268970,0.114155
4584,0.285601,0.113777
4585,0.265917,0.113120
4586,0.264893,0.113151
4587,0.271426,0.112976
4588,0.271541,0.113414
4589,0.279194,0.113261
4590,0.265157,0.114142
4591,0.266806,0.113768
4592,0.277364,0.114081
4593,0.268078,0.112847
4594,0.262035,0.113119
4595,0.263521,0.112843
4596,0.265410,0.113535
4597,0.274074,0.113879
4598,0.273656,0.113950
4599,0.281393,0.113384
4600,0.272820,0.113122
4601,0.270504,0.114646
4602,0.271141,0.113768
4603,0.271419,0.112795
4604,0.262641,0.112190
4605,0.259239,0.114322
4606,0.264629,0.114043
4607,0.268485,0.112943
4608,0.267320,0.112906
4609,0.274936,0.113930
4610,0.274423,0.114164
4611,0.261676,0.113632
4612,0.267133,0.113023
4613,0.259985,0.113075
4614,0.262843,0.113808
4615,0.267726,0.113512
4616,0.271624,0.113572
4617,0.274176,0.113381
4618,0.269530,0.113726
4619,0.263100,0.114283
4620,0.271104,0.113341
4621,0.279040,0.112891
4622,0.263969,0.113285
4623,0.261977,0.113590
4624,0.266397,0.113447
4625,0.274400,0.112808
4626,0.268442,0.113150
4627,0.276479,0.114365
4628,0.264530,0.114542
4629,0.275916,0.113087
4630,0.273782,0.112708
4631,0.281293,0.113083
4632,0.284657,0.113190
4633,0.262097,0.113550
4634,0.267780,0.113222
4635,0.263825,0.113707
4636,0.278047,0.114590
4637,0.265277,0.113912
4638,0.263479,0.113543
4639,0.274298,0.112673
4640,0.269889,0.112508
4641,0.264894,0.113325
4642,0.270439,0.113390
4643,0.263690,0.113942
4644,0.283788,0.114216
4645,0.288687,0.114133
4646,0.267156,0.113623
4647,0.266647,0.113225
4648,0.276185,0.113011
4649,0.270707,0.113036
4650,0.281562,0.113376
4651,0.275322,0.115418
4652,0.275095,0.114532
4653,0.271449,0.113909
4654,0.265710,0.113899
4655,0.264530,0.113545
4656,0.272244,0.112844
4657,0.260776,0.112644
4658,0.284545,0.113147
4659,0.280203,0.114150
4660,0.267454,0.114295
4661,0.274217,0.113958
4662,0.264806,0.114344
4663,0.266963,0.113498
4664,0.263542,0.112837
4665,0.265257,0.113162
4666,0.278093,0.113451
4667,0.273155,0.113722
4668,0.277430,0.113995
4669,0.271778,0.114258
4670,0.268693,0.113503
4671,0.264263,0.113131
4672,0.265232,0.113239
4673,0.267419,0.112944
4674,0.262065,0.113239
4675,0.271825,0.113427
4676,0.268659,0.114070
4677,0.272533,0.113753
4678,0.260576,0.113246
4679,0.271427,0.114068
4680,0.272218,0.113195
4681,0.270897,0.113015
4682,0.271252,0.112837
4683,0.268016,0.113226
4684,0.278595,0.113953
4685,0.284997,0.113146
4686,0.265888,0.114127
4687,0.273045,0.114071
4688,0.274521,0.113685
4689,0.263504,0.113179
4690,0.268714,0.112863
4691,0.279697,0.112790
4692,0.274180,0.113164
4693,0.260935,0.113414
4694,0.267599,0.114020
4695,0.267491,0.114425
4696,0.270003,0.113269
4697,0.274822,0.113363
4698,0.282131,0.113229
4699,0.270720,0.112985
4700,0.271297,0.113392
4701,0.276162,0.115602
4702,0.269592,0.113644
4703,0.277252,0.113201
4704,0.260054,0.114214
4705,0.263026,0.113993
4706,0.271329,0.113057
4707,0.263644,0.112787
4708,0.271201,0.113754
4709,0.283272,0.114581
4710,0.273381,0.113874
4711,0.262986,0.114213
4712,0.274914,0.114203
4713,0.273080,0.113219
4714,0.286406,0.113377
4715,0.274116,0.113477
4716,0.279521,0.113130
4717,0.281952,0.113473
4718,0.276751,0.114419
4719,0.281674,0.114338
4720,0.288544,0.113877
4721,0.277631,0.113316
4722,0.267587,0.113184
4723,0.269150,0.112816
4724,0.268299,0.112589
4725,0.269763,0.113370
4726,0.275098,0.114611
4727,0.259998,0.114030
4728,0.263520,0.114122
4729,0.285283,0.114277
4730,0.280413,0.113530
4731,0.276940,0.113133
4732,0.275748,0.112776
4733,0.273100,0.113127
4734,0.263009,0.113280
4735,0.275272,0.113703
4736,0.276237,0.113985
4737,0.277227,0.114204
4738,0.276850,0.113986
4739,0.272528,0.113550
4740,0.274346,0.113499
4741,0.296615,0.112659
4742,0.290416,0.112782
4743,0.271604,0.113396
4744,0.278509,0.113669
4745,0.271421,0.113618
4746,0.264990,0.114539
4747,0.270504,0.114496
4748,0.298409,0.113534
4749,0.272661,0.112645
4750,0.274654,0.113634
4751,0.271971,0.114841
4752,0.270277,0.113381
4753,0.264675,0.113672
4754,0.267373,0.113930
4755,0.261590,0.113782
4756,0.267356,0.113635
4757,0.267010,0.113269
4758,0.267751,0.113877
4759,0.272850,0.114418
4760,0.266590,0.113887
4761,0.271802,0.113159
4762,0.276790,0.113692
4763,0.275018,0.113928
4764,0.277996,0.113372
4765,0.261168,0.113616
4766,0.273426,0.113168
4767,0.272432,0.113340
4768,0.262938,0.113431
4769,0.267988,0.113531
4770,0.280997,0.113798
4771,0.261167,0.113477
4772,0.269886,0.114147
4773,0.269997,0.113131
4774,0.258311,0.113336
4775,0.259741,0.113244
4776,0.266090,0.113810
4777,0.271034,0.113699
4778,0.275824,0.113549
4779,0.276855,0.114525
4780,0.264308,0.113376
4781,0.279614,0.113165
4782,0.278752,0.112650
4783,0.277858,0.114060
4784,0.261394,0.114080
4785,0.270843,0.113505
4786,0.264920,0.114375
4787,0.271696,0.113737
4788,0.280058,0.113509
4789,0.276821,0.112956
4790,0.273927,0.113328
4791,0.268777,0.113139
4792,0.277013,0.113318
4793,0.269893,0.114213
4794,0.269772,0.114068
4795,0.262873,0.113716
4796,0.285771,0.113773
4797,0.277812,0.113335
4798,0.274504,0.113533
4799,0.270518,0.113309
4800,0.270569,0.113632
4801,0.279196,0.114762
4802,0.274585,0.113718
4803,0.264895,0.113637
4804,0.259439,0.113710
4805,0.267157,0.113370
4806,0.254540,0.113331
4807,0.266997,0.112461
4808,0.276391,0.112923
4809,0.263807,0.114561
4810,0.260639,0.114365
4811,0.271950,0.113999
4812,0.268500,0.113893
4813,0.267669,0.113650
4814,0.289672,0.113445
4815,0.268803,0.112683
4816,0.286503,0.112726
4817,0.278060,0.113669
4818,0.270341,0.115111
4819,0.273197,0.113591
4820,0.283455,0.113475
4821,0.272008,0.112894
4822,0.276630,0.113561
4823,0.272152,0.113255
4824,0.275096,0.113220
4825,0.278040,0.113875
4826,0.286555,0.113967
4827,0.274414,0.113938
4828,0.285122,0.113188
4829,0.271445,0.113595
4830,0.271279,0.113587
4831,0.276569,0.113806
4832,0.276542,0.113732
4833,0.278763,0.113120
4834,0.270299,0.113881
4835,0.283562,0.113514
4836,0.271545,0.113669
4837,0.265843,0.113796
4838,0.290582,0.113542
4839,0.276150,0.113865
4840,0.273744,0.113502
4841,0.274157,0.112949
4842,0.269808,0.113253
4843,0.265502,0.114030
4844,0.278360,0.114421
4845,0.289554,0.113425
4846,0.285050,0.113847
4847,0.271960,0.113296
4848,0.275994,0.113137
4849,0.281845,0.112836
4850,0.285203,0.113230
4851,0.280969,0.115039
4852,0.276124,0.113738
4853,0.251971,0.113262
4854,0.278782,0.113848
4855,0.272751,0.113653
4856,0.269630,0.112915
4857,0.271308,0.112952
4858,0.268462,0.113044
4859,0.275503,0.114032
4860,0.273217,0.114118
4861,0.270791,0.113821
4862,0.283047,0.113683
4863,0.272573,0.113933
4864,0.265944,0.113907
4865,0.276159,0.113128
4866,0.280876,0.113340
4867,0.273052,0.113038
4868,0.273136,0.114315
4869,0.273135,0.114109
4870,0.267643,0.113623
4871,0.261436,0.113089
4872,0.270093,0.114085
4873,0.273147,0.113433
4874,0.283330,0.112886
4875,0.271393,0.113686
4876,0.286484,0.113351
4877,0.290328,0.113960
4878,0.291438,0.113726
4879,0.269691,0.113279
4880,0.285006,0.113772
4881,0.270814,0.112953
4882,0.281628,0.113262
4883,0.269781,0.113562
4884,0.285855,0.113479
4885,0.272352,0.113783
4886,0.269664,0.113570
4887,0.275446,0.113116
4888,0.298921,0.113053
4889,0.271919,0.113630
4890,0.272123,0.113335
4891,0.265151,0.113585
4892,0.271212,0.113673
4893,0.271216,0.113354
4894,0.271544,0.113246
4895,0.279934,0.113027
4896,0.286615,0.113337
4897,0.274680,0.113623
4898,0.264181,0.114078
4899,0.280549,0.113444
4900,0.266811,0.113390
4901,0.279714,0.114533
4902,0.275284,0.113197
4903,0.267579,0.112943
4904,0.268402,0.113554
4905,0.283877,0.113086
4906,0.260171,0.113267
4907,0.278386,0.113415
4908,0.282095,0.113556
4909,0.267296,0.113918
4910,0.269398,0.113848
4911,0.273237,0.114586
4912,0.268022,0.113622
4913,0.264223,0.112805
4914,0.260582,0.113562
4915,0.281498,0.113810
4916,0.272709,0.113139
4917,0.269854,0.113926
4918,0.278596,0.113876
4919,0.274741,0.113264
4920,0.266331,0.113080
4921,0.262096,0.113633
4922,0.269723,0.113392
4923,0.284018,0.113211
4924,0.265848,0.113326
4925,0.274887,0.113489
4926,0.280014,0.114384
4927,0.275533,0.113158
4928,0.280221,0.114268
4929,0.268229,0.114126
4930,0.267502,0.113456
4931,0.274240,0.112826
4932,0.281488,0.113116
4933,0.284689,0.112990
4934,0.274032,0.113429
4935,0.276105,0.113718
4936,0.286237,0.113970
4937,0.262489,0.113952
4938,0.283444,0.113242
4939,0.275114,0.113355
4940,0.271514,0.113115
4941,0.277935,0.112435
4942,0.279783,0.113987
4943,0.274493,0.113745
4944,0.277801,0.114269
4945,0.268816,0.113880
4946,0.265863,0.113553
4947,0.296628,0.113410
4948,0.280135,0.113154
4949,0.273077,0.112766
4950,0.286259,0.113245
4951,0.269051,0.115428
4952,0.276890,0.113997
4953,0.272030,0.113658
4954,0.270092,0.113926
4955,0.280089,0.112635
4956,0.275214,0.112522
4957,0.269051,0.113289
4958,0.283157,0.113305
4959,0.267437,0.113287
4960,0.274930,0.114826
4961,0.270094,0.114416
4962,0.300593,0.113567
4963,0.263035,0.113024
4964,0.275896,0.113269
4965,0.268052,0.112797
4966,0.278557,0.112612
4967,0.279927,0.113438
4968,0.266943,0.113984
4969,0.273702,0.114284
4970,0.279375,0.113856
4971,0.285895,0.113478
4972,0.268960,0.113164
4973,0.274385,0.112483
4974,0.269827,0.113020
4975,0.268211,0.113229
4976,0.279797,0.114059
4977,0.276382,0.114316
4978,0.273610,0.114663
4979,0.277208,0.113359
4980,0.287209,0.112978
4981,0.280742,0.112966
4982,0.270302,0.113850
4983,0.276481,0.112606
4984,0.264980,0.113597
4985,0.271973,0.114384
4986,0.278392,0.114062
4987,0.270057,0.113449
4988,0.276494,0.114175
4989,0.279354,0.113461
4990,0.287816,0.113792
4991,0.273842,0.113514
4992,0.284549,0.113386
4993,0.278491,0.113481
4994,0.261389,0.113423
4995,0.281039,0.114044
4996,0.275923,0.113837
4997,0.265508,0.113727
4998,0.291365,0.112977
4999,0.281088,0.113182
5000,0.284567,0.113909
