step,grad_norm,step_time
1,1.289210,0.126980
2,1.298624,0.106576
3,1.290725,0.105343
4,1.208734,0.105090
5,1.309614,0.106086
6,1.330006,0.106129
7,1.341979,0.104666
8,1.380241,0.107535
9,1.511060,0.107425
10,1.569813,0.107079
11,1.683594,0.106964
12,1.816510,0.105600
13,1.927425,0.110962
14,1.884998,0.105996
15,1.932370,0.105018
16,1.923026,0.105377
17,1.763273,0.106058
18,1.670884,0.106787
19,1.737032,0.107087
20,1.599613,0.105564
21,1.564800,0.106582
22,1.496083,0.109609
23,1.296885,0.105643
24,1.139352,0.105572
25,1.035590,0.105338
26,0.958562,0.106092
27,0.984634,0.106774
28,0.829071,0.107325
29,0.671031,0.106470
30,0.725352,0.105180
31,0.516212,0.106614
32,0.564007,0.105883
33,0.518475,0.105225
34,0.547010,0.105314
35,0.541673,0.106340
36,0.501192,0.109568
37,0.481592,0.106033
38,0.488446,0.109974
39,0.481818,0.105825
40,0.553484,0.105374
41,0.447398,0.105926
42,0.519263,0.105357
43,0.467604,0.105698
44,0.440476,0.106900
45,0.466027,0.109120
46,0.422938,0.106452
47,0.480549,0.110666
48,0.468381,0.106200
49,0.493085,0.105825
50,0.439466,0.105878
51,0.436221,0.106740
52,0.610502,0.105393
53,0.503727,0.106076
54,0.440602,0.106786
55,0.468836,0.106458
56,0.472224,0.106614
57,0.455484,0.105893
58,0.586986,0.105922
59,0.457704,0.106753
60,0.492756,0.111464
61,0.523987,0.105508
62,0.473623,0.110838
63,0.441453,0.106188
64,0.424366,0.106342
65,0.456614,0.111259
66,0.496744,0.105448
67,0.520083,0.106259
68,0.507677,0.106422
69,0.446840,0.106352
70,0.628156,0.106381
71,0.428427,0.106875
72,0.581453,0.105006
73,0.453204,0.107477
74,0.487276,0.106328
75,0.449212,0.106573
76,0.442804,0.105861
77,0.420736,0.111228
78,0.423508,0.105747
79,0.474537,0.107563
80,0.505007,0.106024
81,0.460859,0.105692
82,0.546874,0.107521
83,0.437822,0.107087
84,0.461125,0.106393
85,0.485688,0.106939
86,0.473169,0.106138
87,0.535737,0.106647
88,0.477140,0.106690
89,0.474390,0.106797
90,0.467502,0.106065
91,0.495509,0.107132
92,0.476527,0.106207
93,0.515065,0.106969
94,0.526882,0.106404
95,0.505856,0.107151
96,0.536352,0.106386
97,0.593593,0.106650
98,0.461471,0.106430
99,0.533334,0.105819
100,0.479139,0.108486
101,0.458507,0.107129
102,0.493589,0.106039
103,0.466513,0.106700
104,0.441299,0.106593
105,0.440813,0.107360
106,0.479723,0.106495
107,0.492642,0.106401
108,0.447600,0.105892
109,0.458421,0.105963
110,0.473433,0.106652
111,0.408618,0.106198
112,0.447886,0.107201
113,0.475285,0.113521
114,0.454373,0.105786
115,0.417819,0.106278
116,0.477751,0.106412
117,0.481258,0.106550
118,0.533249,0.106350
119,0.482758,0.106410
120,0.500581,0.106870
121,0.485358,0.106995
122,0.441633,0.106374
123,0.489938,0.106209
124,0.432693,0.105985
125,0.456683,0.106264
126,0.453489,0.105957
127,0.509926,0.106159
128,0.501934,0.106560
129,0.538594,0.106911
130,0.511685,0.106545
131,0.439399,0.106948
132,0.453318,0.106383
133,0.467545,0.106154
134,0.467152,0.106271
135,0.476656,0.105576
136,0.529549,0.106256
137,0.477331,0.107067
138,0.474522,0.106592
139,0.485075,0.107075
140,0.503132,0.106203
141,0.587750,0.106580
142,0.482199,0.106463
143,0.493798,0.106429
144,0.451758,0.106034
145,0.529199,0.106118
146,0.479428,0.106728
147,0.466246,0.106549
148,0.516806,0.106514
149,0.557207,0.106578
150,0.500584,0.106909
151,0.523460,0.107095
152,0.467637,0.106048
153,0.566283,0.106742
154,0.480123,0.107055
155,0.518295,0.106516
156,0.471492,0.106688
157,0.474958,0.106818
158,0.485153,0.105826
159,0.467274,0.106683
160,0.464679,0.109515
161,0.512965,0.105845
162,0.470230,0.106513
163,0.519264,0.105835
164,0.506740,0.106720
165,0.478715,0.107010
166,0.494804,0.109234
167,0.442432,0.106992
168,0.460736,0.106581
169,0.466495,0.106116
170,0.530082,0.105818
171,0.511664,0.105828
172,0.511602,0.108121
173,0.502315,0.106253
174,0.500718,0.106325
175,0.665520,0.106206
176,0.500036,0.107575
177,0.483399,0.106712
178,0.466666,0.106537
179,0.440340,0.112004
180,0.438679,0.105836
181,0.460146,0.105841
182,0.501223,0.105617
183,0.459590,0.105889
184,0.538998,0.111120
185,0.520708,0.105680
186,0.549964,0.108195
187,0.464194,0.106003
188,0.478623,0.107163
189,0.432062,0.106629
190,0.422047,0.106043
191,0.455360,0.105983
192,0.436008,0.106692
193,0.431170,0.107882
194,0.496288,0.106070
195,0.521941,0.105668
196,0.525869,0.106403
197,0.466416,0.106762
198,0.441042,0.106949
199,0.464648,0.105655
200,0.466089,0.105369
201,0.428547,0.106070
202,0.508938,0.106196
203,0.448902,0.105976
204,0.463381,0.106381
205,0.429846,0.106435
206,0.418477,0.107054
207,0.560982,0.105529
208,0.539622,0.105813
209,0.422124,0.107102
210,0.460983,0.106001
211,0.442656,0.106857
212,0.442461,0.105807
213,0.487265,0.106557
214,0.443477,0.106945
215,0.413412,0.106546
216,0.465797,0.106426
217,0.420990,0.106264
218,0.460981,0.105822
219,0.448387,0.108169
220,0.487896,0.107725
221,0.471131,0.106032
222,0.431050,0.106230
223,0.459960,0.106970
224,0.469932,0.106525
225,0.452700,0.106907
226,0.437096,0.106296
227,0.434938,0.107152
228,0.441832,0.107701
229,0.449335,0.105635
230,0.470404,0.105359
231,0.466538,0.106158
232,0.462334,0.106490
233,0.449269,0.106899
234,0.435597,0.106144
235,0.429444,0.106773
236,0.428895,0.107250
237,0.445392,0.107375
238,0.449357,0.106459
239,0.409844,0.105887
240,0.446378,0.106123
241,0.426632,0.105809
242,0.437276,0.109564
243,0.419320,0.105414
244,0.423301,0.106202
245,0.509052,0.108601
246,0.468779,0.106738
247,0.441679,0.106294
248,0.520456,0.106246
249,0.437432,0.106132
250,0.515417,0.107072
251,0.511661,0.106753
252,0.467948,0.106176
253,0.451715,0.106615
254,0.455799,0.106769
255,0.475106,0.106382
256,0.376591,0.106219
257,0.460616,0.106328
258,0.480106,0.107031
259,0.386157,0.107336
260,0.410787,0.106207
261,0.436138,0.106580
262,0.373072,0.105648
263,0.390942,0.107178
264,0.393462,0.105944
265,0.437078,0.106028
266,0.432886,0.106632
267,0.489240,0.106755
268,0.467269,0.106843
269,0.480921,0.106002
270,0.452597,0.106012
271,0.441052,0.106579
272,0.423979,0.106897
273,0.406274,0.106263
274,0.427747,0.106244
275,0.438914,0.107133
276,0.429230,0.106846
277,0.447561,0.106589
278,0.425721,0.110652
279,0.408897,0.105311
280,0.426859,0.105239
281,0.422066,0.106682
282,0.395383,0.106830
283,0.416733,0.106158
284,0.409341,0.106464
285,0.446237,0.107464
286,0.445496,0.107387
287,0.404242,0.107007
288,0.397439,0.105834
289,0.404553,0.107071
290,0.391428,0.105377
291,0.390960,0.105537
292,0.412139,0.105903
293,0.423326,0.106898
294,0.376321,0.107342
295,0.433842,0.107231
296,0.435870,0.106533
297,0.464362,0.106676
298,0.415305,0.106617
299,0.374668,0.105456
300,0.464878,0.105526
301,0.438519,0.104881
302,0.398674,0.107711
303,0.440743,0.107759
304,0.393290,0.105217
305,0.407961,0.104778
306,0.398927,0.105513
307,0.372716,0.105557
308,0.370234,0.106576
309,0.388489,0.108174
310,0.439341,0.107024
311,0.411590,0.106888
312,0.430228,0.106384
313,0.430934,0.105275
314,0.564363,0.104975
315,0.461463,0.104723
316,0.478455,0.105975
317,0.389046,0.108519
318,0.414178,0.107377
319,0.454827,0.107135
320,0.397187,0.106649
321,0.446722,0.106780
322,0.392632,0.105868
323,0.446704,0.105363
324,0.404546,0.106223
325,0.409495,0.106923
326,0.386595,0.106226
327,0.378502,0.107109
328,0.381665,0.107407
329,0.373475,0.106804
330,0.401546,0.106900
331,0.381947,0.106043
332,0.427320,0.108132
333,0.400679,0.105576
334,0.405865,0.106521
335,0.404892,0.105775
336,0.382005,0.106619
337,0.371600,0.107011
338,0.385923,0.107872
339,0.397394,0.106707
340,0.407022,0.106478
341,0.396492,0.105274
342,0.403485,0.105786
343,0.407198,0.106077
344,0.392849,0.106306
345,0.384418,0.106547
346,0.399680,0.109024
347,0.363894,0.107571
348,0.420778,0.106596
349,0.388225,0.106404
350,0.373889,0.105202
351,0.424471,0.107042
352,0.408123,0.106385
353,0.385608,0.107052
354,0.388273,0.107773
355,0.405941,0.106692
356,0.412810,0.107036
357,0.364551,0.105954
358,0.391694,0.106226
359,0.418118,0.105727
360,0.400551,0.105719
361,0.400325,0.106771
362,0.475188,0.106434
363,0.362068,0.106459
364,0.456309,0.105583
365,0.377720,0.106824
366,0.391254,0.105725
367,0.401689,0.105593
368,0.390221,0.105781
369,0.408156,0.105978
370,0.426207,0.106944
371,0.372887,0.107041
372,0.396954,0.105666
373,0.357972,0.107354
374,0.392171,0.107050
375,0.355905,0.104916
376,0.415283,0.106333
377,0.402751,0.106212
378,0.412547,0.106114
379,0.353589,0.106150
380,0.405426,0.107043
381,0.382097,0.111558
382,0.379603,0.107617
383,0.371453,0.105738
384,0.351216,0.105350
385,0.354736,0.105477
386,0.433171,0.106337
387,0.380693,0.106040
388,0.368572,0.105701
389,0.390371,0.107633
390,0.362844,0.107662
391,0.421992,0.106745
392,0.346740,0.105911
393,0.356645,0.105601
394,0.425200,0.106241
395,0.404396,0.105775
396,0.370354,0.105872
397,0.355143,0.106222
398,0.384165,0.106916
399,0.376228,0.106824
400,0.372976,0.106751
401,0.371770,0.106979
402,0.357045,0.105690
403,0.357048,0.106945
404,0.391906,0.106601
405,0.381832,0.106602
406,0.422844,0.106759
407,0.344762,0.106880
408,0.430935,0.106665
409,0.343471,0.106063
410,0.463770,0.105970
411,0.332830,0.105592
412,0.371949,0.105898
413,0.357731,0.105957
414,0.399471,0.106916
415,0.386382,0.106134
416,0.427507,0.106543
417,0.373552,0.109144
418,0.395204,0.106458
419,0.451968,0.105737
420,0.376274,0.105454
421,0.385613,0.105259
422,0.395620,0.106369
423,0.393990,0.106730
424,0.368475,0.106333
425,0.384345,0.107425
426,0.366047,0.106436
427,0.363387,0.106928
428,0.345503,0.106297
429,0.348769,0.105613
430,0.351382,0.105353
431,0.370979,0.106265
432,0.389429,0.106565
433,0.360699,0.106307
434,0.364900,0.106772
435,0.342557,0.106919
436,0.383220,0.106816
437,0.361175,0.106043
438,0.357485,0.105188
439,0.373961,0.105129
440,0.379519,0.106675
441,0.347035,0.106587
442,0.360329,0.105922
443,0.346810,0.106960
444,0.401993,0.107163
445,0.346645,0.107330
446,0.385635,0.106455
447,0.429634,0.105779
448,0.430704,0.105284
449,0.379396,0.105851
450,0.386915,0.105987
451,0.390975,0.107345
452,0.387278,0.105854
453,0.373261,0.107031
454,0.375569,0.106435
455,0.363292,0.106928
456,0.356246,0.105903
457,0.355185,0.106017
458,0.430304,0.105589
459,0.333477,0.107332
460,0.442626,0.107109
461,0.426220,0.106428
462,0.362023,0.109120
463,0.347290,0.105860
464,0.336890,0.105363
465,0.344918,0.106141
466,0.345414,0.106101
467,0.383269,0.105774
468,0.330828,0.107184
469,0.339756,0.114474
470,0.348800,0.104948
471,0.339448,0.105365
472,0.400109,0.107754
473,0.392383,0.105452
474,0.350290,0.105019
475,0.521626,0.107435
476,0.333556,0.105236
477,0.403928,0.107572
478,0.358779,0.107335
479,0.362283,0.106895
480,0.345484,0.105765
481,0.341690,0.105943
482,0.336538,0.106266
483,0.342996,0.105680
484,0.343848,0.104777
485,0.342606,0.105731
486,0.343729,0.106693
487,0.315674,0.107322
488,0.372166,0.106990
489,0.378838,0.106243
490,0.422083,0.107819
491,0.370435,0.106054
492,0.384454,0.106027
493,0.369355,0.105457
494,0.383731,0.105411
495,0.349434,0.106528
496,0.335073,0.107166
497,0.361903,0.107067
498,0.365461,0.106335
499,0.341103,0.106082
500,0.343039,0.106635
501,0.338785,0.105695
502,0.339722,0.105626
503,0.368251,0.105966
504,0.345670,0.106541
505,0.406011,0.106835
506,0.367656,0.105991
507,0.373482,0.106451
508,0.375440,0.106169
509,0.391588,0.106763
510,0.381178,0.106305
511,0.369095,0.105987
512,0.354979,0.105897
513,0.364603,0.121021
514,0.387341,0.105393
515,0.330270,0.104958
516,0.375145,0.105265
517,0.333618,0.105940
518,0.379547,0.106659
519,0.337990,0.106581
520,0.350334,0.106048
521,0.368865,0.107163
522,0.331249,0.107616
523,0.338474,0.106330
524,0.347829,0.105440
525,0.311229,0.105394
526,0.336453,0.106410
527,0.326423,0.106475
528,0.312277,0.105995
529,0.352392,0.106354
530,0.319307,0.106935
531,0.347030,0.107193
532,0.338635,0.106276
533,0.368809,0.105572
534,0.323356,0.105564
535,0.344388,0.106033
536,0.352046,0.106574
537,0.324240,0.106707
538,0.376498,0.106738
539,0.351927,0.107211
540,0.320327,0.107398
541,0.336062,0.106589
542,0.381304,0.106013
543,0.322301,0.105205
544,0.376899,0.105657
545,0.325250,0.106172
546,0.345345,0.106152
547,0.350734,0.106569
548,0.330209,0.106563
549,0.327376,0.107103
550,0.339251,0.107113
551,0.326065,0.106408
552,0.369919,0.105697
553,0.325315,0.107443
554,0.378252,0.106403
555,0.335024,0.105874
556,0.339617,0.107727
557,0.326715,0.106833
558,0.333065,0.106417
559,0.334111,0.106954
560,0.330305,0.105836
561,0.314831,0.106193
562,0.321699,0.108448
563,0.319455,0.105500
564,0.321460,0.106191
565,0.349061,0.106443
566,0.317728,0.105477
567,0.369190,0.106682
568,0.338926,0.106623
569,0.343589,0.105951
570,0.309178,0.106691
571,0.386633,0.106304
572,0.356864,0.105963
573,0.344035,0.106148
574,0.326486,0.106431
575,0.327813,0.106525
576,0.336221,0.106439
577,0.344612,0.106657
578,0.347255,0.115420
579,0.318786,0.105549
580,0.336100,0.105938
581,0.335920,0.105197
582,0.317420,0.105082
583,0.333953,0.106060
584,0.300438,0.106275
585,0.337668,0.106852
586,0.351637,0.107554
587,0.319320,0.107472
588,0.347029,0.106218
589,0.313624,0.106106
590,0.349074,0.106030
591,0.319130,0.105857
592,0.332108,0.105276
593,0.319866,0.105753
594,0.330458,0.106638
595,0.317411,0.106995
596,0.351602,0.106732
597,0.358070,0.106244
598,0.322832,0.106363
599,0.322660,0.106249
600,0.325800,0.105671
601,0.358316,0.107289
602,0.333406,0.106294
603,0.314878,0.106758
604,0.335541,0.107002
605,0.295812,0.106665
606,0.315882,0.105933
607,0.339854,0.105789
608,0.318816,0.105635
609,0.334939,0.106313
610,0.326750,0.120043
611,0.303608,0.105831
612,0.340772,0.105191
613,0.338484,0.106970
614,0.363018,0.106140
615,0.315157,0.105903
616,0.351136,0.105999
617,0.334643,0.110736
618,0.308973,0.105649
619,0.328073,0.106244
620,0.300383,0.106392
621,0.374753,0.106032
622,0.360289,0.110182
623,0.345449,0.105663
624,0.312690,0.106245
625,0.312672,0.106762
626,0.330370,0.106471
627,0.324211,0.106824
628,0.297036,0.106328
629,0.330525,0.106606
630,0.333443,0.106482
631,0.335056,0.105022
632,0.357770,0.105604
633,0.321310,0.111331
634,0.340232,0.105202
635,0.334950,0.106138
636,0.322517,0.106573
637,0.325246,0.106605
638,0.326833,0.106597
639,0.319540,0.110505
640,0.303268,0.105898
641,0.327516,0.107094
642,0.320109,0.106413
643,0.311099,0.105798
644,0.325061,0.105695
645,0.340100,0.106678
646,0.354198,0.106066
647,0.324489,0.106609
648,0.337079,0.106325
649,0.324184,0.106317
650,0.329978,0.107051
651,0.314830,0.106328
652,0.323674,0.105018
653,0.326566,0.106520
654,0.322406,0.106470
655,0.311448,0.106883
656,0.334073,0.106407
657,0.308140,0.112849
658,0.337477,0.105834
659,0.321926,0.106017
660,0.320039,0.105619
661,0.370018,0.105771
662,0.316299,0.106450
663,0.375272,0.106321
664,0.326986,0.106435
665,0.326836,0.106914
666,0.315441,0.107148
667,0.298451,0.106761
668,0.345802,0.105663
669,0.317858,0.108019
670,0.336075,0.105430
671,0.325704,0.106646
672,0.309107,0.107146
673,0.317148,0.106043
674,0.296879,0.106913
675,0.282427,0.106952
676,0.293921,0.105482
677,0.307180,0.106498
678,0.306600,0.105212
679,0.323482,0.105916
680,0.286793,0.109889
681,0.376077,0.105580
682,0.298643,0.105663
683,0.320880,0.106768
684,0.318995,0.107726
685,0.320006,0.106575
686,0.335519,0.105834
687,0.308762,0.105560
688,0.316179,0.106256
689,0.326936,0.106725
690,0.282971,0.105714
691,0.312295,0.104826
692,0.318105,0.106770
693,0.298523,0.114492
694,0.331787,0.105768
695,0.309016,0.107085
696,0.314451,0.105415
697,0.319407,0.107496
698,0.298672,0.106596
699,0.331744,0.105573
700,0.304125,0.105363
701,0.292580,0.108040
702,0.305542,0.105861
703,0.290696,0.107266
704,0.282902,0.105000
705,0.302517,0.106417
706,0.298907,0.105694
707,0.303531,0.105319
708,0.321908,0.105791
709,0.294873,0.106984
710,0.301622,0.107125
711,0.300744,0.106766
712,0.296716,0.106262
713,0.354931,0.105445
714,0.313270,0.110148
715,0.315331,0.109589
716,0.290464,0.105157
717,0.309399,0.105776
718,0.310267,0.107215
719,0.320763,0.106938
720,0.301448,0.106545
721,0.324196,0.105523
722,0.313231,0.106134
723,0.288398,0.107247
724,0.301961,0.109370
725,0.296142,0.105962
726,0.325030,0.106899
727,0.299545,0.105901
728,0.347538,0.108388
729,0.331920,0.108448
730,0.317139,0.105794
731,0.330415,0.107184
732,0.344712,0.107724
733,0.307653,0.106159
734,0.307485,0.106139
735,0.329486,0.105784
736,0.312026,0.106438
737,0.310095,0.106593
738,0.327855,0.105763
739,0.309395,0.105988
740,0.348942,0.106704
741,0.316184,0.107096
742,0.306882,0.106395
743,0.316073,0.106072
744,0.304987,0.106590
745,0.297273,0.105999
746,0.312457,0.105915
747,0.299933,0.106089
748,0.295632,0.107852
749,0.301900,0.106418
750,0.308445,0.106888
751,0.320228,0.107340
752,0.309906,0.112742
753,0.301799,0.105164
754,0.329566,0.105322
755,0.304746,0.106194
756,0.314407,0.105952
757,0.314319,0.106492
758,0.290547,0.106365
759,0.279261,0.105826
760,0.297136,0.107092
761,0.291696,0.107677
762,0.305372,0.105879
763,0.300106,0.106192
764,0.302290,0.106159
765,0.314362,0.106661
766,0.291244,0.107329
767,0.308107,0.106413
768,0.334018,0.105525
769,0.354047,0.106438
770,0.327791,0.106505
771,0.319992,0.105148
772,0.290334,0.105554
773,0.326947,0.105603
774,0.324540,0.106531
775,0.298543,0.106906
776,0.329422,0.106746
777,0.334086,0.105925
778,0.347414,0.106568
779,0.301387,0.107757
780,0.297636,0.106240
781,0.292534,0.106283
782,0.287150,0.105721
783,0.316567,0.106422
784,0.302876,0.106346
785,0.320527,0.105952
786,0.321656,0.105562
787,0.291388,0.110312
788,0.339165,0.107097
789,0.319350,0.105834
790,0.330994,0.105830
791,0.306133,0.106802
792,0.295562,0.107166
793,0.301110,0.106913
794,0.297103,0.106419
795,0.301272,0.110526
796,0.317020,0.105986
797,0.296748,0.105926
798,0.285139,0.105439
799,0.286415,0.105827
800,0.322686,0.105938
801,0.294423,0.105928
802,0.337991,0.106665
803,0.302200,0.105755
804,0.297956,0.106199
805,0.308574,0.105833
806,0.296126,0.105280
807,0.298563,0.105639
808,0.312100,0.106010
809,0.288126,0.109467
810,0.319702,0.106710
811,0.306786,0.106777
812,0.286901,0.106825
813,0.306979,0.107318
814,0.290836,0.106069
815,0.293553,0.105810
816,0.294483,0.105631
817,0.278528,0.109653
818,0.325328,0.106333
819,0.286954,0.106081
820,0.316414,0.106299
821,0.297828,0.106194
822,0.291056,0.106118
823,0.286144,0.106039
824,0.279429,0.105862
825,0.300955,0.106902
826,0.295894,0.106533
827,0.292415,0.106721
828,0.280525,0.106663
829,0.296953,0.106282
830,0.275157,0.107055
831,0.293857,0.106151
832,0.276375,0.105487
833,0.288146,0.106304
834,0.276140,0.106138
835,0.279949,0.107309
836,0.285927,0.106983
837,0.292189,0.106156
838,0.308426,0.106451
839,0.301321,0.107164
840,0.308285,0.106668
841,0.291833,0.105416
842,0.316699,0.105750
843,0.305175,0.105564
844,0.295060,0.106692
845,0.309769,0.106793
846,0.307218,0.105808
847,0.303593,0.105970
848,0.346222,0.106939
849,0.315205,0.106757
850,0.315510,0.106047
851,0.310535,0.106706
852,0.280377,0.106067
853,0.327247,0.106380
854,0.274387,0.105893
855,0.297446,0.105922
856,0.290614,0.109392
857,0.290112,0.107513
858,0.273496,0.105827
859,0.285225,0.106293
860,0.268535,0.105802
861,0.309588,0.107184
862,0.282581,0.110829
863,0.343471,0.105392
864,0.278261,0.105668
865,0.300708,0.106564
866,0.294110,0.106217
867,0.299159,0.105794
868,0.302918,0.105375
869,0.305903,0.106576
870,0.276851,0.106874
871,0.285198,0.106913
872,0.290984,0.106291
873,0.289135,0.105979
874,0.280757,0.106816
875,0.313518,0.105978
876,0.308487,0.105850
877,0.288667,0.105887
878,0.321223,0.106013
879,0.288884,0.106810
880,0.290792,0.106932
881,0.297150,0.105917
882,0.288697,0.106016
883,0.277680,0.105512
884,0.298913,0.106519
885,0.284229,0.106455
886,0.306731,0.105853
887,0.286963,0.106215
888,0.308966,0.106541
889,0.307379,0.107025
890,0.290964,0.106395
891,0.291921,0.106105
892,0.285968,0.105910
893,0.294497,0.106520
894,0.292196,0.106030
895,0.291398,0.105945
896,0.296478,0.111177
897,0.291630,0.105629
898,0.312495,0.105495
899,0.280639,0.106146
900,0.291314,0.106274
901,0.284703,0.106752
902,0.289313,0.105869
903,0.279341,0.106843
904,0.271906,0.106549
905,0.294398,0.106699
906,0.291086,0.107006
907,0.282681,0.106196
908,0.296359,0.105766
909,0.271210,0.109891
910,0.297345,0.105861
911,0.287070,0.105766
912,0.288798,0.105245
913,0.294083,0.106280
914,0.275308,0.106202
915,0.281078,0.106638
916,0.279417,0.106423
917,0.294805,0.106153
918,0.302365,0.106529
919,0.286337,0.106721
920,0.308214,0.108280
921,0.268139,0.106318
922,0.332578,0.107049
923,0.262780,0.105996
924,0.280269,0.105819
925,0.288684,0.105912
926,0.285461,0.106715
927,0.300777,0.106739
928,0.288533,0.107162
929,0.285956,0.106235
930,0.279435,0.105527
931,0.276098,0.106666
932,0.283233,0.106302
933,0.277164,0.105932
934,0.279213,0.105942
935,0.279448,0.106254
936,0.266199,0.107252
937,0.278234,0.106403
938,0.288794,0.106617
939,0.284709,0.106697
940,0.283576,0.106374
941,0.272883,0.106390
942,0.269982,0.105730
943,0.284590,0.105769
944,0.293113,0.106417
945,0.286609,0.106499
946,0.286735,0.106869
947,0.282280,0.106670
948,0.284216,0.106765
949,0.277808,0.107077
950,0.283775,0.106330
951,0.270529,0.108444
952,0.286507,0.105922
953,0.295664,0.105984
954,0.277760,0.106660
955,0.294847,0.107227
956,0.373525,0.107129
957,0.267998,0.107683
958,0.329571,0.105703
959,0.291432,0.106651
960,0.286025,0.105783
961,0.279976,0.106007
962,0.290218,0.107224
963,0.291103,0.106314
964,0.277834,0.106996
965,0.300875,0.106327
966,0.282712,0.105043
967,0.272623,0.106071
968,0.278781,0.106112
969,0.302456,0.106016
970,0.278412,0.115577
971,0.265824,0.105321
972,0.301621,0.108073
973,0.282701,0.105833
974,0.285677,0.105802
975,0.272539,0.106317
976,0.291405,0.106599
977,0.315875,0.106423
978,0.278267,0.107169
979,0.304402,0.106635
980,0.283003,0.106716
981,0.296825,0.106971
982,0.292176,0.105692
983,0.291045,0.105743
984,0.299032,0.105944
985,0.287890,0.106849
986,0.278574,0.105927
987,0.290762,0.106641
988,0.307266,0.113816
989,0.271678,0.105407
990,0.301001,0.105679
991,0.280569,0.105793
992,0.272600,0.105479
993,0.277837,0.106184
994,0.262010,0.106256
995,0.285112,0.106577
996,0.270676,0.107652
997,0.297283,0.107131
998,0.269810,0.106993
999,0.299414,0.105958
1000,0.286752,0.105094
1001,0.302547,0.106939
1002,0.278257,0.106110
1003,0.272735,0.107063
1004,0.277759,0.107578
1005,0.278533,0.106634
1006,0.284385,0.108169
1007,0.279329,0.106302
1008,0.275250,0.110612
1009,0.280791,0.105505
1010,0.281431,0.105122
1011,0.265280,0.105305
1012,0.284215,0.106654
1013,0.272456,0.106708
1014,0.277978,0.106996
1015,0.272321,0.106816
1016,0.288154,0.106501
1017,0.278426,0.106647
1018,0.278546,0.105018
1019,0.311725,0.106178
1020,0.290773,0.105212
1021,0.301724,0.106031
1022,0.270587,0.105842
1023,0.295430,0.106497
1024,0.274034,0.107008
1025,0.255249,0.107481
1026,0.284065,0.105954
1027,0.256660,0.105887
1028,0.273580,0.106053
1029,0.275371,0.106159
1030,0.279312,0.106265
1031,0.287235,0.106208
1032,0.278341,0.106911
1033,0.264441,0.107317
1034,0.296067,0.107928
1035,0.286927,0.106073
1036,0.290802,0.105219
1037,0.308905,0.105452
1038,0.337414,0.106081
1039,0.289648,0.105994
1040,0.293589,0.105534
1041,0.284527,0.106108
1042,0.278053,0.107548
1043,0.286348,0.107411
1044,0.276339,0.106503
1045,0.264254,0.105980
1046,0.282202,0.105566
1047,0.284207,0.106164
1048,0.284456,0.105725
1049,0.276559,0.106063
1050,0.292063,0.106234
1051,0.274862,0.108158
1052,0.282847,0.107273
1053,0.288394,0.106397
1054,0.275096,0.105757
1055,0.267855,0.105870
1056,0.274286,0.106019
1057,0.278754,0.106747
1058,0.263410,0.105651
1059,0.278312,0.106634
1060,0.288470,0.107576
1061,0.305664,0.106622
1062,0.292782,0.106917
1063,0.286503,0.111697
1064,0.287177,0.105128
1065,0.289420,0.105272
1066,0.295578,0.105327
1067,0.276370,0.106250
1068,0.264862,0.106309
1069,0.279709,0.106889
1070,0.309067,0.108494
1071,0.279019,0.106954
1072,0.280374,0.106403
1073,0.306340,0.105609
1074,0.274312,0.105743
1075,0.280450,0.105752
1076,0.285359,0.112614
1077,0.285188,0.105650
1078,0.286524,0.106287
1079,0.284979,0.106909
1080,0.258128,0.106916
1081,0.292329,0.106723
1082,0.281050,0.105763
1083,0.276214,0.105493
1084,0.293144,0.107303
1085,0.273212,0.106308
1086,0.280115,0.106048
1087,0.284901,0.106147
1088,0.256110,0.106266
1089,0.312902,0.106889
1090,0.302966,0.106142
1091,0.267082,0.106248
1092,0.279956,0.105891
1093,0.331967,0.106864
1094,0.281067,0.106437
1095,0.315067,0.106218
1096,0.275870,0.108270
1097,0.285199,0.106297
1098,0.265032,0.106222
1099,0.277005,0.105724
1100,0.278713,0.105917
1101,0.272273,0.108467
1102,0.273929,0.106401
1103,0.272277,0.106138
1104,0.258596,0.106426
1105,0.271897,0.106557
1106,0.289450,0.106707
1107,0.266078,0.106355
1108,0.279198,0.105817
1109,0.277046,0.106017
1110,0.271525,0.106037
1111,0.275992,0.105798
1112,0.277173,0.110112
1113,0.267617,0.106191
1114,0.278751,0.106787
1115,0.266532,0.107187
1116,0.265967,0.106850
1117,0.252903,0.106861
1118,0.269495,0.109081
1119,0.292799,0.105618
1120,0.263916,0.106054
1121,0.286527,0.105631
1122,0.272893,0.106790
1123,0.270625,0.106690
1124,0.283582,0.108996
1125,0.263928,0.106730
1126,0.261443,0.107017
1127,0.271486,0.106255
1128,0.256578,0.106374
1129,0.279892,0.105627
1130,0.293040,0.106561
1131,0.274365,0.105758
1132,0.273128,0.106813
1133,0.263517,0.106945
1134,0.297967,0.106926
1135,0.255648,0.106391
1136,0.275060,0.105551
1137,0.268429,0.106250
1138,0.272955,0.106322
1139,0.265928,0.106309
1140,0.267314,0.106313
1141,0.252086,0.108568
1142,0.258664,0.106626
1143,0.271193,0.107495
1144,0.284114,0.106149
1145,0.263658,0.105489
1146,0.273839,0.105167
1147,0.283529,0.105507
1148,0.257578,0.105951
1149,0.283010,0.106401
1150,0.266219,0.105750
1151,0.284697,0.107939
1152,0.279742,0.106534
1153,0.260128,0.106298
1154,0.272438,0.105871
1155,0.282367,0.105466
1156,0.265835,0.107124
1157,0.264065,0.106659
1158,0.271712,0.109000
1159,0.272423,0.106666
1160,0.279575,0.108978
1161,0.261743,0.110739
1162,0.258570,0.109561
1163,0.275926,0.105809
1164,0.270035,0.109865
1165,0.268515,0.105426
1166,0.260404,0.105844
1167,0.264432,0.105890
1168,0.280760,0.106753
1169,0.290216,0.112734
1170,0.276705,0.106112
1171,0.274906,0.106249
1172,0.270695,0.106917
1173,0.273882,0.106467
1174,0.266520,0.105427
1175,0.271994,0.105727
1176,0.275630,0.105634
1177,0.268054,0.107741
1178,0.265644,0.108577
1179,0.259562,0.106109
1180,0.271134,0.106941
1181,0.262731,0.107135
1182,0.263443,0.106087
1183,0.262016,0.107300
1184,0.266055,0.105362
1185,0.271286,0.106248
1186,0.279368,0.106708
1187,0.291855,0.106364
1188,0.264854,0.106587
1189,0.297010,0.106701
1190,0.265203,0.107189
1191,0.274737,0.106786
1192,0.275834,0.105604
1193,0.273540,0.105812
1194,0.264703,0.105777
1195,0.289633,0.106669
1196,0.280452,0.106385
1197,0.271237,0.105864
1198,0.262260,0.106435
1199,0.280295,0.107255
1200,0.266247,0.106150
1201,0.293230,0.106194
1202,0.262651,0.105666
1203,0.248757,0.105924
1204,0.257720,0.106309
1205,0.274263,0.110278
1206,0.297054,0.106412
1207,0.276547,0.106829
1208,0.280592,0.106362
1209,0.282867,0.106721
1210,0.288032,0.106625
1211,0.295634,0.106652
1212,0.275496,0.105935
1213,0.294111,0.106179
1214,0.276933,0.106079
1215,0.262266,0.107637
1216,0.267887,0.106091
1217,0.278768,0.105881
1218,0.285230,0.106174
1219,0.277723,0.106097
1220,0.272418,0.107730
1221,0.264856,0.106407
1222,0.287310,0.106630
1223,0.265334,0.106336
1224,0.283906,0.106216
1225,0.296185,0.106029
1226,0.274014,0.106037
1227,0.295085,0.106161
1228,0.269260,0.106226
1229,0.248883,0.106571
1230,0.269012,0.106403
1231,0.262916,0.106140
1232,0.276211,0.106672
1233,0.264987,0.105852
1234,0.263825,0.106151
1235,0.259752,0.106585
1236,0.272279,0.106118
1237,0.265780,0.106876
1238,0.263448,0.106888
1239,0.266727,0.107290
1240,0.271712,0.105736
1241,0.256504,0.105994
1242,0.259241,0.106392
1243,0.276420,0.106299
1244,0.268477,0.106237
1245,0.259167,0.106526
1246,0.337973,0.106136
1247,0.261967,0.106749
1248,0.286393,0.106625
1249,0.282320,0.106340
1250,0.266729,0.106560
1251,0.280541,0.106585
1252,0.297481,0.105439
1253,0.263077,0.106515
1254,0.260485,0.106889
1255,0.261230,0.107119
1256,0.256907,0.105986
1257,0.269389,0.106718
1258,0.269495,0.106254
1259,0.284750,0.106032
1260,0.285086,0.106361
1261,0.274083,0.105770
1262,0.307766,0.106314
1263,0.265467,0.106403
1264,0.293867,0.106487
1265,0.262227,0.106710
1266,0.263384,0.107747
1267,0.277222,0.106034
1268,0.278685,0.106204
1269,0.284315,0.105952
1270,0.267722,0.106196
1271,0.281546,0.106000
1272,0.262969,0.106332
1273,0.261584,0.106537
1274,0.272376,0.106748
1275,0.291732,0.106392
1276,0.244032,0.106029
1277,0.276704,0.106444
1278,0.275810,0.106018
1279,0.268933,0.105884
1280,0.252068,0.106003
1281,0.264437,0.106389
1282,0.280371,0.106943
1283,0.283569,0.106466
1284,0.262363,0.105788
1285,0.283774,0.106431
1286,0.266362,0.105995
1287,0.259764,0.106267
1288,0.249786,0.106366
1289,0.252063,0.105659
1290,0.256614,0.106324
1291,0.238124,0.106853
1292,0.246367,0.106475
1293,0.250694,0.106143
1294,0.273968,0.105674
1295,0.267800,0.106465
1296,0.251814,0.106644
1297,0.261949,0.106440
1298,0.269321,0.106493
1299,0.263116,0.106011
1300,0.262525,0.106978
1301,0.260373,0.107061
1302,0.286755,0.105428
1303,0.272511,0.106175
1304,0.278008,0.106150
1305,0.265431,0.106627
1306,0.272197,0.105948
1307,0.262856,0.106216
1308,0.259421,0.107040
1309,0.273204,0.106783
1310,0.268326,0.106413
1311,0.290244,0.105944
1312,0.259408,0.105360
1313,0.259585,0.106177
1314,0.263321,0.106031
1315,0.281985,0.106423
1316,0.273262,0.106175
1317,0.252732,0.106220
1318,0.275253,0.107752
1319,0.271163,0.106448
1320,0.256153,0.105519
1321,0.266213,0.105867
1322,0.258636,0.105885
1323,0.273983,0.107297
1324,0.251695,0.105832
1325,0.277839,0.106176
1326,0.268799,0.106527
1327,0.258073,0.106616
1328,0.259174,0.107725
1329,0.259586,0.107705
1330,0.260040,0.105336
1331,0.376142,0.110917
1332,0.273488,0.105584
1333,0.263607,0.105361
1334,0.266678,0.106115
1335,0.263164,0.106143
1336,0.267688,0.106329
1337,0.272222,0.107220
1338,0.265713,0.106419
1339,0.249726,0.106683
1340,0.262858,0.106249
1341,0.270475,0.106257
1342,0.261802,0.105539
1343,0.264249,0.105949
1344,0.252863,0.106372
1345,0.285445,0.106959
1346,0.258744,0.107236
1347,0.277993,0.106464
1348,0.268557,0.106351
1349,0.255619,0.106679
1350,0.279278,0.105792
1351,0.278832,0.107246
1352,0.264677,0.105867
1353,0.255658,0.106585
1354,0.256705,0.106597
1355,0.258811,0.106627
1356,0.285470,0.106624
1357,0.259757,0.105973
1358,0.261601,0.105523
1359,0.279390,0.106059
1360,0.263781,0.106035
1361,0.283949,0.106598
1362,0.318386,0.106734
1363,0.313431,0.106759
1364,0.312161,0.112778
1365,0.303256,0.106305
1366,0.261445,0.104525
1367,0.296524,0.105490
1368,0.259549,0.105689
1369,0.273483,0.106435
1370,0.281143,0.106212
1371,0.268912,0.105993
1372,0.254193,0.107382
1373,0.255820,0.107381
1374,0.270575,0.105861
1375,0.262185,0.105846
1376,0.277372,0.105083
1377,0.263704,0.106266
1378,0.257287,0.106059
1379,0.268762,0.106000
1380,0.264391,0.107381
1381,0.255987,0.107225
1382,0.260641,0.107131
1383,0.272792,0.106578
1384,0.274217,0.105915
1385,0.265005,0.107543
1386,0.267386,0.105820
1387,0.260280,0.106668
1388,0.268381,0.109840
1389,0.277392,0.106007
1390,0.301573,0.110413
1391,0.281925,0.105830
1392,0.280127,0.108929
1393,0.279288,0.105557
1394,0.297301,0.105092
1395,0.284392,0.104968
1396,0.293001,0.106891
1397,0.285776,0.106452
1398,0.255324,0.107229
1399,0.263247,0.106632
1400,0.288839,0.106384
1401,0.288579,0.107104
1402,0.250816,0.105631
1403,0.309792,0.106273
1404,0.273448,0.105275
1405,0.257037,0.105833
1406,0.295189,0.106843
1407,0.259402,0.107038
1408,0.255279,0.106708
1409,0.260116,0.106904
1410,0.261382,0.106502
1411,0.267822,0.106328
1412,0.254466,0.105406
1413,0.257810,0.105765
1414,0.282897,0.106356
1415,0.269069,0.107592
1416,0.272238,0.106283
1417,0.291380,0.106464
1418,0.299424,0.106385
1419,0.298756,0.106866
1420,0.285346,0.106007
1421,0.265765,0.106077
1422,0.266442,0.106144
1423,0.260170,0.106896
1424,0.267133,0.107438
1425,0.278357,0.106567
1426,0.255112,0.105203
1427,0.267560,0.105896
1428,0.274291,0.106164
1429,0.268275,0.108301
1430,0.268341,0.106016
1431,0.248783,0.104973
1432,0.279418,0.105977
1433,0.281024,0.106507
1434,0.276097,0.106936
1435,0.250527,0.106564
1436,0.299023,0.105738
1437,0.266790,0.107476
1438,0.274611,0.106975
1439,0.291200,0.106236
1440,0.262325,0.105459
1441,0.278141,0.113007
1442,0.270128,0.105823
1443,0.251483,0.105145
1444,0.259889,0.105091
1445,0.254257,0.105695
1446,0.273887,0.106625
1447,0.258045,0.107351
1448,0.262146,0.106420
1449,0.271664,0.107804
1450,0.272245,0.109801
1451,0.253193,0.106500
1452,0.266593,0.104992
1453,0.267098,0.105103
1454,0.269825,0.105580
1455,0.249021,0.106932
1456,0.279364,0.106877
1457,0.262428,0.107710
1458,0.256889,0.106468
1459,0.273162,0.106557
1460,0.277559,0.106651
1461,0.249478,0.105407
1462,0.263204,0.105362
1463,0.255081,0.105724
1464,0.277333,0.105990
1465,0.253068,0.107157
1466,0.267012,0.106887
1467,0.251457,0.105839
1468,0.289441,0.106696
1469,0.269657,0.106656
1470,0.256370,0.105768
1471,0.260643,0.105646
1472,0.268097,0.105463
1473,0.267214,0.110069
1474,0.255433,0.106714
1475,0.258031,0.106222
1476,0.276404,0.106235
1477,0.267064,0.106889
1478,0.275542,0.108145
1479,0.275338,0.106425
1480,0.285156,0.105441
1481,0.260061,0.120657
1482,0.254237,0.104916
1483,0.250048,0.105271
1484,0.283813,0.105831
1485,0.283513,0.105884
1486,0.254455,0.106859
1487,0.248180,0.106429
1488,0.244562,0.106276
1489,0.267885,0.107654
1490,0.255466,0.107505
1491,0.265539,0.105603
1492,0.254926,0.106246
1493,0.261974,0.105242
1494,0.268049,0.106004
1495,0.259689,0.111291
1496,0.262925,0.106090
1497,0.253388,0.106418
1498,0.260944,0.106605
1499,0.258298,0.106705
1500,0.246696,0.106009
1501,0.254239,0.105554
1502,0.269522,0.108531
1503,0.256697,0.106310
1504,0.248888,0.105379
1505,0.252656,0.106211
1506,0.259749,0.106781
1507,0.259826,0.107051
1508,0.261952,0.105593
1509,0.262355,0.105921
1510,0.253869,0.106325
1511,0.267178,0.106624
1512,0.269302,0.106286
1513,0.246948,0.106033
1514,0.250188,0.105546
1515,0.273149,0.107070
1516,0.263531,0.107752
1517,0.258993,0.105735
1518,0.278510,0.105589
1519,0.251024,0.106862
1520,0.268261,0.106745
1521,0.264604,0.108379
1522,0.253262,0.105199
1523,0.253553,0.105891
1524,0.253458,0.106562
1525,0.266804,0.107447
1526,0.277630,0.106247
1527,0.250030,0.108529
1528,0.252420,0.105930
1529,0.265856,0.105944
1530,0.250191,0.106035
1531,0.251126,0.105659
1532,0.258803,0.105910
1533,0.257832,0.107495
1534,0.262847,0.107892
1535,0.253076,0.105194
1536,0.261547,0.105377
1537,0.262333,0.105263
1538,0.244901,0.108273
1539,0.263227,0.106213
1540,0.256382,0.105731
1541,0.257064,0.105986
1542,0.268200,0.107424
1543,0.248278,0.106814
1544,0.255062,0.106503
1545,0.254596,0.105271
1546,0.264156,0.106524
1547,0.254285,0.105685
1548,0.282780,0.106359
1549,0.277154,0.105644
1550,0.258575,0.107095
1551,0.263046,0.107415
1552,0.275677,0.106532
1553,0.260034,0.105729
1554,0.253039,0.105485
1555,0.256614,0.106518
1556,0.244655,0.106776
1557,0.257942,0.106297
1558,0.273380,0.106016
1559,0.262817,0.106470
1560,0.260079,0.106946
1561,0.253735,0.106544
1562,0.263546,0.105706
1563,0.270130,0.105399
1564,0.268505,0.105718
1565,0.244419,0.106437
1566,0.248286,0.106534
1567,0.257871,0.106540
1568,0.253690,0.106199
1569,0.253336,0.107501
1570,0.264742,0.105848
1571,0.262191,0.106091
1572,0.276311,0.105794
1573,0.305204,0.105606
1574,0.258860,0.105575
1575,0.295449,0.106680
1576,0.269890,0.106465
1577,0.252870,0.106159
1578,0.270205,0.106430
1579,0.270263,0.106655
1580,0.257461,0.107135
1581,0.265548,0.105347
1582,0.258383,0.106187
1583,0.264248,0.105949
1584,0.267235,0.105990
1585,0.284099,0.106970
1586,0.241177,0.106449
1587,0.260175,0.106746
1588,0.251755,0.107296
1589,0.266002,0.106063
1590,0.277637,0.105790
1591,0.244912,0.105373
1592,0.264302,0.106225
1593,0.272256,0.106723
1594,0.269552,0.106438
1595,0.262069,0.106760
1596,0.273680,0.107023
1597,0.258568,0.106911
1598,0.247704,0.106650
1599,0.280246,0.105368
1600,0.253826,0.105919
1601,0.259482,0.107348
1602,0.245755,0.105686
1603,0.264721,0.106905
1604,0.262062,0.106719
1605,0.255061,0.107012
1606,0.253272,0.106467
1607,0.264855,0.105834
1608,0.260007,0.105791
1609,0.246595,0.106879
1610,0.251645,0.106743
1611,0.264758,0.106259
1612,0.251491,0.106173
1613,0.249678,0.106934
1614,0.252416,0.106675
1615,0.247347,0.106705
1616,0.247108,0.106344
1617,0.239936,0.106310
1618,0.251710,0.107565
1619,0.262938,0.106859
1620,0.252041,0.106289
1621,0.269431,0.106514
1622,0.288040,0.106605
1623,0.253776,0.108281
1624,0.261785,0.106577
1625,0.254786,0.105914
1626,0.252735,0.105945
1627,0.258954,0.107164
1628,0.265467,0.107747
1629,0.261833,0.106595
1630,0.252344,0.107191
1631,0.247656,0.106892
1632,0.268548,0.106604
1633,0.257814,0.105927
1634,0.263444,0.105431
1635,0.251929,0.105962
1636,0.269671,0.106569
1637,0.267813,0.106681
1638,0.261188,0.106640
1639,0.262359,0.106334
1640,0.265126,0.106629
1641,0.263743,0.107326
1642,0.260257,0.106027
1643,0.265178,0.105896
1644,0.268033,0.106223
1645,0.261540,0.106442
1646,0.244052,0.106654
1647,0.282494,0.106876
1648,0.257937,0.105944
1649,0.245625,0.106864
1650,0.265099,0.106606
1651,0.254735,0.106916
1652,0.256051,0.105566
1653,0.274168,0.106122
1654,0.267457,0.107154
1655,0.245009,0.106675
1656,0.274374,0.106304
1657,0.271792,0.107049
1658,0.285916,0.106071
1659,0.252922,0.108879
1660,0.285819,0.105615
1661,0.254210,0.108320
1662,0.272172,0.105376
1663,0.274145,0.105142
1664,0.259605,0.106471
1665,0.243916,0.106666
1666,0.254006,0.107133
1667,0.243960,0.107484
1668,0.256791,0.106411
1669,0.242042,0.106482
1670,0.268994,0.106483
1671,0.256439,0.106616
1672,0.247349,0.107326
1673,0.272955,0.105164
1674,0.262724,0.105890
1675,0.258545,0.105049
1676,0.259968,0.107472
1677,0.242190,0.106945
1678,0.265272,0.106960
1679,0.252332,0.106779
1680,0.264666,0.106885
1681,0.251946,0.105993
1682,0.256333,0.105455
1683,0.268462,0.106170
1684,0.264840,0.106316
1685,0.257652,0.106711
1686,0.257436,0.106668
1687,0.267744,0.106659
1688,0.259503,0.106815
1689,0.257924,0.106432
1690,0.255577,0.106399
1691,0.260114,0.105740
1692,0.259685,0.106456
1693,0.256589,0.106938
1694,0.257977,0.106565
1695,0.276674,0.106438
1696,0.258382,0.106238
1697,0.250561,0.106769
1698,0.270363,0.106481
1699,0.250326,0.106341
1700,0.283873,0.105480
1701,0.260319,0.107294
1702,0.252893,0.106589
1703,0.292871,0.106481
1704,0.246068,0.106029
1705,0.261291,0.106620
1706,0.257854,0.106235
1707,0.260857,0.107243
1708,0.252488,0.105373
1709,0.249524,0.106554
1710,0.279302,0.106578
1711,0.263258,0.106374
1712,0.254613,0.105903
1713,0.278087,0.106524
1714,0.282009,0.106442
1715,0.252229,0.106683
1716,0.270576,0.107158
1717,0.300639,0.105516
1718,0.256743,0.105825
1719,0.304041,0.107136
1720,0.261635,0.106400
1721,0.259602,0.106484
1722,0.286460,0.106349
1723,0.272208,0.106466
1724,0.259173,0.107377
1725,0.251340,0.106272
1726,0.248073,0.106544
1727,0.241477,0.105811
1728,0.255161,0.106812
1729,0.246474,0.107061
1730,0.252464,0.106389
1731,0.253428,0.106216
1732,0.255843,0.106726
1733,0.249988,0.106229
1734,0.254145,0.106377
1735,0.244449,0.105341
1736,0.255324,0.106195
1737,0.253854,0.111047
1738,0.243754,0.105655
1739,0.262488,0.106438
1740,0.263567,0.105879
1741,0.256841,0.106541
1742,0.264157,0.107085
1743,0.264047,0.106451
1744,0.267765,0.105892
1745,0.269556,0.110597
1746,0.263742,0.106187
1747,0.262039,0.105267
1748,0.260087,0.105400
1749,0.259100,0.106270
1750,0.252457,0.106001
1751,0.284955,0.107504
1752,0.260327,0.106899
1753,0.244109,0.107064
1754,0.254625,0.105683
1755,0.253129,0.105928
1756,0.264080,0.105930
1757,0.255357,0.105937
1758,0.268278,0.106203
1759,0.247560,0.106647
1760,0.259103,0.106375
1761,0.261280,0.107938
1762,0.268908,0.106719
1763,0.284023,0.106603
1764,0.252333,0.105787
1765,0.274346,0.106029
1766,0.296843,0.105870
1767,0.255674,0.106302
1768,0.269014,0.106299
1769,0.285441,0.107121
1770,0.276864,0.106770
1771,0.259341,0.106372
1772,0.265902,0.106007
1773,0.260261,0.107450
1774,0.260709,0.106659
1775,0.244479,0.104797
1776,0.254676,0.106041
1777,0.261216,0.106742
1778,0.287407,0.108880
1779,0.251413,0.106669
1780,0.268424,0.105885
1781,0.286925,0.106326
1782,0.246915,0.116683
1783,0.242586,0.105131
1784,0.276255,0.106181
1785,0.269598,0.105026
1786,0.271208,0.106423
1787,0.259205,0.106136
1788,0.244820,0.106814
1789,0.263280,0.107493
1790,0.266680,0.107189
1791,0.241041,0.106784
1792,0.240063,0.108571
1793,0.253493,0.105175
1794,0.255427,0.105620
1795,0.251810,0.105655
1796,0.247765,0.106429
1797,0.255103,0.106670
1798,0.266981,0.106290
1799,0.266877,0.106824
1800,0.250999,0.106530
1801,0.258074,0.106666
1802,0.264051,0.105362
1803,0.270932,0.105766
1804,0.268656,0.106790
1805,0.245355,0.106353
1806,0.261249,0.106589
1807,0.251321,0.106468
1808,0.256168,0.106512
1809,0.251052,0.106864
1810,0.236037,0.106107
1811,0.247484,0.106009
1812,0.244337,0.106544
1813,0.256929,0.106419
1814,0.271174,0.106634
1815,0.245498,0.106889
1816,0.257209,0.106677
1817,0.278107,0.106653
1818,0.281943,0.106564
1819,0.252017,0.106359
1820,0.253658,0.105549
1821,0.264712,0.105731
1822,0.253790,0.106161
1823,0.267455,0.106675
1824,0.249113,0.106976
1825,0.263048,0.106991
1826,0.250711,0.107161
1827,0.244495,0.107614
1828,0.250995,0.106580
1829,0.249010,0.105550
1830,0.242420,0.105327
1831,0.247641,0.105674
1832,0.250556,0.106782
1833,0.245416,0.106907
1834,0.237246,0.107070
1835,0.244350,0.106369
1836,0.251080,0.106440
1837,0.250936,0.106771
1838,0.256636,0.105781
1839,0.259542,0.105537
1840,0.245541,0.105849
1841,0.260927,0.106066
1842,0.249554,0.106688
1843,0.255965,0.106906
1844,0.261447,0.106563
1845,0.253458,0.107053
1846,0.242789,0.106895
1847,0.268909,0.106216
1848,0.257502,0.104884
1849,0.259899,0.105327
1850,0.258222,0.106035
1851,0.285497,0.107779
1852,0.281013,0.107010
1853,0.263506,0.106534
1854,0.253367,0.106971
1855,0.246596,0.106332
1856,0.264214,0.105309
1857,0.253847,0.105862
1858,0.252239,0.107354
1859,0.280554,0.106151
1860,0.283330,0.107352
1861,0.259558,0.106370
1862,0.263198,0.106346
1863,0.270069,0.107054
1864,0.245187,0.105838
1865,0.256108,0.105329
1866,0.251513,0.105379
1867,0.262025,0.104968
1868,0.268234,0.106123
1869,0.266332,0.106953
1870,0.251431,0.106472
1871,0.261239,0.106891
1872,0.256042,0.106814
1873,0.262217,0.106997
1874,0.250770,0.106369
1875,0.256397,0.106146
1876,0.256324,0.106059
1877,0.251257,0.105301
1878,0.269164,0.105988
1879,0.261703,0.106759
1880,0.272101,0.106084
1881,0.270731,0.106754
1882,0.249748,0.106831
1883,0.263655,0.106303
1884,0.248970,0.106680
1885,0.246690,0.105768
1886,0.256018,0.108169
1887,0.250761,0.105237
1888,0.256895,0.106417
1889,0.250490,0.107412
1890,0.241605,0.106351
1891,0.268379,0.106815
1892,0.248987,0.106491
1893,0.243002,0.106547
1894,0.259940,0.106579
1895,0.246307,0.106084
1896,0.242456,0.105508
1897,0.277350,0.106295
1898,0.250205,0.106461
1899,0.272734,0.107335
1900,0.264128,0.106160
1901,0.263467,0.106927
1902,0.262026,0.105958
1903,0.271995,0.105868
1904,0.271166,0.105779
1905,0.256492,0.106199
1906,0.274793,0.106613
1907,0.265819,0.106619
1908,0.257100,0.106386
1909,0.286470,0.107708
1910,0.255675,0.106491
1911,0.246835,0.105709
1912,0.276688,0.106371
1913,0.252211,0.105936
1914,0.258538,0.105664
1915,0.270448,0.106667
1916,0.249921,0.106441
1917,0.276683,0.107175
1918,0.264718,0.106912
1919,0.247062,0.106726
1920,0.249632,0.106093
1921,0.311980,0.105902
1922,0.268970,0.106520
1923,0.249711,0.105660
1924,0.247926,0.106234
1925,0.291018,0.107238
1926,0.251617,0.106892
1927,0.265935,0.107050
1928,0.264819,0.106823
1929,0.266541,0.106206
1930,0.254589,0.105305
1931,0.253147,0.105969
1932,0.272673,0.106033
1933,0.255785,0.105923
1934,0.261693,0.106435
1935,0.260784,0.106599
1936,0.237449,0.106854
1937,0.246952,0.107012
1938,0.260897,0.106746
1939,0.246982,0.105744
1940,0.255201,0.106628
1941,0.266201,0.105967
1942,0.251394,0.106048
1943,0.291952,0.106753
1944,0.258992,0.106672
1945,0.312822,0.107012
1946,0.283562,0.106592
1947,0.243150,0.106873
1948,0.261548,0.105709
1949,0.301131,0.106274
1950,0.258445,0.106197
1951,0.270786,0.106923
1952,0.262340,0.106532
1953,0.256609,0.106595
1954,0.257634,0.106864
1955,0.272435,0.109582
1956,0.264290,0.105644
1957,0.262472,0.105425
1958,0.274136,0.105961
1959,0.254882,0.105895
1960,0.242370,0.106703
1961,0.273803,0.107207
1962,0.282999,0.106702
1963,0.280504,0.107328
1964,0.267242,0.106603
1965,0.264989,0.105677
1966,0.251786,0.106050
1967,0.279639,0.106371
1968,0.247803,0.106064
1969,0.255968,0.106656
1970,0.283526,0.106969
1971,0.281633,0.106454
1972,0.269156,0.106455
1973,0.275331,0.106947
1974,0.259466,0.106044
1975,0.257806,0.105641
1976,0.271913,0.106422
1977,0.258732,0.105934
1978,0.242242,0.106286
1979,0.267858,0.106782
1980,0.258310,0.106432
1981,0.244420,0.106545
1982,0.259005,0.106390
1983,0.245365,0.107450
1984,0.246747,0.105501
1985,0.262012,0.106053
1986,0.264548,0.107090
1987,0.258392,0.106513
1988,0.266124,0.106651
1989,0.264446,0.107268
1990,0.258591,0.106483
1991,0.252521,0.106073
1992,0.253791,0.106573
1993,0.246571,0.106186
1994,0.249375,0.109249
1995,0.242465,0.106108
1996,0.256553,0.107122
1997,0.245890,0.104836
1998,0.263217,0.106102
1999,0.255345,0.106925
2000,0.261686,0.106935
2001,0.263123,0.107762
2002,0.298166,0.106102
2003,0.246173,0.105954
2004,0.250093,0.107196
2005,0.258698,0.106063
2006,0.274237,0.105864
2007,0.249995,0.106075
2008,0.276533,0.106073
2009,0.255971,0.105745
2010,0.246548,0.107170
2011,0.251938,0.108180
2012,0.260065,0.105532
2013,0.250752,0.106038
2014,0.263347,0.105492
2015,0.256382,0.106186
2016,0.280500,0.105889
2017,0.263530,0.106182
2018,0.272720,0.106158
2019,0.246856,0.106942
2020,0.266657,0.107218
2021,0.260322,0.106526
2022,0.261420,0.106436
2023,0.269737,0.106287
2024,0.253923,0.105548
2025,0.271148,0.106251
2026,0.254785,0.106089
2027,0.259380,0.106202
2028,0.269917,0.106635
2029,0.260735,0.107277
2030,0.259979,0.106459
2031,0.270833,0.106510
2032,0.246422,0.106270
2033,0.285149,0.106166
2034,0.274081,0.105618
2035,0.274423,0.106416
2036,0.238156,0.106765
2037,0.256918,0.107034
2038,0.271121,0.107484
2039,0.253397,0.106467
2040,0.251110,0.106545
2041,0.259941,0.106272
2042,0.241408,0.106044
2043,0.254960,0.106449
2044,0.259767,0.106285
2045,0.259297,0.105917
2046,0.254861,0.106776
2047,0.258279,0.107207
2048,0.300590,0.106921
2049,0.258907,0.106365
2050,0.249194,0.105575
2051,0.273477,0.107334
2052,0.263589,0.105704
2053,0.252034,0.105972
2054,0.252157,0.106858
2055,0.260521,0.106801
2056,0.245445,0.106668
2057,0.277868,0.106030
2058,0.248039,0.105823
2059,0.254389,0.106582
2060,0.263818,0.106458
2061,0.245943,0.106211
2062,0.246132,0.106312
2063,0.279170,0.105907
2064,0.255184,0.106726
2065,0.260311,0.106527
2066,0.260877,0.105993
2067,0.295029,0.105732
2068,0.266128,0.106065
2069,0.270994,0.105364
2070,0.260155,0.105906
2071,0.277889,0.106495
2072,0.248791,0.105373
2073,0.267110,0.106548
2074,0.276465,0.107282
2075,0.263385,0.106632
2076,0.259711,0.105495
2077,0.274591,0.106062
2078,0.265747,0.106142
2079,0.266139,0.106258
2080,0.261044,0.106692
2081,0.261442,0.106895
2082,0.260053,0.106302
2083,0.258891,0.106743
2084,0.245357,0.108053
2085,0.264257,0.106689
2086,0.256721,0.105524
2087,0.258846,0.106386
2088,0.246046,0.106038
2089,0.265768,0.105833
2090,0.254940,0.106348
2091,0.255796,0.106518
2092,0.259183,0.107326
2093,0.256551,0.106265
2094,0.255506,0.106292
2095,0.247752,0.105660
2096,0.243119,0.105913
2097,0.250938,0.106498
2098,0.246003,0.106191
2099,0.251931,0.106140
2100,0.270637,0.107045
2101,0.265752,0.106877
2102,0.250498,0.105391
2103,0.251483,0.105084
2104,0.247002,0.105970
2105,0.250713,0.106314
2106,0.259226,0.105922
2107,0.256260,0.106312
2108,0.266690,0.107355
2109,0.254976,0.107136
2110,0.253407,0.107032
2111,0.276958,0.112354
2112,0.258042,0.105295
2113,0.272162,0.105810
2114,0.260072,0.105521
2115,0.244660,0.105846
2116,0.258203,0.106174
2117,0.265757,0.106580
2118,0.252321,0.106857
2119,0.258898,0.107216
2120,0.262376,0.106575
2121,0.263067,0.106257
2122,0.271710,0.105659
2123,0.266510,0.105747
2124,0.263588,0.106115
2125,0.264530,0.105753
2126,0.262718,0.106735
2127,0.256905,0.107289
2128,0.251302,0.107257
2129,0.255675,0.106674
2130,0.248889,0.106301
2131,0.270164,0.105574
2132,0.248765,0.107235
2133,0.250166,0.106172
2134,0.259825,0.105527
2135,0.249648,0.106504
2136,0.277166,0.106905
2137,0.251622,0.106987
2138,0.255430,0.106038
2139,0.275598,0.106371
2140,0.267620,0.106009
2141,0.280521,0.106423
2142,0.284604,0.106427
2143,0.252064,0.106314
2144,0.267073,0.106190
2145,0.264405,0.106614
2146,0.256823,0.107173
2147,0.258489,0.106320
2148,0.270927,0.106290
2149,0.252210,0.106650
2150,0.263111,0.105808
2151,0.270795,0.107168
2152,0.257116,0.106258
2153,0.257817,0.107092
2154,0.259893,0.106584
2155,0.262054,0.106431
2156,0.241791,0.106332
2157,0.265106,0.106179
2158,0.259156,0.105677
2159,0.261938,0.106750
2160,0.256232,0.106290
2161,0.272225,0.106281
2162,0.244464,0.106993
2163,0.257115,0.106741
2164,0.283308,0.106351
2165,0.259013,0.106429
2166,0.250317,0.106375
2167,0.266063,0.105953
2168,0.252770,0.105796
2169,0.252242,0.106509
2170,0.256135,0.106183
2171,0.262290,0.106755
2172,0.242359,0.107109
2173,0.251133,0.106656
2174,0.249611,0.106904
2175,0.253469,0.106267
2176,0.249623,0.105207
2177,0.252796,0.105730
2178,0.251280,0.106853
2179,0.264322,0.105991
2180,0.267374,0.106064
2181,0.253323,0.106864
2182,0.255507,0.106379
2183,0.262968,0.106883
2184,0.251466,0.106337
2185,0.263995,0.106123
2186,0.252688,0.106115
2187,0.247785,0.107026
2188,0.249964,0.106237
2189,0.260352,0.105536
2190,0.259582,0.106528
2191,0.273678,0.106445
2192,0.265604,0.106922
2193,0.255459,0.107497
2194,0.286780,0.105832
2195,0.269824,0.105603
2196,0.273430,0.105875
2197,0.256198,0.106931
2198,0.278892,0.106472
2199,0.269653,0.106316
2200,0.260679,0.107370
2201,0.276779,0.106783
2202,0.260664,0.105518
2203,0.252455,0.105165
2204,0.242622,0.105877
2205,0.258713,0.106451
2206,0.236400,0.106067
2207,0.268481,0.106491
2208,0.271966,0.107125
2209,0.254629,0.107133
2210,0.265893,0.107115
2211,0.263655,0.105934
2212,0.255156,0.105371
2213,0.251673,0.105607
2214,0.265870,0.106650
2215,0.262759,0.106232
2216,0.278549,0.106181
2217,0.272734,0.106715
2218,0.263800,0.107101
2219,0.265151,0.106643
2220,0.246829,0.106977
2221,0.257827,0.105916
2222,0.251410,0.105942
2223,0.257385,0.107072
2224,0.243344,0.105453
2225,0.249402,0.105455
2226,0.252131,0.106580
2227,0.254829,0.106846
2228,0.254988,0.106596
2229,0.252277,0.106699
2230,0.274025,0.106330
2231,0.258495,0.105524
2232,0.237346,0.105668
2233,0.277252,0.105733
2234,0.254868,0.105036
2235,0.250103,0.106592
2236,0.252938,0.107046
2237,0.270348,0.106693
2238,0.253358,0.106530
2239,0.254504,0.106402
2240,0.256492,0.106643
2241,0.270632,0.106273
2242,0.272845,0.105924
2243,0.244673,0.105624
2244,0.262139,0.105691
2245,0.263847,0.107424
2246,0.264757,0.106610
2247,0.243583,0.106385
2248,0.262924,0.106193
2249,0.248412,0.106734
2250,0.259146,0.106162
2251,0.253121,0.108637
2252,0.244101,0.105470
2253,0.251543,0.107126
2254,0.266853,0.106866
2255,0.250478,0.106578
2256,0.262153,0.106188
2257,0.249358,0.106093
2258,0.252150,0.106476
2259,0.256735,0.108139
2260,0.256263,0.105777
2261,0.250972,0.105971
2262,0.266033,0.106205
2263,0.242965,0.106902
2264,0.246434,0.106830
2265,0.248616,0.107277
2266,0.249244,0.106300
2267,0.254910,0.106495
2268,0.255777,0.106836
2269,0.247940,0.106187
2270,0.260422,0.105455
2271,0.250701,0.106617
2272,0.254155,0.106817
2273,0.267298,0.106461
2274,0.253383,0.107181
2275,0.260767,0.105729
2276,0.261875,0.106428
2277,0.256229,0.106631
2278,0.258583,0.108104
2279,0.250578,0.105802
2280,0.267254,0.106185
2281,0.270144,0.106615
2282,0.260884,0.107725
2283,0.246549,0.106307
2284,0.252727,0.108110
2285,0.269426,0.106343
2286,0.266409,0.110590
2287,0.270641,0.105269
2288,0.260314,0.105449
2289,0.269520,0.105280
2290,0.261085,0.105973
2291,0.266116,0.106568
2292,0.259038,0.107248
2293,0.266954,0.106077
2294,0.284560,0.109284
2295,0.262338,0.106205
2296,0.257275,0.106450
2297,0.246666,0.106082
2298,0.245559,0.107135
2299,0.256165,0.105611
2300,0.264340,0.105441
2301,0.249136,0.108279
2302,0.270944,0.106579
2303,0.262538,0.106448
2304,0.270298,0.105495
2305,0.251849,0.105947
2306,0.257434,0.108722
2307,0.257964,0.105316
2308,0.253297,0.105261
2309,0.245358,0.106743
2310,0.290820,0.106756
2311,0.263326,0.107731
2312,0.270044,0.106681
2313,0.266944,0.107033
2314,0.251806,0.109818
2315,0.247208,0.105210
2316,0.258942,0.106844
2317,0.243265,0.105249
2318,0.245797,0.106224
2319,0.253599,0.107053
2320,0.271166,0.106820
2321,0.254867,0.106759
2322,0.258509,0.109795
2323,0.257921,0.106150
2324,0.249023,0.105805
2325,0.258000,0.106101
2326,0.248226,0.105563
2327,0.262330,0.106269
2328,0.252995,0.106766
2329,0.259654,0.106886
2330,0.260720,0.106923
2331,0.250362,0.106960
2332,0.273402,0.107149
2333,0.290829,0.106890
2334,0.261019,0.105753
2335,0.274717,0.105494
2336,0.254600,0.106163
2337,0.244721,0.106514
2338,0.255393,0.106950
2339,0.252910,0.106549
2340,0.247638,0.108009
2341,0.251974,0.106726
2342,0.251325,0.106310
2343,0.253361,0.105471
2344,0.247273,0.105430
2345,0.252881,0.106651
2346,0.270737,0.106196
2347,0.276752,0.107094
2348,0.261727,0.108164
2349,0.269244,0.106640
2350,0.252960,0.106546
2351,0.304888,0.107372
2352,0.256997,0.106884
2353,0.258622,0.105217
2354,0.256227,0.112163
2355,0.286240,0.106230
2356,0.256278,0.111493
2357,0.272239,0.105327
2358,0.269978,0.105199
2359,0.268762,0.106048
2360,0.269216,0.106111
2361,0.252675,0.106346
2362,0.256803,0.106674
2363,0.256588,0.106916
2364,0.250418,0.104936
2365,0.255530,0.108821
2366,0.248323,0.106167
2367,0.257884,0.105458
2368,0.250183,0.106324
2369,0.253922,0.110029
2370,0.251980,0.105505
2371,0.240364,0.106795
2372,0.249690,0.106772
2373,0.252833,0.107202
2374,0.263237,0.106370
2375,0.257780,0.105788
2376,0.260506,0.105479
2377,0.253345,0.105880
2378,0.257141,0.106394
2379,0.261357,0.106566
2380,0.254320,0.106413
2381,0.254835,0.107211
2382,0.257288,0.106759
2383,0.259403,0.106176
2384,0.275684,0.106088
2385,0.245999,0.105774
2386,0.274305,0.106105
2387,0.283088,0.106050
2388,0.252958,0.106146
2389,0.254320,0.106382
2390,0.279743,0.106644
2391,0.252577,0.107345
2392,0.268648,0.106190
2393,0.247970,0.106261
2394,0.259495,0.106571
2395,0.254471,0.105942
2396,0.258347,0.105873
2397,0.263921,0.106483
2398,0.249846,0.105831
2399,0.260651,0.106813
2400,0.270068,0.106842
2401,0.274687,0.107546
2402,0.252022,0.106037
2403,0.275435,0.105312
2404,0.255393,0.106603
2405,0.262810,0.105746
2406,0.263308,0.105996
2407,0.265522,0.106568
2408,0.278052,0.106331
2409,0.258986,0.106828
2410,0.259660,0.111904
2411,0.275586,0.109854
2412,0.263409,0.105287
2413,0.250114,0.105332
2414,0.257958,0.106184
2415,0.258898,0.106857
2416,0.248623,0.106320
2417,0.252126,0.107124
2418,0.276542,0.107077
2419,0.254609,0.106429
2420,0.262016,0.106282
2421,0.263050,0.105860
2422,0.270311,0.105385
2423,0.259021,0.106430
2424,0.255150,0.106570
2425,0.257302,0.106661
2426,0.271207,0.106805
2427,0.255881,0.107227
2428,0.257029,0.107136
2429,0.271872,0.107878
2430,0.284932,0.106871
2431,0.259196,0.106253
2432,0.262839,0.105299
2433,0.273911,0.106529
2434,0.276365,0.106335
2435,0.270946,0.106627
2436,0.260768,0.106201
2437,0.274471,0.111773
2438,0.257640,0.105888
2439,0.276885,0.105496
2440,0.250484,0.105708
2441,0.268871,0.106387
2442,0.255871,0.105918
2443,0.255225,0.106212
2444,0.267093,0.106706
2445,0.272268,0.107173
2446,0.272236,0.106798
2447,0.257657,0.106364
2448,0.266448,0.105979
2449,0.254270,0.106227
2450,0.261010,0.105426
2451,0.263925,0.107330
2452,0.256868,0.105995
2453,0.251104,0.110856
2454,0.250714,0.106434
2455,0.277843,0.106771
2456,0.253274,0.106363
2457,0.256421,0.105961
2458,0.257348,0.105951
2459,0.244749,0.106235
2460,0.247111,0.105904
2461,0.262456,0.107662
2462,0.253807,0.106310
2463,0.290026,0.106044
2464,0.291474,0.106967
2465,0.248547,0.106546
2466,0.251185,0.106043
2467,0.262339,0.105339
2468,0.614986,0.106181
2469,0.257203,0.106610
2470,0.252997,0.106717
2471,0.278261,0.106433
2472,0.267696,0.106221
2473,0.262514,0.106480
2474,0.254651,0.107140
2475,0.263193,0.105868
2476,0.256225,0.105839
2477,0.262225,0.106219
2478,0.267246,0.106230
2479,0.257797,0.106775
2480,0.259102,0.106290
2481,0.270593,0.106262
2482,0.263246,0.106537
2483,0.258247,0.106760
2484,0.258447,0.105564
2485,0.250689,0.105748
2486,0.260684,0.106158
2487,0.270616,0.111707
2488,0.258234,0.105651
2489,0.250002,0.105389
2490,0.248233,0.106068
2491,0.261383,0.106692
2492,0.252685,0.107240
2493,0.266079,0.106154
2494,0.265433,0.105007
2495,0.258227,0.106418
2496,0.249643,0.107238
2497,0.279606,0.105597
2498,0.270067,0.105423
2499,0.264038,0.106928
2500,0.271234,0.106411
2501,0.265860,0.106732
2502,0.252956,0.105748
2503,0.259728,0.106633
2504,0.288321,0.107226
2505,0.253556,0.110451
2506,0.260623,0.107984
2507,0.264821,0.105296
2508,0.258471,0.105288
2509,0.255971,0.105441
2510,0.264681,0.107367
2511,0.255573,0.110436
2512,0.264996,0.105867
2513,0.263639,0.106006
2514,0.258749,0.106414
2515,0.256754,0.106599
2516,0.253322,0.105912
2517,0.258848,0.105380
2518,0.242249,0.105525
2519,0.260493,0.106456
2520,0.257157,0.106471
2521,0.255110,0.107916
2522,0.249417,0.106118
2523,0.265864,0.106684
2524,0.267222,0.106855
2525,0.250363,0.105805
2526,0.254316,0.106536
2527,0.256564,0.106164
2528,0.246873,0.106733
2529,0.258860,0.107219
2530,0.277619,0.105839
2531,0.256166,0.109732
2532,0.266142,0.109639
2533,0.248570,0.105835
2534,0.263843,0.105641
2535,0.268088,0.105952
2536,0.261931,0.106531
2537,0.245131,0.106613
2538,0.254291,0.106877
2539,0.262529,0.107251
2540,0.259003,0.107133
2541,0.263421,0.106101
2542,0.248513,0.105575
2543,0.248291,0.105677
2544,0.259307,0.105309
2545,0.262824,0.106059
2546,0.260972,0.106754
2547,0.261925,0.106527
2548,0.276453,0.106558
2549,0.278343,0.107011
2550,0.261957,0.106219
2551,0.248423,0.107241
2552,0.246214,0.105621
2553,0.260083,0.106201
2554,0.263476,0.106308
2555,0.252542,0.106605
2556,0.258213,0.106686
2557,0.256389,0.106869
2558,0.267991,0.105899
2559,0.251406,0.106348
2560,0.255287,0.106535
2561,0.254998,0.105980
2562,0.262201,0.106530
2563,0.252040,0.106084
2564,0.264087,0.106097
2565,0.270352,0.106805
2566,0.270640,0.106701
2567,0.248812,0.106248
2568,0.271421,0.106185
2569,0.289156,0.106553
2570,0.269958,0.107334
2571,0.277922,0.106244
2572,0.278966,0.105792
2573,0.273183,0.106951
2574,0.255666,0.106275
2575,0.260208,0.107745
2576,0.276359,0.106344
2577,0.263858,0.105139
2578,0.251996,0.106948
2579,0.276421,0.106962
2580,0.265780,0.105381
2581,0.242975,0.106307
2582,0.245457,0.105678
2583,0.237745,0.106046
2584,0.253845,0.106589
2585,0.258521,0.106341
2586,0.256272,0.105709
2587,0.253527,0.107262
2588,0.261313,0.106826
2589,0.265026,0.105642
2590,0.260444,0.105475
2591,0.250472,0.105972
2592,0.251249,0.106332
2593,0.256800,0.106917
2594,0.277652,0.106117
2595,0.278050,0.106829
2596,0.256139,0.106241
2597,0.256194,0.106379
2598,0.272400,0.106072
2599,0.260543,0.105567
2600,0.255311,0.106139
2601,0.265977,0.107631
2602,0.265625,0.106217
2603,0.259353,0.106033
2604,0.255096,0.106210
2605,0.265027,0.106547
2606,0.244457,0.106077
2607,0.269802,0.105934
2608,0.261169,0.106460
2609,0.257884,0.106561
2610,0.255768,0.107429
2611,0.271196,0.106793
2612,0.265204,0.106206
2613,0.285891,0.106615
2614,0.291029,0.106470
2615,0.266552,0.106508
2616,0.288242,0.106121
2617,0.266177,0.105810
2618,0.268289,0.106325
2619,0.248985,0.107051
2620,0.268165,0.106198
2621,0.295391,0.106447
2622,0.251568,0.106189
2623,0.254606,0.106643
2624,0.271916,0.107126
2625,0.285164,0.106385
2626,0.269492,0.106144
2627,0.271942,0.106483
2628,0.274761,0.106917
2629,0.287246,0.106688
2630,0.250428,0.106499
2631,0.273968,0.106504
2632,0.288651,0.106007
2633,0.274200,0.106569
2634,0.259445,0.106242
2635,0.267903,0.105402
2636,0.282893,0.106488
2637,0.262740,0.106937
2638,0.261570,0.106374
2639,0.255444,0.107235
2640,0.281903,0.105254
2641,0.299422,0.105228
2642,0.270085,0.105953
2643,0.264020,0.106333
2644,0.262459,0.105947
2645,0.286517,0.106286
2646,0.269038,0.106448
2647,0.268396,0.106912
2648,0.264737,0.106427
2649,0.265521,0.106595
2650,0.256194,0.105982
2651,0.276159,0.106609
2652,0.266054,0.105925
2653,0.272715,0.106060
2654,0.280803,0.112582
2655,0.266158,0.105813
2656,0.323755,0.106511
2657,0.272876,0.106986
2658,0.273464,0.108397
2659,0.259982,0.105922
2660,0.262220,0.108318
2661,0.266085,0.106519
2662,0.280267,0.106590
2663,0.290194,0.105729
2664,0.273864,0.105871
2665,0.260282,0.106456
2666,0.287335,0.106630
2667,0.274954,0.105698
2668,0.259443,0.108509
2669,0.263203,0.105140
2670,0.276950,0.106445
2671,0.276870,0.107004
2672,0.258942,0.108718
2673,0.285477,0.106252
2674,0.279113,0.106016
2675,0.268639,0.106444
2676,0.258762,0.107368
2677,0.264078,0.106258
2678,0.257136,0.105535
2679,0.257939,0.106654
2680,0.247108,0.106813
2681,0.269699,0.120116
2682,0.252031,0.105649
2683,0.263134,0.105356
2684,0.253492,0.105871
2685,0.264921,0.105213
2686,0.257958,0.105510
2687,0.258499,0.105393
2688,0.270224,0.106909
2689,0.260901,0.107700
2690,0.253819,0.107628
2691,0.264804,0.106776
2692,0.273292,0.105173
2693,0.257032,0.105161
2694,0.258768,0.106137
2695,0.254140,0.105751
2696,0.264674,0.105513
2697,0.261166,0.107344
2698,0.268612,0.106936
2699,0.248407,0.106948
2700,0.249463,0.106877
2701,0.262962,0.105449
2702,0.250845,0.105722
2703,0.261322,0.105396
2704,0.252662,0.105281
2705,0.243327,0.106224
2706,0.253449,0.106593
2707,0.267443,0.106628
2708,0.251588,0.107264
2709,0.281917,0.106722
2710,0.258909,0.106013
2711,0.265572,0.105826
2712,0.251516,0.106562
2713,0.257114,0.106094
2714,0.283619,0.105623
2715,0.259632,0.106296
2716,0.255755,0.106262
2717,0.265777,0.108390
2718,0.261620,0.107400
2719,0.261306,0.105542
2720,0.251161,0.105663
2721,0.265891,0.106614
2722,0.263784,0.105993
2723,0.266897,0.106120
2724,0.258560,0.106431
2725,0.258636,0.106647
2726,0.275499,0.106597
2727,0.274147,0.106822
2728,0.256864,0.109535
2729,0.256814,0.111987
2730,0.275491,0.105006
2731,0.276073,0.105966
2732,0.271241,0.105658
2733,0.265065,0.106203
2734,0.265336,0.106391
2735,0.264304,0.106775
2736,0.273793,0.107204
2737,0.264307,0.106767
2738,0.270526,0.106042
2739,0.256880,0.105535
2740,0.256933,0.108551
2741,0.252462,0.105900
2742,0.281894,0.106919
2743,0.270405,0.106132
2744,0.266720,0.107116
2745,0.272520,0.113613
2746,0.260683,0.105779
2747,0.246785,0.106015
2748,0.261419,0.105599
2749,0.262092,0.105441
2750,0.263351,0.105277
2751,0.256759,0.107797
2752,0.277564,0.107761
2753,0.252560,0.107269
2754,0.259909,0.106498
2755,0.243160,0.106393
2756,0.269532,0.105344
2757,0.275241,0.105180
2758,0.260239,0.105289
2759,0.257794,0.105616
2760,0.274443,0.106314
2761,0.248443,0.107455
2762,0.272134,0.106847
2763,0.260693,0.106413
2764,0.260955,0.106811
2765,0.274208,0.105428
2766,0.253830,0.105146
2767,0.266565,0.106007
2768,0.268316,0.105116
2769,0.277483,0.105950
2770,0.256813,0.107327
2771,0.274168,0.106703
2772,0.254958,0.106856
2773,0.286691,0.107206
2774,0.267725,0.105554
2775,0.270799,0.105373
2776,0.265316,0.105927
2777,0.256222,0.105212
2778,0.268468,0.105568
2779,0.289137,0.107048
2780,0.299040,0.106378
2781,0.262143,0.106628
2782,0.290320,0.107339
2783,0.303784,0.106250
2784,0.269639,0.105432
2785,0.260927,0.106283
2786,0.277022,0.105478
2787,0.256657,0.105581
2788,0.253515,0.106492
2789,0.253000,0.106519
2790,0.256192,0.106625
2791,0.265252,0.107136
2792,0.278205,0.106645
2793,0.274128,0.105684
2794,0.256316,0.105906
2795,0.265861,0.105798
2796,0.269315,0.105553
2797,0.299922,0.106394
2798,0.265431,0.106532
2799,0.288220,0.106637
2800,0.293839,0.106724
2801,0.253335,0.107609
2802,0.261162,0.105322
2803,0.267670,0.105544
2804,0.257376,0.105847
2805,0.257973,0.106345
2806,0.264407,0.106566
2807,0.265072,0.107204
2808,0.269422,0.106524
2809,0.268189,0.106353
2810,0.252841,0.106480
2811,0.266944,0.107600
2812,0.258266,0.104954
2813,0.266484,0.105187
2814,0.264722,0.106107
2815,0.269716,0.105629
2816,0.279056,0.106940
2817,0.270167,0.106863
2818,0.245881,0.106624
2819,0.255197,0.107194
2820,0.257076,0.109456
2821,0.269485,0.105579
2822,0.259951,0.104925
2823,0.266321,0.107615
2824,0.260067,0.105321
2825,0.270371,0.107679
2826,0.258660,0.105988
2827,0.259371,0.106989
2828,0.258272,0.109026
2829,0.248909,0.106603
2830,0.251687,0.106070
2831,0.268529,0.106051
2832,0.265044,0.105200
2833,0.250795,0.106752
2834,0.257711,0.105384
2835,0.254102,0.105161
2836,0.274771,0.105959
2837,0.265568,0.107359
2838,0.255270,0.106940
2839,0.256607,0.106224
2840,0.275819,0.106151
2841,0.277739,0.106887
2842,0.285789,0.106347
2843,0.265845,0.105815
2844,0.266613,0.105701
2845,0.268234,0.105828
2846,0.283049,0.106846
2847,0.271976,0.106961
2848,0.267197,0.105867
2849,0.252367,0.105997
2850,0.281566,0.106412
2851,0.268854,0.106831
2852,0.269503,0.105528
2853,0.255209,0.106256
2854,0.292949,0.106876
2855,0.260464,0.106727
2856,0.269331,0.106767
2857,0.272607,0.106368
2858,0.263803,0.106260
2859,0.252215,0.106299
2860,0.266511,0.106628
2861,0.260674,0.105859
2862,0.273621,0.106319
2863,0.267716,0.106775
2864,0.265472,0.106120
2865,0.266602,0.106643
2866,0.253435,0.106659
2867,0.260112,0.106262
2868,0.257107,0.106155
2869,0.260953,0.107086
2870,0.263855,0.106287
2871,0.261127,0.107144
2872,0.266520,0.106144
2873,0.277543,0.106114
2874,0.262329,0.106909
2875,0.274763,0.106576
2876,0.262658,0.106184
2877,0.274205,0.105888
2878,0.276555,0.105788
2879,0.270945,0.106858
2880,0.267994,0.106017
2881,0.268394,0.105950
2882,0.265879,0.106401
2883,0.268665,0.106354
2884,0.257776,0.106611
2885,0.262625,0.106676
2886,0.264687,0.105857
2887,0.267775,0.105897
2888,0.262808,0.107230
2889,0.269432,0.106291
2890,0.271443,0.106278
2891,0.264373,0.105880
2892,0.260648,0.106827
2893,0.296184,0.107113
2894,0.286277,0.106757
2895,0.257387,0.107155
2896,0.266411,0.106328
2897,0.275828,0.106336
2898,0.274411,0.106267
2899,0.266024,0.105630
2900,0.286980,0.106730
2901,0.288662,0.107491
2902,0.281712,0.106050
2903,0.284659,0.106473
2904,0.273405,0.106673
2905,0.313005,0.107059
2906,0.269176,0.106195
2907,0.263195,0.106477
2908,0.257979,0.106231
2909,0.274218,0.106229
2910,0.279600,0.106598
2911,0.272244,0.106683
2912,0.255810,0.106563
2913,0.253381,0.106479
2914,0.258082,0.106175
2915,0.269633,0.106365
2916,0.271381,0.106247
2917,0.260065,0.106385
2918,0.278702,0.106488
2919,0.257525,0.106254
2920,0.283346,0.106626
2921,0.261413,0.107290
2922,0.261638,0.105596
2923,0.272033,0.105631
2924,0.265673,0.106779
2925,0.256584,0.106545
2926,0.272911,0.106609
2927,0.286349,0.106669
2928,0.251510,0.106406
2929,0.272375,0.106594
2930,0.250166,0.107597
2931,0.267960,0.106181
2932,0.276124,0.106044
2933,0.265219,0.107335
2934,0.266051,0.105935
2935,0.268016,0.105682
2936,0.248352,0.110631
2937,0.264451,0.106105
2938,0.261725,0.106622
2939,0.268563,0.106198
2940,0.267285,0.105862
2941,0.276436,0.105704
2942,0.269073,0.105746
2943,0.283426,0.106782
2944,0.275436,0.106743
2945,0.263100,0.106590
2946,0.261858,0.107025
2947,0.262207,0.107190
2948,0.282704,0.106148
2949,0.263764,0.105870
2950,0.266946,0.105557
2951,0.275371,0.107503
2952,0.286328,0.106683
2953,0.278975,0.106577
2954,0.255636,0.107875
2955,0.261051,0.106577
2956,0.258104,0.106283
2957,0.271046,0.106041
2958,0.296344,0.105450
2959,0.286083,0.105698
2960,0.275719,0.106414
2961,0.270697,0.106925
2962,0.263289,0.106118
2963,0.272663,0.107238
2964,0.273867,0.106642
2965,0.277265,0.106194
2966,0.279237,0.106542
2967,0.268917,0.105602
2968,0.277098,0.105902
2969,0.268595,0.107296
2970,0.273331,0.106422
2971,0.269134,0.106332
2972,0.278541,0.106065
2973,0.265825,0.106914
2974,0.270273,0.106327
2975,0.269285,0.106259
2976,0.257837,0.106257
2977,0.293082,0.105970
2978,0.271572,0.109845
2979,0.261144,0.105697
2980,0.263647,0.106277
2981,0.274371,0.105904
2982,0.267107,0.106359
2983,0.260462,0.106154
2984,0.266337,0.105919
2985,0.274195,0.106391
2986,0.261879,0.107126
2987,0.258847,0.107187
2988,0.269904,0.105839
2989,0.269623,0.105907
2990,0.272240,0.105794
2991,0.268432,0.106177
2992,0.280012,0.106622
2993,0.265648,0.106365
2994,0.269156,0.106351
2995,0.265180,0.107053
2996,0.258758,0.106971
2997,0.272660,0.106485
2998,0.265001,0.105929
2999,0.261780,0.105941
3000,0.257740,0.106018
3001,0.273906,0.107137
3002,0.256542,0.106001
3003,0.268855,0.107152
3004,0.281976,0.106714
3005,0.266170,0.106654
3006,0.252315,0.105509
3007,0.276721,0.105740
3008,0.261988,0.106146
3009,0.257389,0.106277
3010,0.258971,0.106398
3011,0.260312,0.106650
3012,0.258539,0.106983
3013,0.284889,0.106913
3014,0.271800,0.106117
3015,0.274712,0.106271
3016,0.275028,0.105417
3017,0.261450,0.105898
3018,0.256807,0.107013
3019,0.266479,0.105727
3020,0.282958,0.106384
3021,0.263972,0.106920
3022,0.274574,0.106956
3023,0.277846,0.106342
3024,0.316400,0.105760
3025,0.274935,0.105513
3026,0.281784,0.105854
3027,0.269467,0.106293
3028,0.276456,0.106508
3029,0.258685,0.106241
3030,0.273057,0.116612
3031,0.260396,0.105546
3032,0.265164,0.106131
3033,0.266187,0.106747
3034,0.260644,0.105054
3035,0.274959,0.105636
3036,0.254283,0.106630
3037,0.267730,0.106395
3038,0.267702,0.107123
3039,0.267081,0.107513
3040,0.267253,0.106576
3041,0.263680,0.107002
3042,0.277323,0.105670
3043,0.267541,0.105136
3044,0.258785,0.106051
3045,0.258861,0.108295
3046,0.260645,0.106668
3047,0.245263,0.106622
3048,0.269902,0.107181
3049,0.258358,0.106866
3050,0.267516,0.106499
3051,0.266752,0.106044
3052,0.276986,0.105899
3053,0.258767,0.105903
3054,0.261458,0.105965
3055,0.278409,0.106511
3056,0.266180,0.107961
3057,0.263526,0.109845
3058,0.264549,0.107122
3059,0.270710,0.105467
3060,0.261631,0.105604
3061,0.266465,0.106228
3062,0.269209,0.105983
3063,0.255560,0.105909
3064,0.266218,0.106290
3065,0.274189,0.107565
3066,0.262543,0.108489
3067,0.274496,0.106734
3068,0.259039,0.105705
3069,0.283948,0.108818
3070,0.273879,0.105499
3071,0.249648,0.106186
3072,0.268556,0.105670
3073,0.264467,0.106236
3074,0.262202,0.106990
3075,0.281726,0.121300
3076,0.264283,0.105616
3077,0.269719,0.105282
3078,0.264468,0.105595
3079,0.270962,0.105774
3080,0.256282,0.105117
3081,0.264682,0.105934
3082,0.261748,0.106366
3083,0.269105,0.107519
3084,0.270049,0.108041
3085,0.254606,0.106485
3086,0.265237,0.105747
3087,0.263058,0.105105
3088,0.270705,0.105033
3089,0.273199,0.105635
3090,0.291245,0.105704
3091,0.279765,0.106916
3092,0.256587,0.107851
3093,0.272364,0.106903
3094,0.304952,0.106855
3095,0.273944,0.106042
3096,0.257278,0.105658
3097,0.272211,0.105736
3098,0.276094,0.105613
3099,0.275583,0.105952
3100,0.270137,0.107120
3101,0.255153,0.107019
3102,0.260009,0.106357
3103,0.267296,0.106170
3104,0.257533,0.105994
3105,0.276928,0.114743
3106,0.255674,0.104883
3107,0.268725,0.105080
3108,0.268466,0.105600
3109,0.269840,0.107069
3110,0.271522,0.106516
3111,0.262031,0.106459
3112,0.264046,0.105161
3113,0.275617,0.106677
3114,0.273633,0.105526
3115,0.267180,0.106515
3116,0.268290,0.105294
3117,0.267339,0.105815
3118,0.285784,0.107296
3119,0.265184,0.106850
3120,0.258019,0.106637
3121,0.272746,0.105700
3122,0.274402,0.106496
3123,0.267218,0.106465
3124,0.271646,0.106102
3125,0.268640,0.107294
3126,0.272866,0.106824
3127,0.259042,0.107642
3128,0.284241,0.106607
3129,0.265544,0.106911
3130,0.257426,0.105589
3131,0.268092,0.106364
3132,0.268298,0.108581
3133,0.269653,0.106591
3134,0.273707,0.105405
3135,0.268124,0.107369
3136,0.267910,0.105791
3137,0.257185,0.106363
3138,0.286738,0.107359
3139,0.275945,0.106565
3140,0.265760,0.105872
3141,0.267152,0.106735
3142,0.263932,0.106068
3143,0.261298,0.106060
3144,0.276854,0.107236
3145,0.262605,0.105970
3146,0.273412,0.106281
3147,0.274176,0.106864
3148,0.267266,0.105674
3149,0.259329,0.106056
3150,0.261288,0.106318
3151,0.262132,0.107574
3152,0.258873,0.105844
3153,0.264884,0.105786
3154,0.262296,0.106140
3155,0.296895,0.106009
3156,0.271404,0.105457
3157,0.291101,0.105324
3158,0.272620,0.106133
3159,0.268431,0.107397
3160,0.274227,0.106488
3161,0.290609,0.106945
3162,0.284118,0.109543
3163,0.256343,0.110110
3164,0.276672,0.106318
3165,0.271093,0.105579
3166,0.270409,0.105394
3167,0.268491,0.106175
3168,0.263355,0.106320
3169,0.268428,0.106113
3170,0.264109,0.105558
3171,0.271702,0.106174
3172,0.282024,0.106924
3173,0.283186,0.106290
3174,0.259269,0.105364
3175,0.269433,0.105649
3176,0.263781,0.105843
3177,0.256237,0.106731
3178,0.264713,0.106489
3179,0.266539,0.106530
3180,0.276192,0.108744
3181,0.262538,0.106286
3182,0.263997,0.110435
3183,0.258249,0.105507
3184,0.262568,0.106100
3185,0.259364,0.106781
3186,0.265381,0.106578
3187,0.269658,0.106688
3188,0.274104,0.107477
3189,0.273396,0.105826
3190,0.273414,0.107106
3191,0.253319,0.106328
3192,0.258467,0.106063
3193,0.251198,0.105618
3194,0.272862,0.105836
3195,0.290271,0.106782
3196,0.259743,0.111463
3197,0.268179,0.105804
3198,0.266990,0.106636
3199,0.264818,0.106602
3200,0.266961,0.106757
3201,0.273281,0.106321
3202,0.275734,0.105236
3203,0.262869,0.106770
3204,0.277114,0.106050
3205,0.270339,0.106848
3206,0.271341,0.110200
3207,0.258955,0.106554
3208,0.267405,0.105494
3209,0.262291,0.109700
3210,0.266045,0.105541
3211,0.264720,0.106692
3212,0.278872,0.105047
3213,0.273208,0.105442
3214,0.260727,0.106564
3215,0.260832,0.106482
3216,0.257757,0.107146
3217,0.282420,0.108932
3218,0.273022,0.105905
3219,0.267895,0.105944
3220,0.283044,0.106122
3221,0.262812,0.108117
3222,0.272918,0.105441
3223,0.278321,0.105590
3224,0.273501,0.106336
3225,0.276554,0.107970
3226,0.269642,0.107409
3227,0.257852,0.109012
3228,0.262377,0.109256
3229,0.265628,0.106211
3230,0.254803,0.106650
3231,0.265928,0.106510
3232,0.268970,0.105419
3233,0.266459,0.105805
3234,0.264591,0.106684
3235,0.265702,0.107811
3236,0.275941,0.106855
3237,0.272138,0.106287
3238,0.271260,0.105963
3239,0.256378,0.106098
3240,0.280738,0.106481
3241,0.274377,0.106177
3242,0.257028,0.106025
3243,0.278839,0.107265
3244,0.285230,0.106700
3245,0.272855,0.106687
3246,0.268793,0.106065
3247,0.282862,0.105690
3248,0.262278,0.106075
3249,0.272491,0.106556
3250,0.281868,0.106019
3251,0.281996,0.108072
3252,0.274045,0.106716
3253,0.283655,0.106976
3254,0.263853,0.105825
3255,0.263155,0.105927
3256,0.251532,0.106088
3257,0.260123,0.105645
3258,0.277559,0.105897
3259,0.269337,0.106492
3260,0.263271,0.106513
3261,0.277962,0.106784
3262,0.278442,0.106650
3263,0.262300,0.106215
3264,0.274725,0.105842
3265,0.258914,0.106512
3266,0.273371,0.105676
3267,0.262760,0.105610
3268,0.259858,0.106696
3269,0.272800,0.106706
3270,0.275174,0.106446
3271,0.272613,0.107104
3272,0.263534,0.105879
3273,0.252393,0.106117
3274,0.263748,0.106338
3275,0.273072,0.106197
3276,0.276456,0.105516
3277,0.265745,0.106169
3278,0.266197,0.106752
3279,0.278337,0.106384
3280,0.264622,0.107092
3281,0.259296,0.106591
3282,0.283819,0.106220
3283,0.254508,0.107230
3284,0.277927,0.106455
3285,0.274529,0.105715
3286,0.276350,0.105505
3287,0.255203,0.106217
3288,0.309415,0.106797
3289,0.265192,0.106631
3290,0.256593,0.106620
3291,0.278293,0.105896
3292,0.278126,0.106421
3293,0.274779,0.107169
3294,0.292484,0.105854
3295,0.267965,0.105738
3296,0.283948,0.106465
3297,0.275530,0.106466
3298,0.272420,0.106812
3299,0.271984,0.106840
3300,0.278274,0.106026
3301,0.267961,0.107613
3302,0.266421,0.105562
3303,0.289102,0.105859
3304,0.266700,0.105941
3305,0.274394,0.106528
3306,0.272838,0.107421
3307,0.266698,0.106036
3308,0.267668,0.105863
3309,0.278145,0.106678
3310,0.290332,0.106903
3311,0.283179,0.106331
3312,0.283770,0.105620
3313,0.278335,0.106250
3314,0.293167,0.106206
3315,0.270432,0.106666
3316,0.267281,0.106463
3317,0.282869,0.106207
3318,0.270589,0.107052
3319,0.288191,0.106858
3320,0.274139,0.106288
3321,0.258691,0.106991
3322,0.276681,0.105805
3323,0.257627,0.106465
3324,0.273032,0.106825
3325,0.260748,0.106940
3326,0.278776,0.106121
3327,0.273535,0.106648
3328,0.260647,0.106729
3329,0.280682,0.106217
3330,0.264464,0.106548
3331,0.265233,0.106246
3332,0.265825,0.105915
3333,0.279547,0.106835
3334,0.268683,0.107523
3335,0.289725,0.106073
3336,0.267098,0.105667
3337,0.275991,0.106605
3338,0.272865,0.106110
3339,0.267360,0.106477
3340,0.263125,0.106447
3341,0.269737,0.106435
3342,0.271236,0.106464
3343,0.286260,0.106707
3344,0.267432,0.106486
3345,0.280984,0.105917
3346,0.274160,0.106543
3347,0.276271,0.106596
3348,0.281342,0.106281
3349,0.259026,0.106558
3350,0.277589,0.106283
3351,0.272343,0.107923
3352,0.274421,0.106311
3353,0.284456,0.105916
3354,0.271983,0.106492
3355,0.268237,0.105886
3356,0.270943,0.106307
3357,0.276706,0.106767
3358,0.274700,0.106315
3359,0.269388,0.107362
3360,0.282668,0.106685
3361,0.278963,0.106033
3362,0.274828,0.106360
3363,0.274749,0.106986
3364,0.275279,0.105954
3365,0.275188,0.106600
3366,0.268642,0.106741
3367,0.265093,0.106663
3368,0.268688,0.106589
3369,0.261038,0.106770
3370,0.275295,0.106101
3371,0.286611,0.106415
3372,0.268132,0.106890
3373,0.279216,0.105853
3374,0.292081,0.105995
3375,0.267066,0.106921
3376,0.275761,0.106341
3377,0.294952,0.106901
3378,0.271362,0.106730
3379,0.272191,0.106125
3380,0.273859,0.106092
3381,0.268243,0.106285
3382,0.283599,0.106414
3383,0.254460,0.106079
3384,0.272823,0.106792
3385,0.273873,0.106878
3386,0.273894,0.106851
3387,0.270033,0.106803
3388,0.261198,0.106195
3389,0.265888,0.105611
3390,0.277113,0.106268
3391,0.273152,0.106334
3392,0.271726,0.106304
3393,0.269646,0.106450
3394,0.263088,0.106403
3395,0.283155,0.107025
3396,0.273130,0.106648
3397,0.276764,0.106884
3398,0.263794,0.106077
3399,0.277653,0.106485
3400,0.270962,0.106784
3401,0.277176,0.107797
3402,0.269641,0.106605
3403,0.257876,0.106557
3404,0.279242,0.106340
3405,0.263753,0.106325
3406,0.278007,0.106043
3407,0.304226,0.106521
3408,0.274620,0.105849
3409,0.282475,0.106619
3410,0.265395,0.107558
3411,0.280118,0.106820
3412,0.282811,0.106516
3413,0.265971,0.106657
3414,0.274070,0.106627
3415,0.283196,0.106347
3416,0.271019,0.106745
3417,0.257374,0.106346
3418,0.265059,0.106369
3419,0.269009,0.106573
3420,0.286710,0.107124
3421,0.262898,0.106541
3422,0.273029,0.106634
3423,0.279721,0.106650
3424,0.277302,0.106015
3425,0.261551,0.106555
3426,0.270567,0.106620
3427,0.272018,0.106364
3428,0.271970,0.106345
3429,0.268204,0.107147
3430,0.273377,0.106579
3431,0.266290,0.106315
3432,0.264462,0.106393
3433,0.265085,0.106658
3434,0.266049,0.106255
3435,0.263868,0.106815
3436,0.269898,0.106434
3437,0.271657,0.106766
3438,0.271040,0.107223
3439,0.259347,0.106876
3440,0.276537,0.105866
3441,0.288025,0.106246
3442,0.257193,0.106409
3443,0.265417,0.106309
3444,0.261890,0.106186
3445,0.267354,0.106938
3446,0.266926,0.106653
3447,0.281207,0.106813
3448,0.272358,0.107145
3449,0.271171,0.106634
3450,0.277374,0.106380
3451,0.296215,0.107153
3452,0.269591,0.106236
3453,0.263044,0.106440
3454,0.272635,0.106794
3455,0.280368,0.106902
3456,0.284516,0.106363
3457,0.273093,0.106500
3458,0.255752,0.106459
3459,0.262405,0.106200
3460,0.268329,0.106661
3461,0.263736,0.107432
3462,0.276404,0.106320
3463,0.263702,0.106322
3464,0.269578,0.106847
3465,0.282910,0.107105
3466,0.257880,0.106873
3467,0.263842,0.106723
3468,0.283127,0.106116
3469,0.272798,0.106925
3470,0.280848,0.106819
3471,0.266482,0.107005
3472,0.278723,0.106426
3473,0.283767,0.106690
3474,0.279885,0.107327
3475,0.266063,0.106730
3476,0.282264,0.105802
3477,0.292051,0.106428
3478,0.264390,0.106723
3479,0.278301,0.106625
3480,0.277647,0.106840
3481,0.284728,0.106675
3482,0.268054,0.106540
3483,0.264975,0.106974
3484,0.286970,0.106992
3485,0.262067,0.105820
3486,0.286237,0.106337
3487,0.277842,0.107382
3488,0.279408,0.106497
3489,0.269522,0.106730
3490,0.279702,0.106912
3491,0.267821,0.106163
3492,0.259346,0.106702
3493,0.272136,0.107164
3494,0.286689,0.106161
3495,0.258287,0.106302
3496,0.283086,0.107152
3497,0.267905,0.106819
3498,0.267815,0.106106
3499,0.281497,0.106978
3500,0.295938,0.106795
3501,0.285184,0.107636
3502,0.254435,0.106009
3503,0.272495,0.106594
3504,0.293977,0.106897
3505,0.294757,0.106535
3506,0.271248,0.106573
3507,0.269731,0.106833
3508,0.268931,0.106577
3509,0.266314,0.106783
3510,0.270102,0.107366
3511,0.278470,0.105920
3512,0.276266,0.106360
3513,0.279679,0.107002
3514,0.274092,0.106168
3515,0.269629,0.105988
3516,0.276197,0.107141
3517,0.275455,0.106651
3518,0.288359,0.106611
3519,0.262527,0.107041
3520,0.261306,0.105960
3521,0.297636,0.106368
3522,0.280551,0.107040
3523,0.272830,0.106449
3524,0.271277,0.105957
3525,0.273299,0.107798
3526,0.268539,0.106853
3527,0.266030,0.106721
3528,0.288706,0.106726
3529,0.271784,0.106806
3530,0.273313,0.106532
3531,0.272632,0.106599
3532,0.269030,0.106470
3533,0.274354,0.106116
3534,0.278279,0.106996
3535,0.274419,0.108120
3536,0.268734,0.106956
3537,0.266382,0.106812
3538,0.267231,0.107078
3539,0.281305,0.106273
3540,0.271675,0.106175
3541,0.271615,0.106421
3542,0.274559,0.106379
3543,0.278908,0.107521
3544,0.278405,0.106398
3545,0.283939,0.106756
3546,0.267669,0.106683
3547,0.285976,0.106845
3548,0.276168,0.107090
3549,0.274071,0.106021
3550,0.274219,0.105821
3551,0.279691,0.108350
3552,0.285645,0.106600
3553,0.283909,0.106500
3554,0.278838,0.106810
3555,0.276608,0.106922
3556,0.274900,0.106664
3557,0.266078,0.105735
3558,0.264149,0.105744
3559,0.271853,0.106750
3560,0.269343,0.107371
3561,0.264904,0.107082
3562,0.271795,0.106644
3563,0.284488,0.106399
3564,0.271497,0.106797
3565,0.280843,0.106756
3566,0.273881,0.106114
3567,0.273492,0.106397
3568,0.289361,0.106377
3569,0.270954,0.107268
3570,0.276216,0.106348
3571,0.288654,0.107338
3572,0.297135,0.106473
3573,0.269101,0.107711
3574,0.274410,0.106766
3575,0.276129,0.106306
3576,0.274811,0.105843
3577,0.269772,0.106594
3578,0.276193,0.106863
3579,0.283518,0.107026
3580,0.270473,0.106617
3581,0.276714,0.106770
3582,0.279016,0.106670
3583,0.274976,0.106513
3584,0.281841,0.106308
3585,0.286059,0.106257
3586,0.270349,0.106544
3587,0.276044,0.107300
3588,0.274043,0.106529
3589,0.257549,0.106778
3590,0.276429,0.106907
3591,0.276522,0.106810
3592,0.266857,0.106740
3593,0.277257,0.106480
3594,0.265549,0.106220
3595,0.278870,0.106662
3596,0.289374,0.106322
3597,0.265321,0.106706
3598,0.268067,0.106126
3599,0.270593,0.107056
3600,0.271733,0.107144
3601,0.265106,0.108175
3602,0.270151,0.106265
3603,0.275340,0.106574
3604,0.276184,0.106602
3605,0.273143,0.106609
3606,0.271324,0.106514
3607,0.266465,0.107397
3608,0.282069,0.106471
3609,0.282392,0.105825
3610,0.268790,0.107259
3611,0.282438,0.106607
3612,0.278621,0.107131
3613,0.276143,0.106541
3614,0.273329,0.106664
3615,0.267585,0.106799
3616,0.283373,0.107030
3617,0.270867,0.107153
3618,0.280152,0.106640
3619,0.284344,0.106397
3620,0.269660,0.107502
3621,0.274217,0.107613
3622,0.275831,0.106565
3623,0.276217,0.106909
3624,0.282131,0.107617
3625,0.269893,0.107840
3626,0.273766,0.107030
3627,0.273200,0.106620
3628,0.270873,0.106445
3629,0.284319,0.106416
3630,0.278887,0.106986
3631,0.270143,0.106370
3632,0.269177,0.105570
3633,0.271283,0.107052
3634,0.281282,0.107125
3635,0.264807,0.107206
3636,0.270906,0.106768
3637,0.279625,0.106897
3638,0.270923,0.107278
3639,0.270200,0.106920
3640,0.284050,0.106607
3641,0.269053,0.106220
3642,0.268303,0.106581
3643,0.275859,0.107505
3644,0.274945,0.106508
3645,0.279483,0.106304
3646,0.276233,0.106867
3647,0.275834,0.106747
3648,0.283753,0.106639
3649,0.264597,0.106746
3650,0.273703,0.106467
3651,0.279265,0.108330
3652,0.275277,0.106745
3653,0.292427,0.106726
3654,0.276160,0.106877
3655,0.269508,0.106106
3656,0.271838,0.106802
3657,0.273395,0.106962
3658,0.285201,0.105733
3659,0.278728,0.106654
3660,0.276441,0.106899
3661,0.284854,0.107611
3662,0.275749,0.106563
3663,0.278991,0.106465
3664,0.281348,0.106156
3665,0.281716,0.107034
3666,0.281637,0.107197
3667,0.269548,0.105967
3668,0.279614,0.105785
3669,0.279209,0.107630
3670,0.288218,0.107584
3671,0.282002,0.107325
3672,0.282405,0.106786
3673,0.297279,0.106440
3674,0.280042,0.107307
3675,0.291740,0.106580
3676,0.278597,0.106125
3677,0.284820,0.106024
3678,0.276464,0.106368
3679,0.278221,0.107425
3680,0.275406,0.106857
3681,0.279341,0.106257
3682,0.273166,0.106878
3683,0.263573,0.106730
3684,0.289436,0.106802
3685,0.267858,0.108335
3686,0.261353,0.105640
3687,0.271290,0.106890
3688,0.272270,0.106961
3689,0.267255,0.106968
3690,0.284500,0.106705
3691,0.277554,0.107007
3692,0.269252,0.106951
3693,0.267638,0.106629
3694,0.276620,0.106558
3695,0.287011,0.106840
3696,0.278801,0.106268
3697,0.276336,0.107180
3698,0.284860,0.106748
3699,0.279918,0.106337
3700,0.374112,0.106788
3701,0.279901,0.108132
3702,0.271669,0.106755
3703,0.296557,0.106516
3704,0.287461,0.106529
3705,0.287819,0.107340
3706,0.304673,0.106575
3707,0.288530,0.106699
3708,0.279784,0.106935
3709,0.281199,0.106390
3710,0.275864,0.107681
3711,0.286885,0.106563
3712,0.277272,0.106515
3713,0.264170,0.106957
3714,0.279787,0.106629
3715,0.264765,0.107131
3716,0.285163,0.106735
3717,0.284864,0.106403
3718,0.295536,0.106217
3719,0.267701,0.106109
3720,0.279842,0.107145
3721,0.266626,0.106986
3722,0.284361,0.106783
3723,0.274417,0.107071
3724,0.269074,0.107262
3725,0.274397,0.107063
3726,0.276192,0.106951
3727,0.276869,0.105834
3728,0.286335,0.106407
3729,0.278438,0.106835
3730,0.270389,0.106292
3731,0.282637,0.106947
3732,0.283465,0.106206
3733,0.269179,0.107685
3734,0.280069,0.106996
3735,0.286059,0.106650
3736,0.268724,0.106566
3737,0.270419,0.106576
3738,0.279705,0.106611
3739,0.285390,0.106802
3740,0.289832,0.106194
3741,0.279707,0.106645
3742,0.299939,0.107174
3743,0.272791,0.107216
3744,0.281706,0.106494
3745,0.275114,0.105786
3746,0.276150,0.107017
3747,0.276517,0.107095
3748,0.273261,0.106166
3749,0.277541,0.107101
3750,0.287829,0.106620
3751,0.271384,0.108431
3752,0.271366,0.106061
3753,0.278742,0.105583
3754,0.270921,0.107048
3755,0.275774,0.106189
3756,0.282223,0.106497
3757,0.269388,0.107906
3758,0.284517,0.106198
3759,0.263556,0.107514
3760,0.279769,0.107367
3761,0.263038,0.107019
3762,0.275020,0.106342
3763,0.278106,0.107429
3764,0.279912,0.106753
3765,0.293728,0.106998
3766,0.284248,0.106445
3767,0.279572,0.106265
3768,0.284126,0.106528
3769,0.283085,0.107612
3770,0.271077,0.107274
3771,0.268440,0.106692
3772,0.283800,0.106879
3773,0.294249,0.107096
3774,0.278704,0.107231
3775,0.287235,0.106324
3776,0.272947,0.105933
3777,0.278854,0.106436
3778,0.302467,0.107219
3779,0.295056,0.107582
3780,0.286416,0.106810
3781,0.280407,0.107011
3782,0.280333,0.107069
3783,0.280814,0.107135
3784,0.274266,0.106389
3785,0.273441,0.106200
3786,0.285750,0.105755
3787,0.280176,0.107230
3788,0.279381,0.106783
3789,0.266263,0.107709
3790,0.276699,0.106644
3791,0.276950,0.106948
3792,0.274011,0.107408
3793,0.282366,0.106364
3794,0.272786,0.105655
3795,0.279035,0.106379
3796,0.275801,0.106924
3797,0.273262,0.107176
3798,0.270327,0.107293
3799,0.278824,0.106912
3800,0.276991,0.107286
3801,0.279389,0.107741
3802,0.280644,0.105866
3803,0.268354,0.106037
3804,0.275758,0.105941
3805,0.278752,0.107630
3806,0.281432,0.107570
3807,0.282254,0.107124
3808,0.282239,0.106999
3809,0.270140,0.106448
3810,0.270636,0.106619
3811,0.286644,0.106260
3812,0.270389,0.106395
3813,0.281133,0.106236
3814,0.273766,0.107224
3815,0.284437,0.107516
3816,0.281356,0.106983
3817,0.271359,0.106595
3818,0.274303,0.106808
3819,0.267429,0.106969
3820,0.278450,0.105986
3821,0.288010,0.106074
3822,0.268933,0.105615
3823,0.284287,0.107478
3824,0.276127,0.107265
3825,0.279712,0.107526
3826,0.291996,0.106731
3827,0.290907,0.106921
3828,0.274468,0.107251
3829,0.266626,0.105890
3830,0.272668,0.105054
3831,0.273010,0.105939
3832,0.287085,0.106814
3833,0.293211,0.107427
3834,0.269022,0.107706
3835,0.289709,0.106986
3836,0.283680,0.107208
3837,0.300974,0.106569
3838,0.275403,0.106165
3839,0.280105,0.106162
3840,0.300486,0.105570
3841,0.274819,0.106354
3842,0.268027,0.106990
3843,0.294507,0.107747
3844,0.282515,0.107232
3845,0.273561,0.106857
3846,0.290842,0.106672
3847,0.281805,0.106507
3848,0.305358,0.105896
3849,0.288465,0.106268
3850,0.302975,0.106106
3851,0.288864,0.109118
3852,0.274508,0.106392
3853,0.282987,0.106080
3854,0.289313,0.107182
3855,0.286154,0.106608
3856,0.276023,0.105727
3857,0.274579,0.106698
3858,0.265350,0.105913
3859,0.285745,0.107545
3860,0.281925,0.107873
3861,0.287901,0.106962
3862,0.279641,0.106654
3863,0.282485,0.106947
3864,0.276223,0.106971
3865,0.294022,0.105548
3866,0.266417,0.105087
3867,0.279165,0.106967
3868,0.279133,0.106621
3869,0.277980,0.107702
3870,0.281570,0.107823
3871,0.295651,0.106470
3872,0.285974,0.106936
3873,0.271680,0.107190
3874,0.292003,0.106379
3875,0.269016,0.105994
3876,0.272183,0.105841
3877,0.270657,0.106558
3878,0.274628,0.111877
3879,0.285342,0.105974
3880,0.279792,0.106962
3881,0.273969,0.106694
3882,0.283938,0.106885
3883,0.277450,0.106899
3884,0.277115,0.105971
3885,0.273706,0.106295
3886,0.279879,0.106952
3887,0.282174,0.107754
3888,0.278244,0.107135
3889,0.265577,0.106809
3890,0.318242,0.106888
3891,0.278940,0.107250
3892,0.275570,0.106114
3893,0.268880,0.106253
3894,0.279239,0.105439
3895,0.283142,0.107288
3896,0.282562,0.107569
3897,0.277646,0.107183
3898,0.294036,0.106815
3899,0.279966,0.106536
3900,0.285315,0.107758
3901,0.277851,0.107113
3902,0.266003,0.105488
3903,0.260433,0.107080
3904,0.291284,0.106983
3905,0.281516,0.106993
3906,0.272271,0.107211
3907,0.287676,0.106555
3908,0.280571,0.106988
3909,0.275858,0.107054
3910,0.276463,0.106707
3911,0.271285,0.106320
3912,0.285222,0.106539
3913,0.277835,0.107019
3914,0.280012,0.106997
3915,0.282153,0.106418
3916,0.280847,0.106642
3917,0.277757,0.106559
3918,0.273578,0.107105
3919,0.280356,0.107390
3920,0.278832,0.105984
3921,0.274331,0.106723
3922,0.282117,0.107047
3923,0.280150,0.107206
3924,0.276415,0.106759
3925,0.277706,0.106384
3926,0.308489,0.106722
3927,0.273576,0.107376
3928,0.282426,0.106337
3929,0.276812,0.106790
3930,0.284454,0.106328
3931,0.306430,0.106901
3932,0.274341,0.107436
3933,0.291336,0.106499
3934,0.280173,0.106386
3935,0.306794,0.106956
3936,0.284193,0.107436
3937,0.274143,0.106398
3938,0.286357,0.106221
3939,0.277894,0.106655
3940,0.283129,0.106575
3941,0.280921,0.107575
3942,0.268239,0.105991
3943,0.285184,0.105621
3944,0.285563,0.107467
3945,0.263937,0.107284
3946,0.282072,0.106214
3947,0.263676,0.106894
3948,0.281281,0.106825
3949,0.277145,0.107818
3950,0.280420,0.106611
3951,0.294944,0.107475
3952,0.267447,0.106944
3953,0.289473,0.106274
3954,0.289593,0.106647
3955,0.284238,0.107182
3956,0.292635,0.106846
3957,0.285281,0.107161
3958,0.279303,0.106509
3959,0.284618,0.106988
3960,0.275955,0.106981
3961,0.275422,0.107047
3962,0.288319,0.105937
3963,0.287075,0.106394
3964,0.272219,0.107163
3965,0.281495,0.107042
3966,0.282145,0.106980
3967,0.288057,0.106941
3968,0.269851,0.107152
3969,0.283556,0.106857
3970,0.273368,0.106714
3971,0.285395,0.106038
3972,0.278897,0.106665
3973,0.285418,0.107020
3974,0.277371,0.106681
3975,0.283841,0.106685
3976,0.282908,0.106415
3977,0.275031,0.107105
3978,0.291646,0.106471
3979,0.283147,0.106380
3980,0.273600,0.106745
3981,0.265838,0.106702
3982,0.277208,0.106652
3983,0.287609,0.107265
3984,0.298636,0.106632
3985,0.292091,0.107378
3986,0.275410,0.106288
3987,0.271520,0.106686
3988,0.282882,0.106411
3989,0.285089,0.106454
3990,0.268219,0.106491
3991,0.275701,0.107009
3992,0.279973,0.106590
3993,0.278561,0.107433
3994,0.280658,0.106323
3995,0.270204,0.106756
3996,0.274122,0.107361
3997,0.269394,0.106344
3998,0.271517,0.106728
3999,0.263944,0.106921
4000,0.287439,0.106829
4001,0.291473,0.107581
4002,0.285000,0.105442
4003,0.276805,0.106852
4004,0.282026,0.106941
4005,0.271198,0.106623
4006,0.285178,0.106934
4007,0.273417,0.106740
4008,0.276165,0.107058
4009,0.290196,0.106928
4010,0.277232,0.106639
4011,0.284332,0.106456
4012,0.287439,0.106692
4013,0.285520,0.107031
4014,0.276219,0.106669
4015,0.293199,0.106163
4016,0.292540,0.106801
4017,0.291716,0.106751
4018,0.282320,0.107170
4019,0.282951,0.106976
4020,0.289879,0.106247
4021,0.280830,0.106699
4022,0.290303,0.106966
4023,0.277813,0.107241
4024,0.276482,0.106548
4025,0.295552,0.107191
4026,0.283661,0.106757
4027,0.293496,0.107365
4028,0.289052,0.106514
4029,0.282370,0.106865
4030,0.280701,0.106386
4031,0.269453,0.107472
4032,0.272586,0.107240
4033,0.290207,0.106504
4034,0.278597,0.106606
4035,0.285575,0.106998
4036,0.286192,0.107063
4037,0.278709,0.106795
4038,0.297030,0.106427
4039,0.279375,0.106831
4040,0.284234,0.107251
4041,0.281853,0.106845
4042,0.276407,0.106467
4043,0.286830,0.106400
4044,0.276294,0.106968
4045,0.289103,0.107334
4046,0.283292,0.106560
4047,0.272282,0.106941
4048,0.275017,0.106491
4049,0.279329,0.107062
4050,0.280695,0.107314
4051,0.297717,0.106679
4052,0.291494,0.106846
4053,0.275762,0.107699
4054,0.276790,0.106845
4055,0.275032,0.108019
4056,0.284819,0.106282
4057,0.284402,0.106741
4058,0.273200,0.107513
4059,0.281382,0.106505
4060,0.287727,0.106396
4061,0.286744,0.107895
4062,0.282582,0.106306
4063,0.269958,0.108500
4064,0.268061,0.106824
4065,0.291402,0.114093
4066,0.284414,0.106696
4067,0.258071,0.106715
4068,0.271829,0.106176
4069,0.286876,0.106919
4070,0.278013,0.106040
4071,0.298275,0.106907
4072,0.285511,0.106950
4073,0.283312,0.107735
4074,0.293418,0.107456
4075,0.285687,0.106435
4076,0.274342,0.106609
4077,0.291421,0.106149
4078,0.297606,0.106225
4079,0.269847,0.106841
4080,0.285383,0.106627
4081,0.269450,0.106995
4082,0.284494,0.107280
4083,0.285497,0.106995
4084,0.276376,0.106923
4085,0.286098,0.106821
4086,0.281106,0.105842
4087,0.284929,0.106743
4088,0.275842,0.106015
4089,0.279251,0.107129
4090,0.290909,0.108091
4091,0.278055,0.107070
4092,0.289091,0.107276
4093,0.284441,0.106836
4094,0.281544,0.106900
4095,0.288420,0.114038
4096,0.273326,0.105531
4097,0.270491,0.105788
4098,0.287050,0.106685
4099,0.289443,0.105954
4100,0.279371,0.106383
4101,0.277103,0.109082
4102,0.286121,0.108078
4103,0.275563,0.107266
4104,0.291987,0.106501
4105,0.284880,0.105292
4106,0.276593,0.106221
4107,0.277471,0.108943
4108,0.282794,0.106669
4109,0.286141,0.107292
4110,0.296380,0.107212
4111,0.301282,0.107137
4112,0.286361,0.107036
4113,0.271073,0.106919
4114,0.281835,0.106215
4115,0.283220,0.106234
4116,0.279535,0.106757
4117,0.284395,0.106829
4118,0.281287,0.107008
4119,0.280596,0.107414
4120,0.290261,0.106900
4121,0.283515,0.107108
4122,0.303648,0.106741
4123,0.287434,0.105844
4124,0.284428,0.105916
4125,0.275291,0.106579
4126,0.298524,0.106825
4127,0.286546,0.108981
4128,0.277991,0.106607
4129,0.322556,0.106890
4130,0.291381,0.106960
4131,0.276672,0.108414
4132,0.311661,0.106536
4133,0.294938,0.106494
4134,0.304359,0.106585
4135,0.284054,0.107464
4136,0.280112,0.106880
4137,0.283829,0.108545
4138,0.303414,0.107002
4139,0.294760,0.107217
4140,0.277215,0.105666
4141,0.274003,0.106323
4142,0.289711,0.106673
4143,0.289477,0.106871
4144,0.287027,0.106719
4145,0.297396,0.107332
4146,0.278836,0.106680
4147,0.335709,0.106905
4148,0.275440,0.106844
4149,0.287115,0.106373
4150,0.284538,0.106185
4151,0.281328,0.108765
4152,0.278506,0.106182
4153,0.275656,0.116802
4154,0.277206,0.106231
4155,0.291639,0.106122
4156,0.283495,0.106428
4157,0.275228,0.106072
4158,0.280759,0.106510
4159,0.287934,0.106912
4160,0.280796,0.107162
4161,0.291239,0.107886
4162,0.277828,0.107923
4163,0.289358,0.106306
4164,0.280229,0.106796
4165,0.268533,0.106649
4166,0.285393,0.106474
4167,0.284813,0.105795
4168,0.290829,0.106212
4169,0.287721,0.107461
4170,0.276484,0.107482
4171,0.282234,0.107262
4172,0.282605,0.106672
4173,0.283385,0.106382
4174,0.289682,0.106377
4175,0.275876,0.106347
4176,0.289579,0.105537
4177,0.286808,0.106374
4178,0.276061,0.106815
4179,0.288243,0.107737
4180,0.298820,0.107185
4181,0.281160,0.106954
4182,0.275877,0.107305
4183,0.289520,0.105677
4184,0.295920,0.105538
4185,0.275263,0.106190
4186,0.304198,0.106661
4187,0.278781,0.108235
4188,0.321565,0.107344
4189,0.291403,0.107812
4190,0.289614,0.107934
4191,0.276485,0.107458
4192,0.272451,0.106121
4193,0.279553,0.105827
4194,0.284309,0.105457
4195,0.289272,0.106818
4196,0.275781,0.106751
4197,0.276915,0.109170
4198,0.298533,0.105665
4199,0.279576,0.106689
4200,0.295034,0.107435
4201,0.281378,0.110926
4202,0.282488,0.105264
4203,0.281920,0.106273
4204,0.283135,0.106990
4205,0.296727,0.107063
4206,0.283129,0.106114
4207,0.284293,0.106768
4208,0.299840,0.107258
4209,0.277210,0.107109
4210,0.276831,0.106365
4211,0.302091,0.106199
4212,0.288323,0.106294
4213,0.316464,0.106545
4214,0.274331,0.106878
4215,0.278284,0.106611
4216,0.288270,0.108277
4217,0.288952,0.106652
4218,0.298708,0.107517
4219,0.278666,0.106144
4220,0.285790,0.106218
4221,0.280632,0.106591
4222,0.293369,0.106221
4223,0.289085,0.105876
4224,0.277423,0.107611
4225,0.284721,0.109120
4226,0.284929,0.106297
4227,0.275038,0.108378
4228,0.296776,0.105768
4229,0.289477,0.106388
4230,0.289639,0.106486
4231,0.278358,0.105929
4232,0.286333,0.105738
4233,0.291987,0.106979
4234,0.276357,0.107506
4235,0.280788,0.106774
4236,0.281318,0.105913
4237,0.280408,0.108290
4238,0.275277,0.106125
4239,0.282627,0.106540
4240,0.288740,0.106512
4241,0.278113,0.105753
4242,0.274436,0.106541
4243,0.277538,0.106811
4244,0.292804,0.106352
4245,0.282122,0.106390
4246,0.281269,0.106371
4247,0.285648,0.106563
4248,0.284880,0.107100
4249,0.274655,0.105732
4250,0.284493,0.106909
4251,0.281499,0.107538
4252,0.299835,0.106366
4253,0.292261,0.105995
4254,0.284691,0.106542
4255,0.282150,0.106353
4256,0.292536,0.105978
4257,0.288633,0.105052
4258,0.296705,0.107795
4259,0.285842,0.107310
4260,0.274370,0.107367
4261,0.280450,0.107205
4262,0.296816,0.106334
4263,0.284224,0.107126
4264,0.290799,0.106678
4265,0.298514,0.106357
4266,0.295625,0.105355
4267,0.280159,0.107251
4268,0.296744,0.107471
4269,0.278313,0.107121
4270,0.281435,0.106034
4271,0.298217,0.115035
4272,0.281811,0.105783
4273,0.293215,0.108962
4274,0.280077,0.105514
4275,0.288926,0.105529
4276,0.274773,0.105682
4277,0.290982,0.105884
4278,0.280958,0.106070
4279,0.291311,0.107747
4280,0.292701,0.106754
4281,0.276021,0.106622
4282,0.265724,0.106899
4283,0.286130,0.106484
4284,0.290981,0.105759
4285,0.291992,0.106371
4286,0.296433,0.105992
4287,0.293047,0.106968
4288,0.285759,0.107446
4289,0.280085,0.107009
4290,0.281491,0.106545
4291,0.286136,0.106788
4292,0.286241,0.106695
4293,0.276738,0.105773
4294,0.289785,0.105057
4295,0.286365,0.106307
4296,0.285575,0.106533
4297,0.300252,0.107457
4298,0.294761,0.108122
4299,0.278699,0.106657
4300,0.286104,0.106989
4301,0.285443,0.107196
4302,0.280154,0.105299
4303,0.288151,0.105859
4304,0.280050,0.106053
4305,0.286374,0.107884
4306,0.278021,0.107892
4307,0.285279,0.106708
4308,0.291628,0.106837
4309,0.279513,0.106126
4310,0.290919,0.106841
4311,0.290640,0.106022
4312,0.278533,0.105770
4313,0.296733,0.105987
4314,0.275589,0.106513
4315,0.279302,0.108091
4316,0.274373,0.106719
4317,0.292950,0.105809
4318,0.272617,0.106482
4319,0.292970,0.105904
4320,0.290393,0.106118
4321,0.272783,0.106148
4322,0.289519,0.107377
4323,0.286453,0.107450
4324,0.293229,0.107091
4325,0.289038,0.107095
4326,0.277934,0.106280
4327,0.286084,0.109182
4328,0.278811,0.105887
4329,0.282948,0.106235
4330,0.290644,0.105237
4331,0.274064,0.106838
4332,0.290996,0.107095
4333,0.282624,0.107031
4334,0.292580,0.107158
4335,0.282641,0.107080
4336,0.285415,0.106815
4337,0.288928,0.105558
4338,0.289575,0.105419
4339,0.289518,0.105857
4340,0.276042,0.106414
4341,0.268241,0.107195
4342,0.293075,0.107450
4343,0.303541,0.106193
4344,0.297686,0.107505
4345,0.287784,0.106584
4346,0.285536,0.105783
4347,0.284939,0.105850
4348,0.294679,0.106074
4349,0.284154,0.106650
4350,0.289191,0.107742
4351,0.279423,0.107375
4352,0.286744,0.106998
4353,0.282934,0.106397
4354,0.288246,0.106412
4355,0.277713,0.108907
4356,0.288243,0.105445
4357,0.292213,0.105726
4358,0.290478,0.106528
4359,0.286309,0.107387
4360,0.290938,0.106781
4361,0.279109,0.105594
4362,0.285180,0.105240
4363,0.273434,0.106630
4364,0.296716,0.106457
4365,0.288022,0.106399
4366,0.286565,0.104942
4367,0.280335,0.106565
4368,0.276857,0.107396
4369,0.278114,0.107046
4370,0.272492,0.106385
4371,0.283653,0.106056
4372,0.290609,0.106944
4373,0.282980,0.106900
4374,0.274632,0.105799
4375,0.278796,0.106393
4376,0.280239,0.105963
4377,0.286706,0.107127
4378,0.277093,0.106892
4379,0.284442,0.106200
4380,0.287566,0.106604
4381,0.283310,0.108579
4382,0.299576,0.106284
4383,0.289713,0.106795
4384,0.277996,0.106204
4385,0.294137,0.108558
4386,0.283651,0.107021
4387,0.279216,0.106185
4388,0.277145,0.106202
4389,0.278537,0.107009
4390,0.280748,0.106676
4391,0.287425,0.105981
4392,0.279487,0.105610
4393,0.296719,0.107109
4394,0.287583,0.106334
4395,0.280772,0.107251
4396,0.283497,0.110334
4397,0.277049,0.106699
4398,0.278902,0.106577
4399,0.307291,0.106727
4400,0.297112,0.106326
4401,0.289632,0.109679
4402,0.282886,0.106880
4403,0.294482,0.107252
4404,0.273108,0.106864
4405,0.288677,0.105463
4406,0.277307,0.107273
4407,0.279364,0.112127
4408,0.288305,0.105159
4409,0.285383,0.105572
4410,0.277051,0.105479
4411,0.280035,0.106162
4412,0.281921,0.107533
4413,0.294278,0.106064
4414,0.281065,0.106362
4415,0.284687,0.107364
4416,0.283324,0.107176
4417,0.280254,0.106615
4418,0.288991,0.105670
4419,0.297872,0.105674
4420,0.306575,0.108184
4421,0.289287,0.106589
4422,0.266700,0.106828
4423,0.290196,0.119141
4424,0.287815,0.104975
4425,0.298633,0.105671
4426,0.309733,0.110786
4427,0.290910,0.105596
4428,0.277968,0.105694
4429,0.292257,0.106524
4430,0.287626,0.106442
4431,0.290526,0.109863
4432,0.287726,0.112580
4433,0.296897,0.105328
4434,0.298566,0.106212
4435,0.294452,0.105863
4436,0.282874,0.105530
4437,0.288245,0.105948
4438,0.276831,0.106232
4439,0.282118,0.107002
4440,0.288471,0.108739
4441,0.286710,0.107338
4442,0.284027,0.106866
4443,0.297825,0.106722
4444,0.282392,0.106181
4445,0.289230,0.105443
4446,0.289472,0.106161
4447,0.286642,0.106071
4448,0.295907,0.106340
4449,0.288977,0.107920
4450,0.279772,0.107103
4451,0.286253,0.107485
4452,0.285907,0.106494
4453,0.281484,0.105930
4454,0.269939,0.105868
4455,0.307480,0.106211
4456,0.290790,0.106061
4457,0.290691,0.107165
4458,0.274943,0.106148
4459,0.297203,0.107138
4460,0.277494,0.107301
4461,0.281761,0.105912
4462,0.272284,0.106243
4463,0.296157,0.106040
4464,0.277590,0.105993
4465,0.282951,0.106447
4466,0.295411,0.106771
4467,0.295754,0.106753
4468,0.285055,0.106663
4469,0.290946,0.107541
4470,0.293496,0.106344
4471,0.308123,0.105015
4472,0.291280,0.106096
4473,0.299717,0.106381
4474,0.283548,0.106100
4475,0.300908,0.110056
4476,0.276757,0.106001
4477,0.308853,0.107326
4478,0.274953,0.106912
4479,0.290623,0.106111
4480,0.296398,0.105452
4481,0.311160,0.105652
4482,0.289078,0.105993
4483,0.295770,0.106981
4484,0.279098,0.106364
4485,0.284093,0.106988
4486,0.310358,0.107009
4487,0.289188,0.106964
4488,0.292490,0.106542
4489,0.282132,0.105806
4490,0.293229,0.105969
4491,0.280803,0.105884
4492,0.286479,0.106682
4493,0.300954,0.106896
4494,0.294720,0.106639
4495,0.274065,0.106750
4496,0.291991,0.106632
4497,0.290950,0.105897
4498,0.280468,0.106524
4499,0.280054,0.105375
4500,0.283219,0.106224
4501,0.285871,0.107762
4502,0.286925,0.106957
4503,0.304433,0.106612
4504,0.287737,0.106193
4505,0.282111,0.106352
4506,0.302219,0.106291
4507,0.289840,0.105169
4508,0.296817,0.106985
4509,0.283773,0.106954
4510,0.289185,0.107455
4511,0.286481,0.107427
4512,0.272678,0.106555
4513,0.285716,0.106678
4514,0.280794,0.106049
4515,0.288452,0.106259
4516,0.290932,0.105442
4517,0.301819,0.106681
4518,0.280294,0.107107
4519,0.292824,0.106716
4520,0.279448,0.106288
4521,0.292515,0.106842
4522,0.282844,0.106727
4523,0.284565,0.106814
4524,0.294231,0.106047
4525,0.284278,0.105729
4526,0.276799,0.106286
4527,0.296051,0.107000
4528,0.287678,0.106873
4529,0.287119,0.106470
4530,0.282566,0.106680
4531,0.278126,0.107149
4532,0.288931,0.108220
4533,0.288044,0.105115
4534,0.291446,0.106949
4535,0.295293,0.106423
4536,0.281439,0.106948
4537,0.278094,0.106772
4538,0.297216,0.106156
4539,0.290332,0.107123
4540,0.289077,0.107153
4541,0.282107,0.106482
4542,0.288882,0.105923
4543,0.282289,0.108159
4544,0.279848,0.108319
4545,0.274889,0.114730
4546,0.275009,0.106233
4547,0.285147,0.106487
4548,0.290099,0.107926
4549,0.289241,0.110069
4550,0.281621,0.106310
4551,0.302331,0.106415
4552,0.295356,0.105673
4553,0.278063,0.106119
4554,0.285380,0.107715
4555,0.281898,0.106526
4556,0.291790,0.111727
4557,0.298921,0.105753
4558,0.287983,0.105837
4559,0.283652,0.106384
4560,0.294801,0.106284
4561,0.287250,0.106049
4562,0.286741,0.106250
4563,0.283656,0.107981
4564,0.301235,0.107338
4565,0.281202,0.107055
4566,0.300631,0.106657
4567,0.288505,0.106881
4568,0.287493,0.106182
4569,0.283304,0.107041
4570,0.291954,0.105686
4571,0.291917,0.106022
4572,0.278221,0.108437
4573,0.290380,0.105671
4574,0.274756,0.106811
4575,0.296864,0.106688
4576,0.283466,0.107126
4577,0.295263,0.106492
4578,0.282193,0.106093
4579,0.288214,0.106396
4580,0.283421,0.107149
4581,0.282083,0.106240
4582,0.292764,0.106035
4583,0.287064,0.107824
4584,0.309537,0.106401
4585,0.281904,0.106647
4586,0.288135,0.107634
4587,0.304870,0.105797
4588,0.300145,0.106456
4589,0.309512,0.106659
4590,0.286384,0.106285
4591,0.298201,0.106071
4592,0.300752,0.106304
4593,0.288251,0.107096
4594,0.285595,0.106549
4595,0.293239,0.106809
4596,0.277863,0.106036
4597,0.292406,0.106488
4598,0.283384,0.106936
4599,0.299728,0.106430
4600,0.299950,0.106662
4601,0.293743,0.107945
4602,0.292905,0.105850
4603,0.289857,0.107206
4604,0.284041,0.106561
4605,0.280573,0.106757
4606,0.279132,0.106867
4607,0.281073,0.106655
4608,0.292608,0.106235
4609,0.298076,0.107393
4610,0.282033,0.105988
4611,0.274030,0.108096
4612,0.282961,0.104991
4613,0.272164,0.110815
4614,0.279854,0.106250
4615,0.278256,0.106595
4616,0.297414,0.107294
4617,0.288160,0.108832
4618,0.296655,0.106365
4619,0.280447,0.107257
4620,0.281580,0.106247
4621,0.304939,0.106519
4622,0.291207,0.107463
4623,0.276032,0.108478
4624,0.282064,0.107424
4625,0.299881,0.106898
4626,0.294792,0.106445
4627,0.287716,0.107255
4628,0.278508,0.106980
4629,0.283630,0.106806
4630,0.297949,0.106523
4631,0.312617,0.106773
4632,0.315007,0.105681
4633,0.277980,0.105798
4634,0.286249,0.106261
4635,0.300356,0.105964
4636,0.303905,0.106726
4637,0.287081,0.107255
4638,0.289892,0.106938
4639,0.289468,0.107246
4640,0.286456,0.106759
4641,0.283851,0.105832
4642,0.279880,0.105754
4643,0.287216,0.105793
4644,0.292229,0.106152
4645,0.294953,0.106834
4646,0.287223,0.106727
4647,0.280789,0.110132
4648,0.303843,0.106485
4649,0.285648,0.106377
4650,0.288127,0.106617
4651,0.285599,0.106569
4652,0.290284,0.106439
4653,0.292534,0.106846
4654,0.285907,0.107502
4655,0.283772,0.107021
4656,0.286415,0.106690
4657,0.283811,0.106062
4658,0.303256,0.106134
4659,0.284759,0.108106
4660,0.286599,0.105725
4661,0.290046,0.106367
4662,0.293458,0.105541
4663,0.287456,0.107037
4664,0.297434,0.106770
4665,0.284495,0.115851
4666,0.292554,0.105130
4667,0.287828,0.106562
4668,0.295813,0.106243
4669,0.294394,0.109446
4670,0.280250,0.105741
4671,0.289196,0.109076
4672,0.293942,0.106947
4673,0.293208,0.107862
4674,0.289884,0.107711
4675,0.296071,0.105532
4676,0.287712,0.105790
4677,0.290270,0.106164
4678,0.282175,0.106292
4679,0.294816,0.106329
4680,0.294403,0.106457
4681,0.286073,0.106208
4682,0.294025,0.107609
4683,0.280804,0.106898
4684,0.291001,0.106701
4685,0.295194,0.108458
4686,0.279733,0.105683
4687,0.288702,0.106198
4688,0.299214,0.105321
4689,0.284283,0.105865
4690,0.282556,0.106143
4691,0.304834,0.107311
4692,0.289422,0.107610
4693,0.282859,0.107294
4694,0.285999,0.106450
4695,0.283771,0.106980
4696,0.296833,0.106109
4697,0.294039,0.106016
4698,0.299790,0.105569
4699,0.295428,0.105488
4700,0.292130,0.106971
4701,0.294940,0.108176
4702,0.296244,0.106912
4703,0.295276,0.106390
4704,0.285174,0.105672
4705,0.282282,0.106272
4706,0.298610,0.106190
4707,0.286198,0.105959
4708,0.285856,0.106900
4709,0.295966,0.107020
4710,0.296959,0.107669
4711,0.283006,0.106516
4712,0.297255,0.106646
4713,0.298550,0.106325
4714,0.305828,0.106210
4715,0.293181,0.106125
4716,0.303885,0.106654
4717,0.297565,0.105901
4718,0.290143,0.107378
4719,0.295957,0.106952
4720,0.310921,0.106948
4721,0.293122,0.106778
4722,0.289344,0.105959
4723,0.281780,0.106333
4724,0.288785,0.106044
4725,0.288944,0.106502
4726,0.294247,0.106508
4727,0.278603,0.107245
4728,0.283910,0.106825
4729,0.300095,0.107319
4730,0.298219,0.106337
4731,0.301784,0.105672
4732,0.292019,0.105119
4733,0.292064,0.106575
4734,0.281207,0.106315
4735,0.298178,0.106781
4736,0.305729,0.107230
4737,0.295897,0.107232
4738,0.288010,0.107804
4739,0.288225,0.106183
4740,0.292870,0.105849
4741,0.315971,0.105324
4742,0.306909,0.105910
4743,0.297662,0.106335
4744,0.289444,0.106832
4745,0.295838,0.106506
4746,0.289445,0.107226
4747,0.288592,0.106727
4748,0.319946,0.106663
4749,0.290385,0.106598
4750,0.297244,0.105853
4751,0.281563,0.107423
4752,0.286540,0.106383
4753,0.286233,0.107229
4754,0.299880,0.106707
4755,0.284118,0.106484
4756,0.287531,0.106625
4757,0.288622,0.106410
4758,0.286358,0.105304
4759,0.300487,0.106170
4760,0.286579,0.106462
4761,0.292335,0.107179
4762,0.292855,0.106635
4763,0.288256,0.106956
4764,0.287859,0.106712
4765,0.277225,0.106539
4766,0.289951,0.106757
4767,0.284307,0.105864
4768,0.284754,0.105554
4769,0.293570,0.106314
4770,0.302997,0.106121
4771,0.280414,0.107112
4772,0.287099,0.107493
4773,0.292055,0.107087
4774,0.278585,0.106935
4775,0.277873,0.106657
4776,0.289678,0.106713
4777,0.290858,0.106200
4778,0.299078,0.105815
4779,0.292567,0.106582
4780,0.282068,0.107365
4781,0.301684,0.107589
4782,0.304777,0.106667
4783,0.306521,0.106164
4784,0.283187,0.106810
4785,0.288387,0.106424
4786,0.292560,0.106207
4787,0.297806,0.106093
4788,0.297950,0.106043
4789,0.292716,0.107148
4790,0.292628,0.107055
4791,0.292869,0.107232
4792,0.292857,0.106757
4793,0.296102,0.106431
4794,0.288360,0.106737
4795,0.286351,0.106519
4796,0.304138,0.105185
4797,0.296959,0.106129
4798,0.294154,0.106608
4799,0.290818,0.107252
4800,0.293033,0.107032
4801,0.298968,0.107912
4802,0.291619,0.106265
4803,0.281679,0.106129
4804,0.276383,0.106326
4805,0.281997,0.105800
4806,0.268555,0.106192
4807,0.293057,0.107511
4808,0.292398,0.106499
4809,0.287130,0.106637
4810,0.278994,0.107369
4811,0.285845,0.106697
4812,0.282804,0.106507
4813,0.278573,0.105900
4814,0.310420,0.106130
4815,0.288671,0.106247
4816,0.303910,0.107064
4817,0.290033,0.106868
4818,0.284649,0.106863
4819,0.294463,0.106422
4820,0.297114,0.106542
4821,0.293096,0.105765
4822,0.289759,0.106389
4823,0.287675,0.106506
4824,0.287628,0.106274
4825,0.301418,0.106942
4826,0.297395,0.107281
4827,0.286188,0.107613
4828,0.316672,0.106550
4829,0.295489,0.106434
4830,0.289019,0.105891
4831,0.298973,0.106309
4832,0.295537,0.106486
4833,0.293600,0.106296
4834,0.294252,0.105964
4835,0.294119,0.107392
4836,0.287074,0.107107
4837,0.281867,0.106827
4838,0.298117,0.106593
4839,0.289408,0.106046
4840,0.299179,0.106774
4841,0.292952,0.106275
4842,0.289599,0.106374
4843,0.281561,0.106395
4844,0.290216,0.106744
4845,0.310246,0.107266
4846,0.298520,0.106731
4847,0.281806,0.106313
4848,0.287266,0.106647
4849,0.291427,0.106269
4850,0.298883,0.106874
4851,0.293795,0.107763
4852,0.298578,0.106921
4853,0.270684,0.106679
4854,0.295841,0.106576
4855,0.285122,0.106665
4856,0.282789,0.106256
4857,0.294441,0.106332
4858,0.285987,0.106868
4859,0.293755,0.106576
4860,0.294544,0.106866
4861,0.298013,0.106947
4862,0.299664,0.106227
4863,0.280484,0.107042
4864,0.284254,0.106751
4865,0.306175,0.106629
4866,0.311987,0.106522
4867,0.299095,0.106543
4868,0.290080,0.106971
4869,0.301820,0.106895
4870,0.283451,0.106254
4871,0.279740,0.106591
4872,0.293370,0.106330
4873,0.312119,0.106869
4874,0.309530,0.106440
4875,0.292815,0.106353
4876,0.294496,0.106993
4877,0.294892,0.106917
4878,0.301503,0.106833
4879,0.292542,0.106379
4880,0.321861,0.106198
4881,0.286799,0.106562
4882,0.312895,0.107159
4883,0.294697,0.106632
4884,0.303331,0.105887
4885,0.287110,0.106144
4886,0.289305,0.107149
4887,0.283345,0.107229
4888,0.314122,0.106674
4889,0.289667,0.106741
4890,0.292131,0.106195
4891,0.285780,0.107588
4892,0.293375,0.106651
4893,0.289952,0.106427
4894,0.279826,0.106035
4895,0.305637,0.107206
4896,0.304145,0.107313
4897,0.296403,0.106663
4898,0.287250,0.106297
4899,0.299385,0.105731
4900,0.283554,0.106653
4901,0.297038,0.107514
4902,0.294801,0.105960
4903,0.286473,0.107101
4904,0.286101,0.106775
4905,0.309648,0.106970
4906,0.275762,0.106652
4907,0.295092,0.106074
4908,0.300034,0.105887
4909,0.293981,0.107143
4910,0.287566,0.107101
4911,0.290185,0.106454
4912,0.298235,0.106942
4913,0.281483,0.106704
4914,0.275718,0.107472
4915,0.297736,0.106154
4916,0.287432,0.105758
4917,0.286665,0.106374
4918,0.300180,0.106452
4919,0.289384,0.107071
4920,0.282275,0.106370
4921,0.281023,0.106026
4922,0.285857,0.107157
4923,0.293048,0.106746
4924,0.287404,0.106735
4925,0.299873,0.106450
4926,0.293105,0.106410
4927,0.295555,0.107046
4928,0.306278,0.107111
4929,0.289610,0.106846
4930,0.286673,0.106235
4931,0.288447,0.106843
4932,0.294337,0.106667
4933,0.302437,0.106061
4934,0.290638,0.105748
4935,0.294044,0.106478
4936,0.305256,0.105868
4937,0.290062,0.107099
4938,0.292108,0.106895
4939,0.298007,0.106966
4940,0.281876,0.106822
4941,0.296185,0.106570
4942,0.299744,0.106654
4943,0.299315,0.105941
4944,0.294357,0.106353
4945,0.278159,0.106450
4946,0.280918,0.106931
4947,0.315324,0.106756
4948,0.298238,0.106607
4949,0.294961,0.106747
4950,0.295443,0.106745
4951,0.288835,0.107464
4952,0.304049,0.106255
4953,0.289404,0.106843
4954,0.286206,0.106537
4955,0.301094,0.106645
4956,0.294417,0.106694
4957,0.282452,0.106842
4958,0.294178,0.106578
4959,0.292178,0.106160
4960,0.294369,0.107041
4961,0.296506,0.106932
4962,0.373950,0.106311
4963,0.283741,0.106544
4964,0.291365,0.106217
4965,0.280178,0.107155
4966,0.289451,0.106514
4967,0.300560,0.106388
4968,0.284814,0.106320
4969,0.295412,0.106513
4970,0.298218,0.107291
4971,0.302803,0.106332
4972,0.285292,0.105540
4973,0.291728,0.107216
4974,0.286088,0.106452
4975,0.293899,0.106872
4976,0.298385,0.107198
4977,0.292606,0.106466
4978,0.286236,0.106896
4979,0.294559,0.106702
4980,0.300119,0.106294
4981,0.292645,0.106275
4982,0.284470,0.106403
4983,0.292232,0.106662
4984,0.280367,0.106715
4985,0.285766,0.106721
4986,0.297162,0.106539
4987,0.285019,0.106181
4988,0.290652,0.106780
4989,0.292947,0.107038
4990,0.294543,0.106719
4991,0.299648,0.106646
4992,0.304527,0.106682
4993,0.292352,0.107138
4994,0.282453,0.106394
4995,0.301655,0.106680
4996,0.291601,0.106395
4997,0.280477,0.106719
4998,0.311799,0.106775
4999,0.314622,0.106423
5000,0.298963,0.106221
