step,grad_norm,step_time
1,10.530151,0.111101
2,11.393235,0.099385
3,11.428288,0.097762
4,9.941352,0.098383
5,9.738828,0.097559
6,8.528656,0.098116
7,8.113752,0.098487
8,7.671034,0.098681
9,7.634109,0.099523
10,8.617881,0.099881
11,6.558665,0.098535
12,6.962926,0.098301
13,6.248378,0.097283
14,6.234271,0.097663
15,5.563011,0.097216
16,5.979625,0.097474
17,5.507142,0.097329
18,5.593501,0.098970
19,6.311619,0.099008
20,8.502197,0.099606
21,5.550269,0.098557
22,5.775599,0.098194
23,6.367392,0.098272
24,6.067372,0.097751
25,7.901548,0.097761
26,6.793701,0.097587
27,6.252500,0.097714
28,5.298521,0.098442
29,4.396600,0.099172
30,4.659293,0.099053
31,3.941016,0.098214
32,4.126096,0.098305
33,5.312708,0.098297
34,7.044588,0.097808
35,3.542139,0.097560
36,3.811714,0.097777
37,4.117367,0.097809
38,3.436255,0.098219
39,4.421459,0.098240
40,3.252999,0.099154
41,3.122366,0.098278
42,2.654018,0.098649
43,2.683516,0.098911
44,2.637872,0.098304
45,3.171460,0.097639
46,3.092771,0.097582
47,2.322279,0.097756
48,2.528370,0.097828
49,2.608191,0.098534
50,2.121975,0.098578
51,2.364908,0.098082
52,2.640077,0.098329
53,2.258894,0.097999
54,2.322734,0.097899
55,2.867858,0.097808
56,2.893588,0.098177
57,2.091411,0.098445
58,2.132354,0.098437
59,1.965076,0.097520
60,2.282063,0.099171
61,1.934840,0.098211
62,1.779382,0.098320
63,2.475833,0.098126
64,1.847609,0.098879
65,2.138616,0.097643
66,2.164399,0.098212
67,2.068971,0.098372
68,1.948467,0.098585
69,2.126041,0.098471
70,2.429158,0.098301
71,2.014841,0.097939
72,1.956265,0.098307
73,1.883445,0.098041
74,2.095281,0.098240
75,1.837645,0.098160
76,1.526717,0.098294
77,1.787168,0.097978
78,2.015955,0.099037
79,1.911420,0.098394
80,1.828433,0.098503
81,1.584498,0.104865
82,2.049948,0.097838
83,1.583095,0.097648
84,1.721935,0.098331
85,1.751659,0.097885
86,1.569467,0.097928
87,1.464794,0.098244
88,1.657827,0.099002
89,1.840878,0.098029
90,1.772883,0.099147
91,1.729503,0.097954
92,1.763062,0.098166
93,1.737466,0.097550
94,2.089542,0.097948
95,1.868630,0.097792
96,1.525415,0.098574
97,1.767231,0.097943
98,1.946620,0.098798
99,1.581921,0.098337
100,1.868732,0.098516
101,1.576397,0.098067
102,1.563326,0.097770
103,1.847229,0.097650
104,1.464834,0.097901
105,1.477130,0.097974
106,1.557688,0.098612
107,1.586088,0.098468
108,1.553514,0.099431
109,3.071837,0.098326
110,1.763710,0.098740
111,1.557984,0.098176
112,1.674000,0.098239
113,1.843956,0.097510
114,1.760408,0.097652
115,1.663538,0.097854
116,1.476305,0.097966
117,2.210045,0.098454
118,1.429575,0.098544
119,1.390218,0.098446
120,1.678159,0.098656
121,1.456789,0.098430
122,1.543017,0.098535
123,1.493545,0.097917
124,1.669832,0.098289
125,1.377435,0.098232
126,2.773051,0.098143
127,1.548784,0.098035
128,1.432703,0.098644
129,1.412827,0.098129
130,1.342752,0.098241
131,1.653188,0.098315
132,1.370767,0.098038
133,1.597373,0.097451
134,4.723228,0.098032
135,2.454538,0.097929
136,1.596661,0.098152
137,1.536602,0.098635
138,1.925197,0.098364
139,1.389641,0.098102
140,1.955101,0.098308
141,1.481402,0.098472
142,1.992078,0.097546
143,1.370356,0.097976
144,1.675160,0.097950
145,1.503031,0.097983
146,2.011183,0.097742
147,1.567713,0.098678
148,1.800227,0.098718
149,1.618060,0.098123
150,1.589533,0.098364
151,1.807067,0.098328
152,1.413752,0.098263
153,1.797188,0.097827
154,1.430048,0.097944
155,1.516853,0.097977
156,1.400739,0.098762
157,1.415213,0.097997
158,1.310398,0.098099
159,1.423704,0.097675
160,1.592541,0.098099
161,1.272435,0.097952
162,1.305200,0.098155
163,1.372859,0.098242
164,1.264515,0.098608
165,1.220248,0.097964
166,1.328049,0.098442
167,1.235194,0.098417
168,1.355933,0.099136
169,1.320704,0.097823
170,1.451698,0.098043
171,1.167912,0.098057
172,1.371567,0.098374
173,1.334142,0.098030
174,1.268439,0.098566
175,1.393752,0.097968
176,1.322484,0.098351
177,2.845522,0.098457
178,1.498434,0.098351
179,1.592614,0.098100
180,1.315427,0.098188
181,1.468417,0.098346
182,1.171705,0.098519
183,1.198067,0.097889
184,1.285064,0.098830
185,1.196118,0.097592
186,1.157488,0.098099
187,1.433457,0.097992
188,1.175832,0.098710
189,1.340080,0.098177
190,1.253325,0.098033
191,1.212857,0.097544
192,1.207736,0.098672
193,1.229859,0.098130
194,1.323318,0.098402
195,1.216555,0.098593
196,1.187549,0.098095
197,1.202624,0.098475
198,1.275080,0.098178
199,1.192195,0.098382
200,1.757058,0.098223
201,1.240805,0.098464
202,1.171017,0.098065
203,1.112097,0.098366
204,1.454103,0.097806
205,1.692585,0.098064
206,1.252159,0.098079
207,2.151786,0.098192
208,1.390310,0.098036
209,1.198304,0.097928
210,1.353476,0.098669
211,1.256319,0.097908
212,1.122387,0.098756
213,1.199721,0.098406
214,1.157265,0.098334
215,1.283902,0.098692
216,1.237923,0.098605
217,1.051924,0.098476
218,1.306141,0.097934
219,1.952859,0.097992
220,1.165942,0.098070
221,1.081096,0.097803
222,1.090941,0.098686
223,1.179162,0.098273
224,1.009907,0.098679
225,1.031787,0.098243
226,1.021776,0.098813
227,1.049630,0.098233
228,1.012747,0.098693
229,1.255597,0.097935
230,1.100053,0.097875
231,1.277982,0.097782
232,0.997906,0.097964
233,1.265118,0.098160
234,1.065673,0.098031
235,1.000932,0.098370
236,1.124176,0.098052
237,1.083584,0.098298
238,1.606275,0.098081
239,1.044421,0.098340
240,1.042737,0.097925
241,1.072938,0.098142
242,1.036446,0.097728
243,1.056870,0.098208
244,1.096839,0.098622
245,0.986070,0.098035
246,1.315748,0.098959
247,0.979604,0.098207
248,1.031515,0.099199
249,1.014064,0.098124
250,1.093291,0.098953
251,1.061734,0.098340
252,0.997943,0.098229
253,1.037969,0.098295
254,1.092811,0.098188
255,1.180648,0.098020
256,1.044459,0.098235
257,1.030342,0.098279
258,0.989069,0.098971
259,0.945204,0.098061
260,0.886699,0.098139
261,1.011787,0.098426
262,0.950868,0.097999
263,1.073015,0.097502
264,0.972549,0.098444
265,1.031329,0.098525
266,1.062537,0.097819
267,3.952370,0.098223
268,1.361493,0.098532
269,2.134406,0.098368
270,1.153012,0.098512
271,1.016998,0.098331
272,1.067183,0.098411
273,1.179910,0.097724
274,1.106696,0.098579
275,1.212621,0.097808
276,1.052173,0.098229
277,0.956852,0.098362
278,1.044038,0.098428
279,0.899354,0.097451
280,0.993094,0.098426
281,0.877097,0.098754
282,0.890892,0.098214
283,0.963359,0.097854
284,0.915068,0.098498
285,1.787702,0.098046
286,1.006769,0.098667
287,0.970109,0.098418
288,0.989184,0.098336
289,0.994460,0.098688
290,0.998667,0.097856
291,0.921905,0.098010
292,0.906486,0.098093
293,0.867071,0.098011
294,0.902295,0.098123
295,0.921298,0.098452
296,0.994772,0.098861
297,0.937519,0.098731
298,0.982433,0.098064
299,0.957603,0.098874
300,0.894385,0.098108
301,0.946067,0.098293
302,0.901796,0.098157
303,0.927942,0.097985
304,0.917935,0.098785
305,0.869982,0.098479
306,0.933582,0.098430
307,0.928315,0.098228
308,0.866775,0.098179
309,0.941175,0.098176
310,0.923764,0.097981
311,0.899063,0.097768
312,0.919008,0.098347
313,0.921254,0.098028
314,1.150575,0.098704
315,0.894050,0.097945
316,1.135365,0.098661
317,0.960567,0.097887
318,1.396577,0.098171
319,0.866935,0.098268
320,1.002774,0.098510
321,0.894185,0.097715
322,0.872068,0.098368
323,0.953672,0.098081
324,0.846357,0.098396
325,0.941429,0.098449
326,0.864311,0.098756
327,0.964039,0.098349
328,0.862293,0.099136
329,0.975590,0.097812
330,0.905203,0.097660
331,0.853741,0.098262
332,0.915533,0.097945
333,0.869530,0.098090
334,0.872998,0.098142
335,0.901060,0.098344
336,0.963846,0.099228
337,0.867904,0.098642
338,0.901291,0.098493
339,0.923114,0.098068
340,0.919782,0.098657
341,0.938491,0.098218
342,0.922721,0.097912
343,0.925822,0.097725
344,0.875700,0.099053
345,0.940878,0.098308
346,5.769995,0.098579
347,1.063857,0.098480
348,0.923341,0.099213
349,1.046138,0.097931
350,0.971154,0.099109
351,0.987064,0.098231
352,0.828185,0.098458
353,0.978585,0.098198
354,0.864494,0.098137
355,0.841535,0.098001
356,0.995878,0.098873
357,0.944171,0.097902
358,0.964855,0.098716
359,0.966963,0.098141
360,0.944073,0.097887
361,0.885107,0.098275
362,0.830716,0.098700
363,0.850779,0.098032
364,0.940095,0.098151
365,0.836808,0.098295
366,0.850720,0.098288
367,0.857048,0.098276
368,0.893296,0.098404
369,0.857437,0.097820
370,0.850423,0.097825
371,0.814225,0.097560
372,0.831069,0.098955
373,0.836485,0.098052
374,0.862085,0.097965
375,0.889784,0.097632
376,0.931543,0.098297
377,0.804212,0.097849
378,0.910592,0.098591
379,0.926941,0.097652
380,0.905889,0.097893
381,1.611646,0.098194
382,0.901173,0.098740
383,0.801840,0.098765
384,0.802945,0.098804
385,332.045471,0.098172
386,1.233612,0.098602
387,0.917819,0.098885
388,0.869510,0.098514
389,0.949490,0.098276
390,8.386305,0.098407
391,0.961203,0.098569
392,1.061373,0.098675
393,1.256003,0.098773
394,0.949253,0.098053
395,0.882861,0.098730
396,0.867500,0.098654
397,0.845035,0.098783
398,0.901948,0.098361
399,0.882889,0.098845
400,0.851560,0.098318
401,0.845620,0.098657
402,0.833659,0.098240
403,0.817089,0.098082
404,0.831105,0.098140
405,0.804420,0.098672
406,0.820277,0.097852
407,0.858716,0.097901
408,0.864934,0.098576
409,0.811765,0.097936
410,0.949296,0.098121
411,0.861896,0.097756
412,0.852644,0.098259
413,0.803166,0.098455
414,0.841428,0.098506
415,0.804449,0.098422
416,0.820565,0.098351
417,0.772887,0.098135
418,0.830305,0.098077
419,0.792421,0.098102
420,1.006899,0.098221
421,0.802072,0.098022
422,0.808588,0.097597
423,0.874811,0.098339
424,0.843718,0.098209
425,0.837137,0.098514
426,0.784589,0.097975
427,6.499807,0.097702
428,1.048190,0.097998
429,0.824118,0.098244
430,0.795657,0.099185
431,0.853179,0.098329
432,0.787611,0.098352
433,0.812889,0.098222
434,0.848696,0.098824
435,0.801927,0.098388
436,0.856455,0.099158
437,0.829128,0.097701
438,0.850872,0.098699
439,0.839012,0.097889
440,1.004198,0.099095
441,0.824101,0.098229
442,0.909974,0.098414
443,0.815105,0.098260
444,0.904931,0.099246
445,0.882673,0.098026
446,1.014738,0.098942
447,0.847247,0.097735
448,0.905881,0.098318
449,0.890526,0.097915
450,0.895839,0.098777
451,0.990299,0.098783
452,0.808596,0.098611
453,0.892440,0.097780
454,0.838332,0.098807
455,0.855002,0.097525
456,0.863496,0.098519
457,0.864200,0.098114
458,0.906947,0.098281
459,0.772639,0.098130
460,0.834408,0.098033
461,0.843619,0.098055
462,0.822234,0.098281
463,0.801690,0.098354
464,0.813497,0.098390
465,0.807110,0.097820
466,0.814233,0.098487
467,0.845256,0.097639
468,0.831903,0.098582
469,0.846809,0.097601
470,0.795043,0.098060
471,410.855438,0.097675
472,0.884057,0.099444
473,0.805548,0.097828
474,0.834759,0.098072
475,0.813927,0.097838
476,0.849936,0.098695
477,0.841844,0.098577
478,0.790877,0.098785
479,0.784117,0.098577
480,0.832439,0.098656
481,0.815224,0.098334
482,0.797586,0.098352
483,0.779451,0.098509
484,0.833538,0.098120
485,0.803991,0.098654
486,0.787865,0.097957
487,0.824386,0.098414
488,0.803975,0.098621
489,0.798692,0.099062
490,0.883553,0.098176
491,0.838945,0.098921
492,0.904969,0.098240
493,0.840327,0.098897
494,0.870329,0.098017
495,0.838484,0.098795
496,0.870865,0.097964
497,0.831882,0.098356
498,0.859791,0.099248
499,0.838821,0.098369
500,0.843490,0.098129
501,0.804463,0.097079
502,0.832033,0.097929
503,0.879572,0.098318
504,0.764352,0.098035
505,0.961216,0.097968
506,0.853745,0.098424
507,0.867001,0.098206
508,0.837401,0.098332
509,0.916215,0.097760
510,0.808724,0.098673
511,0.827127,0.098117
512,0.803643,0.098341
513,0.831159,0.098463
514,0.826087,0.098234
515,0.756731,0.098386
516,0.856547,0.098523
517,0.780422,0.098468
518,0.799761,0.097973
519,0.949041,0.097888
520,0.802791,0.097789
521,0.778278,0.097912
522,1.396539,0.097510
523,0.819670,0.098310
524,0.776825,0.098272
525,0.797706,0.097869
526,0.788258,0.098212
527,0.778054,0.098596
528,0.753036,0.098608
529,0.829212,0.098467
530,0.818870,0.098415
531,0.792975,0.098103
532,0.776489,0.098352
533,0.826759,0.098344
534,0.780768,0.097998
535,0.841328,0.097614
536,1.926668,0.098351
537,0.798547,0.098038
538,0.783071,0.099190
539,0.768577,0.098222
540,0.794021,0.099169
541,0.804726,0.097827
542,0.764738,0.098808
543,0.789216,0.098006
544,0.828878,0.098526
545,0.768615,0.097866
546,0.760127,0.098798
547,0.867085,0.098039
548,0.758970,0.098976
549,0.804921,0.098373
550,0.794702,0.098383
551,0.789814,0.098332
552,0.833487,0.098357
553,0.774680,0.098197
554,0.804967,0.097820
555,0.765647,0.097744
556,0.836206,0.098319
557,0.819377,0.098338
558,0.803332,0.098154
559,0.841237,0.097813
560,0.766903,0.098946
561,0.802389,0.097980
562,0.759150,0.098367
563,0.799935,0.098199
564,0.796242,0.098393
565,0.769129,0.097648
566,0.801892,0.098361
567,0.823403,0.097886
568,7.152730,0.098385
569,0.894284,0.098051
570,0.781750,0.098621
571,0.944877,0.097944
572,0.881535,0.098610
573,0.964376,0.098066
574,0.815914,0.098299
575,0.772244,0.098177
576,0.904174,0.098276
577,0.804272,0.098375
578,0.824230,0.098578
579,0.885337,0.098836
580,0.751580,0.098270
581,0.820963,0.098234
582,0.817268,0.098393
583,0.749222,0.099126
584,0.866463,0.098295
585,0.744943,0.098138
586,0.785643,0.098082
587,0.778295,0.098802
588,0.741133,0.098133
589,0.788888,0.098862
590,0.776536,0.098324
591,0.818935,0.098871
592,0.801898,0.098604
593,0.786825,0.098906
594,0.721243,0.097747
595,0.751493,0.098055
596,0.766352,0.099009
597,0.770594,0.098323
598,0.759398,0.098083
599,0.748341,0.098320
600,0.746553,0.098693
601,0.845944,0.098398
602,0.785182,0.097773
603,0.734886,0.097850
604,0.779565,0.098424
605,0.763254,0.098189
606,0.764883,0.098105
607,0.785395,0.098098
608,0.768013,0.098530
609,0.772651,0.098665
610,0.807320,0.098218
611,0.772910,0.098183
612,0.801620,0.097725
613,0.802833,0.098217
614,0.740726,0.097747
615,0.783903,0.098245
616,0.788905,0.098037
617,0.766476,0.097908
618,0.777262,0.098583
619,0.775689,0.098563
620,0.780122,0.098051
621,0.810289,0.098250
622,0.752243,0.098191
623,0.789154,0.098115
624,0.767490,0.098959
625,0.759763,0.098086
626,0.814137,0.098558
627,0.853161,0.098382
628,0.761034,0.098947
629,0.761959,0.098331
630,0.817238,0.098828
631,0.800564,0.098147
632,0.942510,0.098973
633,0.775360,0.097938
634,0.880992,0.098462
635,0.929123,0.098075
636,0.753442,0.098451
637,0.876522,0.097755
638,0.746753,0.099022
639,0.814944,0.097967
640,0.765627,0.099154
641,0.795931,0.098013
642,0.783239,0.098452
643,0.739195,0.097894
644,0.795154,0.098423
645,0.769073,0.098023
646,0.740655,0.098480
647,0.802113,0.098098
648,0.755122,0.098673
649,0.766144,0.098301
650,0.743613,0.098432
651,0.772839,0.098086
652,0.774921,0.098419
653,0.758628,0.098205
654,0.771622,0.098205
655,0.776495,0.097880
656,0.811256,0.098185
657,0.758934,0.098184
658,0.795901,0.098715
659,0.771538,0.097682
660,0.740486,0.098233
661,0.741849,0.097664
662,0.776861,0.098325
663,0.776389,0.098393
664,0.785331,0.098194
665,0.791322,0.097521
666,0.760639,0.098266
667,0.775644,0.098493
668,0.894448,0.098343
669,0.831024,0.098041
670,0.809897,0.098666
671,0.756368,0.098507
672,0.774937,0.098468
673,0.753025,0.098304
674,0.738504,0.098105
675,0.743298,0.098273
676,0.805903,0.098181
677,0.782314,0.098412
678,0.782847,0.098099
679,0.758205,0.098693
680,0.764612,0.097920
681,0.769139,0.098497
682,0.760446,0.098291
683,0.740589,0.098950
684,0.775220,0.098130
685,0.764407,0.098143
686,0.781753,0.098062
687,0.812106,0.098225
688,0.844319,0.098214
689,0.771966,0.098599
690,0.765961,0.098041
691,0.753598,0.098257
692,0.758253,0.098878
693,0.752793,0.097980
694,0.787945,0.098282
695,0.756510,0.098395
696,0.749153,0.098455
697,0.707701,0.097824
698,0.739066,0.098611
699,0.794981,0.098034
700,0.739717,0.098925
701,0.770320,0.098277
702,0.743702,0.098003
703,0.753669,0.098190
704,0.743768,0.098340
705,0.754127,0.098308
706,0.746760,0.097840
707,0.741934,0.098000
708,0.732872,0.098132
709,0.742202,0.097785
710,0.757643,0.097568
711,0.778358,0.097846
712,0.748221,0.097799
713,0.742213,0.097946
714,0.781024,0.098670
715,0.739232,0.098109
716,0.772115,0.098901
717,0.805119,0.098577
718,0.703118,0.098848
719,0.717897,0.097919
720,0.732916,0.099111
721,0.768551,0.097848
722,0.824695,0.098703
723,0.729176,0.098164
724,0.831419,0.099463
725,0.755938,0.098377
726,0.774213,0.099438
727,0.741956,0.098411
728,0.739548,0.099189
729,0.745990,0.097704
730,0.739956,0.098183
731,0.773828,0.097813
732,0.765532,0.098587
733,0.756202,0.097947
734,0.754061,0.098700
735,0.777861,0.098262
736,0.766719,0.099069
737,0.768395,0.098101
738,0.773412,0.098819
739,0.735502,0.097597
740,0.786289,0.098083
741,0.759366,0.098144
742,0.741271,0.098738
743,0.790876,0.098178
744,0.732397,0.098779
745,0.736597,0.098565
746,0.737717,0.098446
747,0.727949,0.098414
748,0.747122,0.098577
749,0.707439,0.097587
750,0.752029,0.097517
751,0.737451,0.098357
752,0.761221,0.098755
753,0.728816,0.098218
754,0.760528,0.098582
755,0.750901,0.097994
756,0.741717,0.098557
757,0.727446,0.097887
758,0.772038,0.097724
759,0.740189,0.097502
760,0.730323,0.098320
761,0.769474,0.097933
762,0.732716,0.098568
763,0.771701,0.098193
764,0.754562,0.098936
765,0.748428,0.099207
766,0.698497,0.098745
767,0.725904,0.098488
768,0.745975,0.098338
769,0.748473,0.097521
770,0.743793,0.097729
771,0.725494,0.099091
772,0.718694,0.098285
773,0.767114,0.098608
774,0.739996,0.098568
775,0.738077,0.099346
776,0.717141,0.098523
777,0.741716,0.098800
778,0.767218,0.098203
779,0.741785,0.098251
780,0.748561,0.098255
781,0.700295,0.098620
782,0.697178,0.098224
783,0.737627,0.098747
784,0.797234,0.098530
785,0.774058,0.098735
786,0.771622,0.098137
787,0.756663,0.098527
788,0.751301,0.098270
789,0.746465,0.097882
790,0.706189,0.098287
791,0.750522,0.098460
792,0.734761,0.098431
793,0.739284,0.097959
794,0.736571,0.098566
795,0.700183,0.098813
796,0.814437,0.098573
797,0.692954,0.098248
798,0.775187,0.098215
799,0.706428,0.097777
800,0.738160,0.098514
801,0.722852,0.098444
802,0.857816,0.098093
803,0.740452,0.098248
804,0.733326,0.097971
805,0.733965,0.098312
806,0.735578,0.097657
807,0.775012,0.097769
808,0.764169,0.097871
809,0.724004,0.097600
810,0.776827,0.098004
811,0.780344,0.098437
812,0.753340,0.098513
813,0.779847,0.098111
814,0.710095,0.098920
815,0.735975,0.098379
816,0.749797,0.098576
817,0.722744,0.098139
818,0.761353,0.098294
819,0.832799,0.097434
820,0.765311,0.098617
821,0.765133,0.098038
822,0.733866,0.098692
823,0.732834,0.098253
824,0.713943,0.099471
825,0.752570,0.098429
826,0.741352,0.099077
827,0.736072,0.098401
828,0.727593,0.098835
829,0.728209,0.097665
830,0.713004,0.098580
831,0.731690,0.097660
832,0.732353,0.098514
833,0.724372,0.097932
834,0.752491,0.098720
835,0.726152,0.098406
836,0.738419,0.098612
837,0.700163,0.098324
838,0.733785,0.098795
839,0.707895,0.097977
840,0.765373,0.098287
841,0.705584,0.097894
842,0.736731,0.098368
843,0.768992,0.098177
844,0.729309,0.098600
845,0.782067,0.098108
846,0.781281,0.098146
847,0.757724,0.098125
848,0.823120,0.098493
849,0.674891,0.098132
850,0.707446,0.097784
851,0.723467,0.098055
852,0.731676,0.098753
853,0.723188,0.097606
854,0.762402,0.098363
855,0.711093,0.098154
856,0.756544,0.098631
857,0.737995,0.098426
858,0.745406,0.098079
859,0.749377,0.098005
860,0.704868,0.098396
861,0.716192,0.098152
862,0.703049,0.098481
863,0.732937,0.098566
864,0.728092,0.098320
865,0.752146,0.098536
866,0.721088,0.098274
867,0.713721,0.098396
868,0.761037,0.098035
869,0.753356,0.098739
870,0.721091,0.098357
871,0.675872,0.099146
872,0.727257,0.098410
873,0.757297,0.098243
874,0.728113,0.098072
875,0.753104,0.098960
876,0.777909,0.098562
877,0.736109,0.098858
878,0.824238,0.098142
879,0.783969,0.098235
880,0.747798,0.098213
881,0.720066,0.098187
882,0.723696,0.098365
883,0.704931,0.098158
884,0.728036,0.098212
885,0.695955,0.098262
886,0.719241,0.098233
887,0.729088,0.098460
888,0.731249,0.098335
889,0.715028,0.098639
890,0.716638,0.098422
891,0.692219,0.098159
892,0.688942,0.098745
893,0.695090,0.097674
894,0.718853,0.098248
895,0.716328,0.098314
896,0.713481,0.098658
897,0.727917,0.097707
898,0.736924,0.098113
899,0.724546,0.098183
900,0.762669,0.098734
901,0.717709,0.098161
902,0.753266,0.098186
903,0.732010,0.097966
904,0.705623,0.098127
905,0.695085,0.097945
906,0.728038,0.097904
907,0.711690,0.097873
908,0.717824,0.098107
909,0.758856,0.097878
910,0.699281,0.098973
911,0.774057,0.098128
912,0.723406,0.098895
913,0.697772,0.098292
914,0.733947,0.098664
915,0.769549,0.098107
916,0.724467,0.098148
917,0.770021,0.098032
918,0.794325,0.099010
919,0.723010,0.097952
920,0.784997,0.098850
921,0.695518,0.097875
922,0.715259,0.099357
923,0.707073,0.098058
924,0.675241,0.099210
925,0.706339,0.097979
926,0.732236,0.098722
927,0.688156,0.098130
928,0.702413,0.098502
929,0.728242,0.097838
930,0.742560,0.098375
931,0.688847,0.097982
932,0.739254,0.098517
933,0.704884,0.098184
934,0.780172,0.098061
935,0.719505,0.097846
936,0.699608,0.098393
937,0.701722,0.098077
938,0.710163,0.098581
939,0.741314,0.098334
940,0.705799,0.098844
941,0.741237,0.098295
942,0.708492,0.098375
943,0.710177,0.097902
944,0.729016,0.098258
945,0.673876,0.099035
946,0.700378,0.097645
947,0.679994,0.098410
948,0.741715,0.098744
949,0.727065,0.098341
950,0.717001,0.098768
951,0.693719,0.098079
952,0.711531,0.098310
953,0.687856,0.097836
954,0.693169,0.097956
955,0.704621,0.097585
956,0.786258,0.098308
957,0.670555,0.098081
958,0.734580,0.098178
959,1.445319,0.097851
960,0.758661,0.098407
961,0.706757,0.098276
962,0.711974,0.098417
963,0.759528,0.098650
964,0.769684,0.098496
965,0.741212,0.098446
966,0.691046,0.098316
967,0.726767,0.098806
968,0.705286,0.098522
969,0.725030,0.098262
970,0.724586,0.098704
971,0.696997,0.098283
972,0.702490,0.098217
973,0.725744,0.098794
974,0.729114,0.097891
975,0.695708,0.098169
976,0.730573,0.098259
977,0.748066,0.098620
978,0.704738,0.098472
979,0.726931,0.098695
980,0.699588,0.098379
981,0.692056,0.098292
982,0.731717,0.098114
983,0.692529,0.098456
984,0.761390,0.098149
985,0.726007,0.097823
986,0.708950,0.098464
987,0.741199,0.098168
988,0.741109,0.098828
989,0.709213,0.098374
990,0.725017,0.098674
991,0.714868,0.097967
992,0.740821,0.098565
993,0.715308,0.098428
994,0.737664,0.098261
995,0.695205,0.097833
996,0.685081,0.098501
997,0.715667,0.098330
998,0.691757,0.098250
999,0.709595,0.098282
1000,0.694709,0.098516
1001,0.709164,0.098432
1002,0.698451,0.097986
1003,0.682134,0.098411
1004,0.655686,0.097956
1005,0.711811,0.097895
1006,0.692343,0.098571
1007,0.677520,0.098330
1008,0.719812,0.098801
1009,0.699113,0.097693
1010,0.728416,0.098486
1011,0.734018,0.098008
1012,0.727332,0.098891
1013,0.718346,0.098431
1014,0.682822,0.098780
1015,0.691369,0.097990
1016,0.708530,0.099249
1017,0.721305,0.098204
1018,0.721613,0.098799
1019,0.772099,0.097753
1020,0.727479,0.098892
1021,0.828241,0.097701
1022,0.713274,0.098993
1023,0.777897,0.097991
1024,0.697670,0.098668
1025,0.682705,0.097709
1026,0.715545,0.098648
1027,0.680186,0.098490
1028,0.695382,0.098837
1029,0.693592,0.097648
1030,0.699747,0.098277
1031,0.729612,0.098034
1032,0.745217,0.098593
1033,0.685641,0.098069
1034,0.720003,0.098551
1035,0.771428,0.097988
1036,0.720631,0.098690
1037,0.747032,0.098434
1038,0.825806,0.098113
1039,0.703870,0.098038
1040,0.733267,0.098753
1041,0.702696,0.098016
1042,0.693698,0.098200
1043,0.706575,0.098116
1044,0.696476,0.098165
1045,0.681136,0.098160
1046,0.689527,0.098477
1047,0.712435,0.098122
1048,0.687753,0.098316
1049,0.672128,0.098132
1050,0.719212,0.097870
1051,0.689853,0.098393
1052,0.663158,0.098248
1053,0.678287,0.098185
1054,0.688190,0.098123
1055,0.706749,0.098021
1056,0.709436,0.098607
1057,0.715112,0.098845
1058,0.712480,0.098090
1059,0.696150,0.098286
1060,0.698677,0.098242
1061,0.678743,0.098648
1062,0.694370,0.098663
1063,0.695296,0.098229
1064,0.715866,0.098299
1065,0.725461,0.098321
1066,0.682300,0.098625
1067,0.692337,0.098644
1068,0.675806,0.097925
1069,0.717694,0.097922
1070,0.708150,0.097838
1071,0.735661,0.098461
1072,0.709298,0.098506
1073,0.750586,0.098317
1074,0.680371,0.098055
1075,0.696182,0.098439
1076,0.731617,0.098109
1077,0.685841,0.098516
1078,0.747240,0.098150
1079,0.741280,0.098139
1080,0.694503,0.098292
1081,0.732339,0.098487
1082,0.725856,0.098341
1083,0.691999,0.098174
1084,0.691717,0.098808
1085,0.709859,0.097709
1086,0.684669,0.098116
1087,0.711663,0.098118
1088,0.700524,0.098613
1089,0.730748,0.097493
1090,0.694946,0.098409
1091,0.698077,0.098223
1092,0.700648,0.098522
1093,0.692768,0.097984
1094,0.736345,0.098115
1095,0.737603,0.098027
1096,0.666646,0.098681
1097,0.698952,0.097802
1098,0.700364,0.098369
1099,0.685150,0.097826
1100,0.672934,0.098308
1101,0.698554,0.098441
1102,0.693531,0.097821
1103,0.681531,0.097844
1104,0.690596,0.098992
1105,0.686521,0.097885
1106,0.696236,0.098435
1107,0.665619,0.097699
1108,0.686950,0.098389
1109,0.705560,0.097878
1110,0.682662,0.099095
1111,0.731903,0.098213
1112,0.708375,0.099136
1113,0.696416,0.098041
1114,0.757209,0.098854
1115,0.682399,0.098247
1116,0.667962,0.098920
1117,0.697177,0.097827
1118,0.694861,0.098424
1119,0.720295,0.098014
1120,0.670742,0.098627
1121,0.712713,0.097980
1122,0.679668,0.098248
1123,0.699084,0.098461
1124,0.707431,0.098741
1125,0.653684,0.097909
1126,0.699327,0.098403
1127,0.688696,0.098067
1128,0.674495,0.098230
1129,0.776658,0.098488
1130,0.673922,0.098202
1131,0.713569,0.098166
1132,0.724273,0.098266
1133,0.680935,0.098451
1134,0.714207,0.098239
1135,0.723373,0.097999
1136,0.684230,0.098483
1137,0.778233,0.098057
1138,0.716008,0.098182
1139,0.718732,0.098331
1140,0.737937,0.098493
1141,0.655321,0.098308
1142,0.696445,0.098315
1143,0.689979,0.098339
1144,0.676997,0.098605
1145,0.682098,0.098315
1146,0.697224,0.098508
1147,0.687880,0.098352
1148,0.665675,0.098614
1149,0.685105,0.098200
1150,0.672795,0.098455
1151,0.679935,0.098400
1152,0.711408,0.098305
1153,0.661947,0.098596
1154,0.687479,0.098254
1155,0.693251,0.098903
1156,0.723409,0.098472
1157,0.686617,0.098534
1158,0.686357,0.098337
1159,0.698931,0.098235
1160,0.705479,0.097989
1161,0.671459,0.098168
1162,0.662703,0.098219
1163,0.662187,0.098733
1164,0.676763,0.098268
1165,0.675789,0.098735
1166,0.660104,0.098267
1167,0.665991,0.098587
1168,0.708474,0.098299
1169,0.698237,0.098523
1170,0.711214,0.097966
1171,0.672925,0.098080
1172,0.739415,0.098242
1173,0.704515,0.098271
1174,0.667896,0.098856
1175,0.703773,0.098843
1176,0.690333,0.098320
1177,0.725497,0.098008
1178,0.677876,0.098575
1179,0.709182,0.098430
1180,0.696947,0.099142
1181,0.687633,0.098334
1182,0.715649,0.098223
1183,0.682816,0.098849
1184,0.728811,0.099400
1185,0.719253,0.099133
1186,0.706862,0.097595
1187,0.735694,0.098610
1188,0.705656,0.098627
1189,0.714065,0.098864
1190,0.712145,0.098522
1191,0.686122,0.098113
1192,0.715383,0.098218
1193,0.712159,0.097965
1194,0.704356,0.098459
1195,0.670676,0.098611
1196,0.685278,0.098073
1197,0.711316,0.098035
1198,0.671761,0.098307
1199,0.709364,0.097955
1200,0.686205,0.098363
1201,0.710991,0.098455
1202,0.683248,0.098297
1203,0.642161,0.098459
1204,0.668106,0.099256
1205,0.702881,0.097687
1206,0.713548,0.099215
1207,0.734318,0.097956
1208,0.751196,0.098770
1209,0.667436,0.097946
1210,0.712151,0.098715
1211,0.680527,0.098024
1212,0.673278,0.098980
1213,0.681565,0.098274
1214,0.656922,0.098873
1215,0.699108,0.098157
1216,0.669629,0.098920
1217,0.682448,0.098156
1218,0.720747,0.098505
1219,0.665249,0.098125
1220,0.664577,0.098971
1221,0.721481,0.098174
1222,0.676777,0.099017
1223,0.665315,0.098081
1224,0.696884,0.099021
1225,0.675988,0.098091
1226,0.683508,0.098746
1227,0.723660,0.098234
1228,0.690351,0.098469
1229,0.711554,0.098668
1230,0.719403,0.098445
1231,0.723064,0.098066
1232,0.674231,0.098563
1233,0.670594,0.098392
1234,0.661349,0.099087
1235,0.678083,0.098045
1236,0.709857,0.099202
1237,0.701439,0.097923
1238,0.714566,0.098503
1239,0.693663,0.097861
1240,0.659422,0.099360
1241,0.674324,0.097939
1242,0.708242,0.098474
1243,0.694173,0.098422
1244,0.666843,0.098762
1245,0.691320,0.098367
1246,0.696882,0.098769
1247,0.693156,0.097625
1248,0.681840,0.098376
1249,0.680309,0.098276
1250,0.673272,0.098712
1251,0.681246,0.098600
1252,0.683700,0.098769
1253,0.751032,0.098074
1254,0.712421,0.098932
1255,0.668854,0.097767
1256,0.751306,0.097927
1257,0.678516,0.097777
1258,0.694513,0.098108
1259,0.706985,0.098152
1260,0.747661,0.098144
1261,0.697273,0.098830
1262,0.700144,0.098455
1263,0.707311,0.098729
1264,0.703034,0.098748
1265,0.701757,0.098002
1266,0.681425,0.098172
1267,0.685679,0.098392
1268,0.773447,0.098632
1269,0.696794,0.098525
1270,0.712848,0.098241
1271,0.775504,0.098845
1272,0.665861,0.098619
1273,0.691919,0.099257
1274,0.679346,0.098377
1275,0.712482,0.098656
1276,0.644391,0.098521
1277,0.702391,0.098355
1278,0.684344,0.098016
1279,0.673657,0.098537
1280,0.686275,0.098516
1281,0.705330,0.098461
1282,0.701203,0.098330
1283,0.683793,0.098747
1284,0.688295,0.098355
1285,0.691631,0.098464
1286,0.670146,0.098549
1287,0.702245,0.098322
1288,0.672030,0.098167
1289,0.678317,0.098426
1290,0.657811,0.098622
1291,0.639665,0.098353
1292,0.651556,0.098544
1293,0.666534,0.098516
1294,0.686534,0.097930
1295,0.666493,0.098524
1296,0.634333,0.097883
1297,0.684234,0.098111
1298,0.689913,0.098053
1299,0.740420,0.098757
1300,0.684669,0.098613
1301,0.698030,0.098641
1302,0.682174,0.099232
1303,0.693072,0.098205
1304,0.685288,0.097992
1305,0.646084,0.097987
1306,0.685112,0.098084
1307,0.655997,0.097881
1308,0.651195,0.098402
1309,0.662883,0.097703
1310,0.668034,0.098873
1311,0.654207,0.098694
1312,0.699429,0.099160
1313,0.683327,0.098019
1314,0.658830,0.098896
1315,0.714253,0.097700
1316,0.680563,0.099095
1317,0.678168,0.098255
1318,0.665201,0.098765
1319,0.678392,0.098582
1320,0.641961,0.099430
1321,0.669329,0.098374
1322,0.691133,0.098486
1323,0.679219,0.098318
1324,0.666877,0.099706
1325,0.684397,0.097834
1326,0.685402,0.098343
1327,0.688672,0.098411
1328,0.683167,0.098660
1329,0.671200,0.098061
1330,0.688271,0.098963
1331,0.675072,0.097810
1332,0.704669,0.098714
1333,0.687101,0.097751
1334,0.649438,0.098850
1335,0.676008,0.097702
1336,0.688591,0.098791
1337,0.681827,0.098159
1338,0.661180,0.098594
1339,0.655455,0.098165
1340,0.696478,0.098920
1341,0.689233,0.098398
1342,0.667029,0.098402
1343,0.646367,0.098089
1344,0.658113,0.098108
1345,0.660006,0.098090
1346,0.663009,0.098838
1347,0.675400,0.098710
1348,0.698398,0.098664
1349,0.682380,0.098084
1350,0.674649,0.098786
1351,0.702464,0.098850
1352,0.679408,0.098008
1353,0.657720,0.098246
1354,0.656000,0.099108
1355,0.681773,0.099902
1356,0.690279,0.105269
1357,0.647824,0.098716
1358,0.687320,0.099622
1359,0.682620,0.099720
1360,0.688985,0.099795
1361,0.687844,0.101358
1362,0.705885,0.097931
1363,0.675390,0.097814
1364,0.674640,0.099787
1365,0.692987,0.098842
1366,0.656417,0.098518
1367,0.661738,0.097647
1368,0.657112,0.098019
1369,0.678014,0.098971
1370,0.655197,0.099373
1371,0.668212,0.098701
1372,0.657643,0.098535
1373,0.631064,0.098398
1374,0.654312,0.098381
1375,0.658834,0.097210
1376,0.661148,0.097981
1377,0.672887,0.097953
1378,0.683361,0.097299
1379,0.676818,0.098577
1380,0.657831,0.098494
1381,0.662674,0.098532
1382,0.661294,0.098432
1383,0.658170,0.099064
1384,0.677271,0.098375
1385,0.691623,0.098148
1386,0.673330,0.098339
1387,0.686253,0.098055
1388,0.684341,0.099693
1389,0.687186,0.098592
1390,0.717504,0.098624
1391,0.677261,0.098280
1392,0.695302,0.099926
1393,0.670708,0.098557
1394,0.702983,0.098315
1395,0.683394,0.098574
1396,0.730980,0.098247
1397,0.657474,0.098001
1398,0.689623,0.098289
1399,0.696465,0.098479
1400,0.703064,0.099716
1401,0.693125,0.097646
1402,0.661966,0.097876
1403,0.793936,0.098316
1404,0.678442,0.097983
1405,0.675559,0.100517
1406,0.772727,0.097528
1407,0.666176,0.097816
1408,0.652559,0.098362
1409,0.738886,0.098981
1410,0.696588,0.100676
1411,0.674613,0.099024
1412,0.656188,0.098649
1413,0.672462,0.098676
1414,0.680184,0.098637
1415,0.689220,0.098126
1416,0.690196,0.097676
1417,0.681285,0.098495
1418,0.656322,0.098179
1419,0.713846,0.099342
1420,0.669280,0.098486
1421,0.669099,0.099466
1422,0.688985,0.097610
1423,0.652690,0.098497
1424,0.690023,0.098478
1425,0.666527,0.099209
1426,0.667446,0.097900
1427,0.682535,0.098885
1428,0.681484,0.097831
1429,0.661562,0.097930
1430,0.665607,0.098297
1431,0.661933,0.098678
1432,0.650831,0.098768
1433,0.679318,0.098452
1434,0.671134,0.098558
1435,0.651148,0.098019
1436,0.682470,0.100029
1437,0.645337,0.099794
1438,0.660194,0.097779
1439,0.663214,0.098144
1440,0.635837,0.097882
1441,0.669149,0.098407
1442,0.661470,0.097400
1443,0.659762,0.097695
1444,0.641529,0.102682
1445,0.641476,0.097786
1446,0.664908,0.103519
1447,0.667808,0.098074
1448,0.675055,0.097956
1449,0.696424,0.098639
1450,0.698560,0.097920
1451,0.666348,0.097404
1452,0.710494,0.098547
1453,0.726095,0.099154
1454,0.666695,0.098456
1455,0.660504,0.098661
1456,0.744475,0.098388
1457,0.688170,0.097919
1458,0.675484,0.098323
1459,0.727013,0.097895
1460,0.707169,0.098569
1461,0.665590,0.097960
1462,0.681535,0.098271
1463,0.670334,0.099140
1464,0.682538,0.098372
1465,0.666597,0.097630
1466,0.653310,0.098276
1467,0.655057,0.098686
1468,0.669821,0.097943
1469,0.624553,0.097970
1470,0.633036,0.097841
1471,0.682550,0.097527
1472,0.716632,0.098487
1473,0.662180,0.098520
1474,0.698172,0.098272
1475,0.643504,0.097827
1476,0.711838,0.099035
1477,0.680030,0.098535
1478,0.684671,0.098330
1479,0.668616,0.097761
1480,0.731248,0.098083
1481,0.674032,0.098283
1482,0.702405,0.098467
1483,0.714132,0.098205
1484,0.687540,0.098529
1485,0.720160,0.097836
1486,0.649959,0.098857
1487,0.660372,0.098178
1488,0.636101,0.098516
1489,0.679804,0.097785
1490,0.678747,0.098315
1491,0.673928,0.098849
1492,0.667121,0.098036
1493,0.682333,0.097854
1494,0.699869,0.098230
1495,0.656332,0.097769
1496,0.656488,0.098372
1497,0.641095,0.098604
1498,0.624590,0.098029
1499,0.638993,0.098018
1500,0.648585,0.098377
1501,0.638407,0.096720
1502,0.659308,0.097046
1503,0.655055,0.098079
1504,0.689016,0.097913
1505,0.655285,0.098918
1506,0.633913,0.097629
1507,0.677352,0.098734
1508,0.648542,0.097195
1509,0.654831,0.103135
1510,0.619512,0.097746
1511,0.689466,0.097515
1512,0.652704,0.097209
1513,0.636855,0.097820
1514,0.675356,0.097837
1515,0.665445,0.098466
1516,0.638376,0.099922
1517,0.674676,0.099298
1518,0.715637,0.098770
1519,0.663442,0.099428
1520,0.670253,0.098277
1521,0.662277,0.098684
1522,0.668751,0.097514
1523,0.649826,0.098090
1524,0.637458,0.097495
1525,0.676262,0.098403
1526,0.672320,0.098112
1527,0.627164,0.098765
1528,0.673327,0.098541
1529,0.677517,0.099053
1530,0.655439,0.097928
1531,0.662006,0.098080
1532,0.674856,0.097350
1533,0.673688,0.098343
1534,0.712757,0.098491
1535,0.641609,0.098468
1536,0.653471,0.098491
1537,0.697373,0.098552
1538,0.649922,0.098013
1539,0.699254,0.098626
1540,0.661469,0.098367
1541,0.650476,0.099319
1542,0.663228,0.097434
1543,0.657888,0.098092
1544,0.637725,0.096676
1545,0.647701,0.098957
1546,0.651159,0.099222
1547,0.655567,0.098551
1548,0.627992,0.098926
1549,0.697237,0.098115
1550,0.647805,0.098107
1551,0.650400,0.098563
1552,0.654397,0.098275
1553,0.648120,0.098198
1554,0.625066,0.099083
1555,0.633615,0.098875
1556,0.626237,0.098335
1557,0.670450,0.098029
1558,0.677222,0.097897
1559,0.657510,0.098322
1560,0.645551,0.097599
1561,0.637685,0.098355
1562,0.639061,0.097734
1563,0.670148,0.098489
1564,0.666627,0.098729
1565,0.643338,0.098620
1566,0.676107,0.097783
1567,0.671489,0.098448
1568,0.647379,0.097336
1569,0.677995,0.098006
1570,0.692204,0.097763
1571,0.670320,0.098397
1572,0.672866,0.097955
1573,0.709472,0.098771
1574,0.657013,0.098343
1575,0.683177,0.098855
1576,0.657075,0.098111
1577,0.677615,0.098677
1578,0.668706,0.097953
1579,0.633352,0.098377
1580,0.648738,0.097828
1581,0.710434,0.098038
1582,0.655324,0.097517
1583,0.663262,0.098709
1584,0.679975,0.098469
1585,0.707483,0.098256
1586,0.617429,0.098097
1587,0.685838,0.097916
1588,0.678370,0.098082
1589,0.666610,0.097970
1590,0.673350,0.097851
1591,0.678233,0.097866
1592,0.680959,0.099125
1593,0.649403,0.098230
1594,0.665421,0.098677
1595,0.683058,0.097949
1596,0.644293,0.100216
1597,0.669443,0.098009
1598,0.661261,0.098882
1599,0.675236,0.097731
1600,0.699063,0.098412
1601,0.700444,0.099042
1602,0.637657,0.100202
1603,0.703521,0.098465
1604,0.763663,0.098383
1605,0.643209,0.098715
1606,0.649620,0.100311
1607,0.708341,0.097604
1608,0.639842,0.098360
1609,0.655037,0.097302
1610,0.696720,0.097814
1611,0.657378,0.098304
1612,0.655746,0.098981
1613,0.647084,0.098266
1614,0.690491,0.098138
1615,0.682252,0.103034
1616,0.628892,0.097800
1617,0.695518,0.097691
1618,0.661011,0.097850
1619,0.664940,0.097971
1620,0.674596,0.098399
1621,0.678458,0.099342
1622,0.653274,0.098626
1623,0.666387,0.098669
1624,0.669737,0.099235
1625,0.653731,0.098662
1626,0.657933,0.098250
1627,0.624974,0.097656
1628,0.680322,0.098527
1629,0.649168,0.099290
1630,0.658555,0.098715
1631,0.650286,0.101627
1632,0.665014,0.097763
1633,0.646307,0.097982
1634,0.648534,0.097971
1635,0.638706,0.097924
1636,0.663815,0.097928
1637,0.655153,0.097785
1638,0.659940,0.098023
1639,0.658654,0.098415
1640,0.671904,0.098887
1641,0.656862,0.098400
1642,0.649027,0.098354
1643,0.657823,0.097903
1644,0.674436,0.099213
1645,0.645990,0.097989
1646,0.645699,0.098578
1647,0.669854,0.097670
1648,0.661903,0.098106
1649,0.638686,0.097900
1650,0.678708,0.098644
1651,0.642820,0.096972
1652,0.626567,0.098450
1653,0.649191,0.097843
1654,0.703421,0.097097
1655,0.653988,0.097974
1656,0.644319,0.097456
1657,0.671717,0.098166
1658,0.654798,0.096290
1659,0.641171,0.100179
1660,0.657668,0.098913
1661,0.683826,0.098356
1662,0.679929,0.097339
1663,0.669931,0.098306
1664,0.630943,0.097311
1665,0.635442,0.098339
1666,0.640535,0.096795
1667,0.665262,0.098309
1668,0.657978,0.098242
1669,0.642019,0.099161
1670,0.662560,0.098282
1671,0.650520,0.098412
1672,0.632981,0.098076
1673,0.663110,0.098138
1674,0.671750,0.098798
1675,0.655211,0.097754
1676,0.652400,0.100392
1677,0.629863,0.097876
1678,0.658142,0.098122
1679,0.626581,0.098566
1680,0.656356,0.098488
1681,0.677399,0.098275
1682,9.104424,0.098097
1683,0.705364,0.098417
1684,0.651452,0.098181
1685,0.689701,0.098369
1686,0.637305,0.100718
1687,0.645567,0.097937
1688,0.700950,0.098112
1689,0.670287,0.098385
1690,0.683880,0.101876
1691,0.650283,0.098668
1692,0.689853,0.098239
1693,0.688954,0.099630
1694,0.657468,0.097877
1695,0.670252,0.098773
1696,0.677194,0.098316
1697,0.652396,0.098009
1698,0.654909,0.100182
1699,0.634766,0.098365
1700,0.682955,0.101776
1701,0.669862,0.098549
1702,0.658185,0.098170
1703,0.655019,0.098275
1704,0.638510,0.097645
1705,0.657569,0.112473
1706,0.639619,0.099202
1707,0.646250,0.097391
1708,0.624617,0.097882
1709,0.610888,0.097497
1710,0.653726,0.097708
1711,0.647653,0.098302
1712,0.657988,0.098530
1713,0.681335,0.099228
1714,0.678440,0.099511
1715,0.649084,0.098916
1716,0.709592,0.097857
1717,0.701218,0.097579
1718,0.636052,0.097343
1719,0.737405,0.097682
1720,0.654652,0.101575
1721,0.663739,0.097712
1722,0.685028,0.097699
1723,0.689146,0.098671
1724,0.660445,0.097637
1725,0.671038,0.098540
1726,0.647365,0.098004
1727,0.634236,0.098203
1728,0.750410,0.098057
1729,0.632590,0.098130
1730,0.638665,0.097763
1731,0.639885,0.097637
1732,0.638128,0.097967
1733,0.645386,0.100380
1734,0.631383,0.098156
1735,0.662419,0.098709
1736,0.661897,0.105988
1737,0.641873,0.097569
1738,0.632818,0.097649
1739,0.683674,0.097719
1740,0.661317,0.097641
1741,0.637073,0.097983
1742,0.673613,0.098267
1743,0.645000,0.098501
1744,0.663477,0.098672
1745,0.683796,0.099258
1746,0.673776,0.098807
1747,0.640916,0.101485
1748,0.652166,0.097651
1749,0.663017,0.098311
1750,0.667728,0.097689
1751,0.643203,0.098366
1752,1.134338,0.097566
1753,0.658646,0.098050
1754,0.652826,0.098383
1755,0.660978,0.098030
1756,0.699266,0.098243
1757,0.663931,0.097615
1758,0.642422,0.097782
1759,0.626039,0.097598
1760,0.665827,0.100418
1761,0.655779,0.102359
1762,0.659790,0.101055
1763,0.704567,0.098232
1764,0.639891,0.098205
1765,0.637086,0.097873
1766,0.677663,0.097466
1767,0.645467,0.097819
1768,0.636280,0.098203
1769,0.675940,0.097779
1770,0.675225,0.098340
1771,0.669069,0.097759
1772,0.650174,0.098065
1773,0.669875,0.097710
1774,0.662797,0.098582
1775,0.692214,0.098279
1776,0.640794,0.098087
1777,0.702429,0.097997
1778,0.742383,0.098456
1779,0.653365,0.097955
1780,0.667388,0.098338
1781,0.755917,0.098248
1782,0.644699,0.098288
1783,0.606759,0.098185
1784,0.694667,0.098603
1785,0.684752,0.097788
1786,0.682069,0.098176
1787,0.670673,0.097251
1788,0.662946,0.098106
1789,0.867946,0.098248
1790,0.676375,0.098478
1791,0.633113,0.097842
1792,0.618743,0.098261
1793,0.660593,0.098455
1794,0.655538,0.098079
1795,0.675752,0.097930
1796,0.636473,0.098583
1797,0.616467,0.097980
1798,0.639295,0.097912
1799,0.662510,0.097941
1800,0.659366,0.098805
1801,0.648974,0.099316
1802,0.655371,0.097617
1803,0.646602,0.098135
1804,0.634590,0.097345
1805,0.656745,0.098751
1806,0.628697,0.097078
1807,0.661777,0.098346
1808,0.647705,0.098494
1809,0.646758,0.097720
1810,0.635005,0.098362
1811,0.647205,0.098287
1812,0.638274,0.098566
1813,0.649931,0.098408
1814,0.646654,0.098215
1815,0.648435,0.100542
1816,0.643052,0.097462
1817,0.641657,0.097712
1818,0.644808,0.098072
1819,5.465563,0.097786
1820,0.693092,0.098441
1821,0.681997,0.097973
1822,0.676197,0.097835
1823,0.674598,0.098362
1824,0.652798,0.099405
1825,0.652137,0.097659
1826,0.631120,0.099241
1827,0.626140,0.097333
1828,0.633981,0.098175
1829,0.652121,0.097766
1830,0.628805,0.097692
1831,0.629617,0.098483
1832,0.649193,0.098017
1833,0.686159,0.098561
1834,0.653580,0.098346
1835,0.625389,0.098816
1836,0.667521,0.098303
1837,0.635171,0.098047
1838,0.680369,0.098314
1839,0.625985,0.097735
1840,0.618575,0.097819
1841,0.657441,0.097713
1842,0.696580,0.098451
1843,0.667175,0.098797
1844,0.633937,0.098509
1845,0.635566,0.098420
1846,0.656834,0.098412
1847,0.635263,0.098383
1848,0.647061,0.098117
1849,0.632082,0.097613
1850,0.662896,0.097880
1851,0.695102,0.098102
1852,0.663883,0.098866
1853,0.648702,0.097555
1854,0.621412,0.098859
1855,0.624678,0.097631
1856,0.634207,0.098598
1857,0.660105,0.097281
1858,0.659232,0.098269
1859,0.685317,0.097671
1860,0.666861,0.098689
1861,0.661705,0.098034
1862,0.643364,0.098420
1863,0.654236,0.097562
1864,0.641565,0.098313
1865,0.649895,0.097770
1866,0.630484,0.098226
1867,0.669565,0.098285
1868,0.636397,0.098227
1869,0.640594,0.098196
1870,0.640597,0.098036
1871,0.650731,0.098004
1872,0.631594,0.097918
1873,0.656293,0.097650
1874,0.638489,0.097897
1875,0.672170,0.099277
1876,0.655987,0.098123
1877,0.620201,0.097815
1878,0.673428,0.097958
1879,0.655270,0.097283
1880,0.667649,0.098234
1881,0.649789,0.098041
1882,0.635775,0.098326
1883,0.710442,0.097590
1884,0.639736,0.098865
1885,0.652974,0.098047
1886,0.649414,0.098254
1887,0.633097,0.098071
1888,0.647534,0.098577
1889,0.646102,0.097912
1890,0.635394,0.098324
1891,0.614749,0.097592
1892,0.616923,0.097958
1893,0.604605,0.097956
1894,0.650152,0.098386
1895,0.611838,0.097724
1896,0.619100,0.097875
1897,0.647065,0.097588
1898,0.642566,0.098215
1899,0.652666,0.097943
1900,0.665727,0.098305
1901,0.634974,0.098492
1902,0.630888,0.097786
1903,0.660675,0.098497
1904,0.670884,0.097530
1905,0.655959,0.098358
1906,0.656838,0.097582
1907,0.655239,0.097962
1908,0.657024,0.098042
1909,0.657553,0.097840
1910,0.628870,0.097964
1911,0.642016,0.098029
1912,0.637002,0.099486
1913,0.618518,0.097982
1914,0.638021,0.098450
1915,0.657325,0.098744
1916,0.630946,0.096669
1917,0.680341,0.098092
1918,0.637311,0.098485
1919,0.627139,0.097511
1920,0.642713,0.097645
1921,0.747220,0.098097
1922,0.629873,0.098344
1923,0.667847,0.097929
1924,0.653268,0.098615
1925,0.683105,0.097734
1926,0.635976,0.097731
1927,0.688403,0.097585
1928,0.743872,0.098111
1929,0.644820,0.098835
1930,0.677442,0.097567
1931,0.659207,0.098227
1932,0.682660,0.098708
1933,0.650480,0.098143
1934,0.717767,0.098416
1935,0.735120,0.097564
1936,0.604399,0.097987
1937,0.666364,0.097842
1938,0.673202,0.098584
1939,0.669110,0.098006
1940,0.656366,0.103204
1941,0.635243,0.098052
1942,0.624298,0.098531
1943,0.735862,0.097239
1944,0.654423,0.097261
1945,0.669088,0.097838
1946,0.645410,0.109019
1947,0.630498,0.097062
1948,0.630225,0.098188
1949,0.667752,0.098604
1950,0.663898,0.098445
1951,0.676454,0.098228
1952,0.633922,0.097784
1953,0.623865,0.099128
1954,0.634121,0.098149
1955,0.670414,0.097913
1956,0.646330,0.099294
1957,0.641290,0.097667
1958,0.693038,0.098468
1959,0.668097,0.098474
1960,0.624734,0.097827
1961,0.647442,0.098169
1962,0.677609,0.096984
1963,0.708989,0.098675
1964,0.634490,0.097716
1965,0.663796,0.098283
1966,0.671357,0.097626
1967,0.692396,0.098179
1968,0.648630,0.098052
1969,0.660452,0.098527
1970,0.670375,0.098117
1971,0.642377,0.098367
1972,0.662810,0.098728
1973,0.667278,0.098442
1974,0.596828,0.099883
1975,0.664201,0.098083
1976,0.654065,0.097728
1977,0.654241,0.099571
1978,0.623895,0.101008
1979,0.653127,0.098255
1980,0.647578,0.099931
1981,0.640543,0.097894
1982,0.644873,0.097672
1983,0.651993,0.098107
1984,0.627534,0.098059
1985,0.649380,0.098296
1986,0.642821,0.099852
1987,0.639748,0.098894
1988,0.645128,0.097773
1989,0.651544,0.099058
1990,0.666413,0.097580
1991,0.643386,0.097909
1992,0.625964,0.097608
1993,0.628389,0.097949
1994,0.626012,0.097299
1995,0.610684,0.098457
1996,0.651025,0.098514
1997,0.634183,0.098087
1998,0.660873,0.097962
1999,0.618384,0.098408
2000,0.632728,0.098262
2001,0.641871,0.098183
2002,0.680081,0.098074
2003,0.617388,0.098852
2004,0.607597,0.098648
2005,0.632823,0.098751
2006,0.670375,0.097834
2007,0.641954,0.097918
2008,0.649079,0.098153
2009,0.646189,0.097483
2010,0.622683,0.098274
2011,0.645018,0.097868
2012,0.648809,0.099092
2013,0.652748,0.098307
2014,0.653438,0.098270
2015,0.657233,0.097827
2016,0.681788,0.098270
2017,0.662496,0.101429
2018,0.633610,0.097958
2019,0.633731,0.097881
2020,0.656471,0.098176
2021,0.634929,0.097755
2022,0.668840,0.098752
2023,0.652353,0.097655
2024,0.627958,0.098914
2025,0.664424,0.101467
2026,0.670837,0.098225
2027,0.653441,0.098185
2028,0.627840,0.097729
2029,0.686368,0.098085
2030,0.664516,0.097750
2031,0.662582,0.098648
2032,0.649185,0.098263
2033,0.690874,0.097887
2034,0.653615,0.098993
2035,0.655596,0.098090
2036,0.648217,0.098466
2037,0.664414,0.097728
2038,0.632182,0.097757
2039,0.644925,0.097338
2040,0.650281,0.098350
2041,0.686238,0.097147
2042,0.629437,0.098083
2043,0.657139,0.097686
2044,0.655420,0.098882
2045,0.680917,0.098013
2046,0.646189,0.098717
2047,0.641643,0.097916
2048,0.764739,0.098479
2049,0.621078,0.097235
2050,0.618912,0.098037
2051,0.623105,0.098500
2052,0.619419,0.097927
2053,0.628684,0.097807
2054,0.619616,0.098358
2055,0.647245,0.098069
2056,0.621414,0.098711
2057,0.649500,0.097665
2058,0.654924,0.097649
2059,0.631755,0.097310
2060,0.631741,0.097683
2061,0.596784,0.098062
2062,0.615196,0.098218
2063,0.640199,0.097576
2064,0.633804,0.098940
2065,0.630541,0.097864
2066,0.640337,0.098868
2067,0.672437,0.098139
2068,0.667199,0.098067
2069,0.645006,0.097730
2070,0.645315,0.097683
2071,0.641773,0.097911
2072,0.614033,0.097817
2073,0.670043,0.097888
2074,0.662477,0.097853
2075,0.635897,0.100523
2076,0.636642,0.098938
2077,0.674071,0.097639
2078,0.649280,0.097799
2079,0.654547,0.098122
2080,0.659738,0.097806
2081,0.673351,0.097963
2082,0.676867,0.098240
2083,0.643767,0.098310
2084,0.629997,0.098295
2085,0.668613,0.098258
2086,0.632440,0.097919
2087,0.623335,0.097635
2088,0.621272,0.097827
2089,0.628848,0.097883
2090,0.639884,0.097615
2091,0.642267,0.097887
2092,0.614949,0.098232
2093,0.639428,0.098383
2094,0.626302,0.098426
2095,0.627846,0.098365
2096,0.616351,0.097813
2097,0.622155,0.098245
2098,0.662064,0.097906
2099,0.630453,0.098521
2100,0.653046,0.097793
2101,0.665172,0.097924
2102,0.635470,0.101336
2103,0.616702,0.097547
2104,0.617422,0.097576
2105,0.613163,0.097453
2106,0.632106,0.097961
2107,0.625220,0.097748
2108,0.631640,0.098590
2109,0.666681,0.097723
2110,0.638115,0.097743
2111,0.661058,0.098746
2112,0.641433,0.098667
2113,0.652117,0.097290
2114,0.647842,0.098090
2115,0.632107,0.097761
2116,0.659687,0.097844
2117,0.647666,0.097852
2118,0.619876,0.097951
2119,0.659873,0.097607
2120,0.654711,0.098122
2121,0.618887,0.100323
2122,0.645022,0.098007
2123,0.667588,0.098106
2124,0.618167,0.098061
2125,0.630361,0.098016
2126,0.631804,0.097881
2127,0.636723,0.097684
2128,0.634829,0.097725
2129,0.652567,0.097706
2130,0.639209,0.098653
2131,0.655854,0.098202
2132,0.631294,0.099254
2133,0.639944,0.097953
2134,0.617910,0.104047
2135,0.612549,0.098755
2136,0.636633,0.097358
2137,0.633163,0.097119
2138,0.670268,0.098278
2139,0.662849,0.097825
2140,0.654247,0.102521
2141,0.679071,0.097968
2142,0.662188,0.098351
2143,0.622312,0.098786
2144,0.647886,0.099003
2145,0.625846,0.098053
2146,0.620743,0.097420
2147,0.632781,0.097681
2148,0.630040,0.097447
2149,0.637993,0.097903
2150,0.639851,0.097924
2151,0.662036,0.097954
2152,0.643688,0.098461
2153,0.655146,0.098276
2154,0.634499,0.097412
2155,0.645832,0.098252
2156,0.626908,0.097579
2157,0.649570,0.097931
2158,0.642069,0.097984
2159,0.648742,0.098656
2160,0.649929,0.098080
2161,0.653307,0.098374
2162,0.633621,0.098192
2163,0.644137,0.098002
2164,0.682699,0.098287
2165,0.629343,0.097740
2166,0.634307,0.097875
2167,0.699454,0.097671
2168,0.595420,0.097966
2169,0.634031,0.098143
2170,0.663763,0.098390
2171,0.658670,0.098242
2172,0.619009,0.098527
2173,0.634031,0.097676
2174,0.655053,0.097498
2175,0.654843,0.097631
2176,0.648014,0.098104
2177,0.647732,0.097581
2178,0.625258,0.097225
2179,0.654623,0.099212
2180,0.633750,0.098513
2181,0.618382,0.099987
2182,0.636712,0.098238
2183,0.620109,0.098151
2184,0.639747,0.097923
2185,0.651931,0.097590
2186,0.656290,0.097378
2187,0.660515,0.096676
2188,0.636703,0.097456
2189,0.633160,0.098028
2190,0.644955,0.098769
2191,0.651719,0.098183
2192,0.631026,0.098734
2193,0.626603,0.098289
2194,0.624307,0.098029
2195,0.641041,0.097622
2196,0.652698,0.097856
2197,0.633377,0.097421
2198,0.646634,0.097595
2199,0.642781,0.098217
2200,0.644806,0.097993
2201,0.660474,0.099577
2202,0.661909,0.097647
2203,0.631114,0.097396
2204,0.622203,0.097897
2205,0.650166,0.096820
2206,0.603457,0.097628
2207,0.641068,0.097385
2208,0.659879,0.098660
2209,0.660506,0.097598
2210,0.625636,0.098832
2211,0.663382,0.098017
2212,0.645735,0.097928
2213,0.609602,0.097148
2214,0.623376,0.100085
2215,0.651773,0.096743
2216,0.676327,0.097744
2217,0.693182,0.097831
2218,0.623869,0.098610
2219,0.635561,0.098408
2220,0.649797,0.099129
2221,0.633020,0.098162
2222,0.636050,0.097652
2223,0.644582,0.098171
2224,0.661332,0.098011
2225,0.632212,0.097349
2226,0.625667,0.097936
2227,0.635059,0.097973
2228,0.640868,0.098300
2229,0.645110,0.098732
2230,0.663846,0.098591
2231,0.659426,0.098445
2232,0.637841,0.098281
2233,0.635121,0.098010
2234,0.627200,0.098054
2235,0.639050,0.096560
2236,0.635857,0.097702
2237,0.621829,0.097773
2238,0.618242,0.098197
2239,0.640984,0.098175
2240,0.646871,0.099014
2241,0.650524,0.097998
2242,0.658558,0.097830
2243,0.608500,0.098215
2244,0.634689,0.097760
2245,0.624161,0.099057
2246,0.647717,0.097306
2247,0.627318,0.098706
2248,0.648966,0.098432
2249,0.633312,0.098436
2250,0.649878,0.098158
2251,0.629385,0.096707
2252,0.618205,0.098615
2253,0.622087,0.097433
2254,0.644378,0.097999
2255,0.609952,0.098154
2256,0.628264,0.098082
2257,0.611986,0.097537
2258,0.624344,0.097928
2259,0.627883,0.098113
2260,0.624328,0.099460
2261,0.624159,0.097460
2262,0.653815,0.097825
2263,0.619196,0.098461
2264,0.610989,0.097279
2265,0.609096,0.098271
2266,0.635946,0.097793
2267,0.621918,0.098143
2268,0.648731,0.098352
2269,0.680965,0.098383
2270,0.637405,0.097980
2271,0.620787,0.098255
2272,0.651428,0.097836
2273,0.611698,0.097587
2274,0.627815,0.097504
2275,0.618209,0.097957
2276,0.630218,0.098048
2277,0.624272,0.098287
2278,0.645120,0.098192
2279,0.636728,0.098065
2280,0.660647,0.097694
2281,0.685097,0.098252
2282,0.657825,0.098190
2283,0.633172,0.097567
2284,0.635514,0.097713
2285,0.676558,0.097591
2286,0.625332,0.097606
2287,0.637907,0.097904
2288,0.635203,0.099166
2289,0.691764,0.098007
2290,0.657198,0.097670
2291,0.661653,0.097572
2292,0.644684,0.097692
2293,0.680789,0.099558
2294,0.640248,0.097125
2295,0.633215,0.099773
2296,0.630448,0.097438
2297,0.623044,0.098313
2298,0.624044,0.097191
2299,0.629973,0.098346
2300,0.633580,0.098189
2301,0.635145,0.098585
2302,0.675431,0.100507
2303,0.645939,0.098107
2304,0.667981,0.096938
2305,0.622435,0.098075
2306,0.640410,0.097450
2307,0.623316,0.098093
2308,0.613085,0.097743
2309,0.636772,0.098069
2310,0.660001,0.098337
2311,0.649811,0.098707
2312,0.677098,0.098000
2313,0.654906,0.097653
2314,0.639391,0.097276
2315,0.621737,0.096957
2316,0.648978,0.098389
2317,0.632372,0.097124
2318,0.624893,0.097994
2319,0.631319,0.097669
2320,0.657263,0.098557
2321,0.642044,0.097944
2322,0.630218,0.098214
2323,0.674761,0.097292
2324,0.653804,0.097716
2325,0.642590,0.096858
2326,0.634537,0.098199
2327,0.646933,0.097705
2328,0.610837,0.097682
2329,0.654649,0.097738
2330,0.622514,0.098845
2331,0.617468,0.098060
2332,0.629463,0.098150
2333,0.615229,0.097799
2334,0.630183,0.097586
2335,0.623700,0.097875
2336,0.643537,0.097875
2337,0.628784,0.097377
2338,0.644877,0.097712
2339,0.649969,0.097909
2340,0.644107,0.098656
2341,0.636440,0.097839
2342,0.653898,0.098017
2343,0.604455,0.098063
2344,0.602045,0.098088
2345,0.641575,0.098246
2346,0.651315,0.097851
2347,0.658830,0.097219
2348,0.659540,0.097688
2349,0.639377,0.098006
2350,0.651590,0.098014
2351,0.649145,0.098573
2352,0.621445,0.097911
2353,0.643034,0.097818
2354,0.646313,0.097519
2355,0.658827,0.097782
2356,0.626196,0.097136
2357,0.657443,0.098199
2358,0.672050,0.097846
2359,0.637537,0.098002
2360,0.609110,0.098242
2361,0.619492,0.098365
2362,0.620569,0.097574
2363,0.649871,0.098338
2364,0.633519,0.097600
2365,0.634500,0.097742
2366,0.635517,0.095742
2367,0.640731,0.097938
2368,0.618245,0.098110
2369,0.647275,0.098882
2370,0.641377,0.100086
2371,0.631276,0.097590
2372,0.624257,0.099229
2373,0.675135,0.098126
2374,0.645965,0.097528
2375,0.644909,0.099058
2376,0.660862,0.097166
2377,0.648462,0.097816
2378,0.637208,0.098430
2379,0.627786,0.098462
2380,0.616985,0.099702
2381,0.613861,0.097414
2382,0.624758,0.097890
2383,0.632965,0.097539
2384,0.660733,0.098157
2385,0.626153,0.097514
2386,0.640419,0.097652
2387,0.653319,0.097456
2388,0.638675,0.097559
2389,0.627767,0.098426
2390,0.636897,0.098122
2391,0.635506,0.098167
2392,0.644967,0.097887
2393,0.626236,0.097831
2394,0.633690,0.097638
2395,0.634103,0.100308
2396,0.622029,0.097474
2397,0.626758,0.097758
2398,0.621525,0.097938
2399,0.630127,0.098683
2400,0.627943,0.106318
2401,0.634054,0.100175
2402,0.637728,0.097076
2403,0.630454,0.097501
2404,0.623781,0.097432
2405,0.638866,0.097840
2406,0.638401,0.097585
2407,0.644604,0.099120
2408,0.664408,0.099033
2409,0.638366,0.098579
2410,0.683710,0.097728
2411,0.676914,0.097790
2412,0.656602,0.097409
2413,0.626243,0.097598
2414,0.642877,0.097333
2415,0.649118,0.097364
2416,0.626319,0.097819
2417,0.630968,0.098218
2418,0.659531,0.099076
2419,0.663908,0.097977
2420,0.656080,0.098474
2421,0.647211,0.096903
2422,0.664138,0.097975
2423,0.629554,0.097386
2424,0.640920,0.097680
2425,0.646956,0.097993
2426,0.639182,0.098113
2427,0.630230,0.097564
2428,0.638610,0.098765
2429,0.614947,0.098175
2430,0.655257,0.098081
2431,0.651865,0.096592
2432,0.642609,0.097996
2433,0.606923,0.097304
2434,0.666972,0.097423
2435,0.637517,0.098844
2436,0.654375,0.098538
2437,0.697704,0.097945
2438,0.635276,0.098716
2439,0.642841,0.100320
2440,0.628030,0.097128
2441,0.676227,0.097239
2442,0.647105,0.097562
2443,0.638899,0.097361
2444,0.631006,0.098270
2445,0.611886,0.097755
2446,0.651494,0.097808
2447,0.641645,0.098360
2448,0.634528,0.098594
2449,0.642504,0.097857
2450,0.639975,0.097607
2451,0.637920,0.099104
2452,0.641853,0.097896
2453,0.623065,0.099789
2454,0.619486,0.097749
2455,0.648733,0.097833
2456,0.618176,0.098847
2457,0.621229,0.097817
2458,0.613743,0.098217
2459,0.618674,0.097679
2460,0.629107,0.099107
2461,0.684407,0.097379
2462,0.623847,0.099011
2463,0.686360,0.097582
2464,0.660535,0.098257
2465,0.639534,0.097728
2466,0.632831,0.098719
2467,0.642006,0.097803
2468,1.667128,0.098574
2469,0.638020,0.097387
2470,0.623910,0.098412
2471,0.639136,0.097573
2472,0.637797,0.098434
2473,0.631871,0.097781
2474,0.628359,0.097679
2475,0.658875,0.098055
2476,0.634504,0.097911
2477,0.609493,0.098593
2478,0.640673,0.097529
2479,0.632835,0.098198
2480,0.618660,0.096912
2481,0.634034,0.097753
2482,0.635318,0.097559
2483,0.635141,0.098136
2484,0.609290,0.098003
2485,0.634268,0.097996
2486,0.613496,0.098161
2487,0.625391,0.098386
2488,0.643349,0.098392
2489,0.641340,0.097837
2490,0.608264,0.097331
2491,0.632904,0.097486
2492,0.639603,0.102724
2493,0.656998,0.097450
2494,0.635648,0.097277
2495,0.646231,0.097867
2496,0.631259,0.098186
2497,0.612002,0.098563
2498,0.631563,0.098154
2499,0.636269,0.097654
2500,0.632966,0.097916
2501,0.634431,0.097659
2502,0.634110,0.097286
2503,0.630100,0.097764
2504,0.670513,0.097868
2505,0.628183,0.098514
2506,0.624149,0.097438
2507,0.631058,0.098537
2508,0.632558,0.098101
2509,0.624720,0.098434
2510,0.641407,0.097167
2511,0.633911,0.101948
2512,0.658498,0.097477
2513,0.642239,0.098367
2514,0.629770,0.096595
2515,0.642982,0.098062
2516,0.639236,0.098047
2517,0.634106,0.099020
2518,0.624009,0.098153
2519,0.637367,0.098515
2520,0.603253,0.098458
2521,0.623523,0.098375
2522,0.653159,0.097669
2523,0.660858,0.098130
2524,0.626840,0.097157
2525,0.633478,0.097117
2526,0.642384,0.098858
2527,0.673139,0.100381
2528,0.640189,0.098091
2529,0.653531,0.097715
2530,0.643839,0.098445
2531,0.631342,0.098386
2532,0.633164,0.098638
2533,0.602907,0.097588
2534,0.658662,0.097347
2535,0.657715,0.097084
2536,0.635886,0.096691
2537,0.622374,0.098018
2538,0.663910,0.098754
2539,0.632768,0.096898
2540,0.641582,0.097511
2541,0.659487,0.097492
2542,0.626847,0.098973
2543,0.627397,0.097318
2544,0.631352,0.097932
2545,0.638541,0.097016
2546,0.651401,0.102509
2547,0.655871,0.096696
2548,0.654484,0.097514
2549,0.642627,0.096939
2550,0.627699,0.097244
2551,0.611727,0.096777
2552,0.592411,0.097884
2553,0.629293,0.097803
2554,0.649995,0.098146
2555,0.631792,0.097264
2556,0.639434,0.097826
2557,0.649668,0.097525
2558,0.675209,0.098545
2559,0.643970,0.097523
2560,0.644669,0.098601
2561,0.650622,0.097586
2562,0.628465,0.097877
2563,0.642950,0.097752
2564,0.642411,0.097856
2565,0.680257,0.097432
2566,0.658017,0.097753
2567,0.640947,0.097259
2568,0.631125,0.098694
2569,0.691371,0.097742
2570,0.675255,0.098452
2571,0.626721,0.097411
2572,0.649203,0.098329
2573,0.646402,0.097364
2574,0.623426,0.099520
2575,0.617973,0.097149
2576,0.640958,0.098951
2577,0.651973,0.098221
2578,0.631929,0.098169
2579,0.656182,0.097867
2580,0.648445,0.098653
2581,0.612859,0.097668
2582,0.617186,0.098535
2583,0.600360,0.097573
2584,0.629130,0.098359
2585,0.648088,0.097744
2586,0.648828,0.098395
2587,0.646610,0.097382
2588,0.626338,0.098522
2589,0.632549,0.097166
2590,0.655374,0.098378
2591,0.614251,0.097216
2592,0.617049,0.098438
2593,0.655727,0.097477
2594,0.659961,0.100139
2595,0.680351,0.096781
2596,0.630432,0.098038
2597,0.626556,0.097563
2598,0.670540,0.097903
2599,0.639714,0.097775
2600,0.638946,0.097652
2601,0.625699,0.097762
2602,0.646067,0.099290
2603,0.631606,0.097911
2604,0.628331,0.097717
2605,0.658597,0.097696
2606,0.615060,0.097951
2607,0.646052,0.097202
2608,0.648593,0.097972
2609,0.616310,0.097981
2610,0.614778,0.097021
2611,0.621346,0.098104
2612,0.645440,0.098927
2613,0.629011,0.097673
2614,0.640028,0.097555
2615,0.636959,0.097846
2616,0.622584,0.098051
2617,0.620121,0.097905
2618,0.642749,0.097459
2619,0.630814,0.097558
2620,0.628124,0.097698
2621,0.654189,0.098192
2622,0.614370,0.098295
2623,0.616594,0.098289
2624,0.629069,0.097507
2625,0.632630,0.097296
2626,0.649024,0.097471
2627,0.623503,0.097630
2628,0.636479,0.097473
2629,0.657381,0.099059
2630,0.619219,0.097176
2631,0.632000,0.097929
2632,0.653301,0.098649
2633,0.656380,0.098169
2634,0.655471,0.097541
2635,0.652905,0.097936
2636,0.659761,0.098068
2637,0.606289,0.098176
2638,0.624205,0.097682
2639,0.651153,0.097814
2640,0.660587,0.097640
2641,0.662463,0.098598
2642,0.646031,0.098722
2643,0.645052,0.098617
2644,0.614027,0.097897
2645,0.668758,0.098348
2646,0.660918,0.097571
2647,0.627537,0.099338
2648,0.638613,0.096991
2649,0.655694,0.097811
2650,0.608695,0.097302
2651,0.643198,0.097155
2652,0.622080,0.098140
2653,0.634644,0.098050
2654,0.672417,0.098047
2655,0.634656,0.097919
2656,0.603814,0.098303
2657,0.622448,0.097101
2658,0.666500,0.097586
2659,0.614014,0.099223
2660,0.616678,0.097723
2661,0.654549,0.097230
2662,0.643730,0.097748
2663,0.663262,0.098029
2664,0.656448,0.097922
2665,0.621380,0.099245
2666,0.634122,0.098161
2667,0.645340,0.097744
2668,0.630374,0.098181
2669,0.624998,0.097874
2670,0.655572,0.097299
2671,0.665136,0.097494
2672,0.624189,0.099687
2673,0.635829,0.097479
2674,0.648937,0.098086
2675,0.643819,0.098047
2676,0.635793,0.098001
2677,0.661431,0.098183
2678,0.634572,0.098618
2679,0.652801,0.097250
2680,0.615450,0.097912
2681,0.692078,0.098070
2682,0.648266,0.098163
2683,0.606066,0.097487
2684,0.608842,0.098190
2685,0.633868,0.097418
2686,0.625942,0.097840
2687,0.633842,0.098232
2688,0.626928,0.098247
2689,0.652774,0.097531
2690,0.624819,0.097743
2691,0.638117,0.097846
2692,0.641620,0.100021
2693,0.620401,0.097179
2694,0.638295,0.098195
2695,0.633051,0.097712
2696,0.625223,0.099502
2697,0.646058,0.097629
2698,0.641925,0.098419
2699,0.619276,0.097451
2700,0.610701,0.098330
2701,0.634172,0.097624
2702,0.612666,0.097189
2703,0.632316,0.097573
2704,0.600354,0.098161
2705,0.593031,0.098029
2706,0.619389,0.098310
2707,0.647920,0.097790
2708,0.623589,0.098127
2709,0.643867,0.097742
2710,0.629842,0.098152
2711,0.665067,0.097176
2712,0.633405,0.097491
2713,0.651470,0.097899
2714,0.643852,0.102274
2715,0.613228,0.098279
2716,0.637401,0.097839
2717,0.639629,0.097132
2718,0.612260,0.098440
2719,0.663301,0.097368
2720,0.627709,0.097798
2721,0.637956,0.097676
2722,0.617322,0.097582
2723,0.636235,0.098349
2724,0.633644,0.098336
2725,0.647032,0.097598
2726,0.637030,0.098286
2727,0.640318,0.098096
2728,0.646610,0.101392
2729,0.630745,0.096533
2730,0.621450,0.097470
2731,0.647785,0.097941
2732,0.651827,0.098078
2733,0.631019,0.098407
2734,0.645119,0.098056
2735,0.642767,0.098625
2736,0.650442,0.097882
2737,0.636407,0.098103
2738,0.624404,0.097644
2739,0.622664,0.097514
2740,0.642041,0.097512
2741,0.614821,0.098092
2742,0.645250,0.097709
2743,0.647494,0.097912
2744,0.626151,0.098615
2745,0.650587,0.098705
2746,0.613692,0.100670
2747,0.620959,0.098992
2748,0.628108,0.097162
2749,0.644468,0.097690
2750,0.650824,0.097309
2751,0.627760,0.097733
2752,0.657986,0.098098
2753,0.638056,0.097683
2754,0.626030,0.097880
2755,0.610084,0.098233
2756,0.668708,0.097917
2757,0.662464,0.096583
2758,0.613125,0.097833
2759,0.624699,0.097855
2760,0.635918,0.098386
2761,0.611969,0.098169
2762,0.624732,0.098773
2763,0.667290,0.097916
2764,0.609362,0.099032
2765,0.646824,0.098831
2766,0.642708,0.097288
2767,0.637436,0.097061
2768,0.625140,0.097760
2769,0.659483,0.097453
2770,0.635344,0.097723
2771,0.664468,0.097979
2772,0.633426,0.099450
2773,0.631442,0.097803
2774,0.623812,0.098633
2775,0.638061,0.097620
2776,0.612790,0.097637
2777,0.635400,0.097462
2778,0.621685,0.097434
2779,0.631954,0.097224
2780,0.655618,0.098024
2781,0.620219,0.097736
2782,0.614565,0.098568
2783,0.672242,0.098301
2784,0.629223,0.098134
2785,0.658751,0.097692
2786,0.619235,0.097801
2787,0.633185,0.097930
2788,0.643503,0.097841
2789,0.622791,0.097338
2790,0.626067,0.098020
2791,0.615632,0.098182
2792,0.655488,0.098020
2793,0.638385,0.097994
2794,0.615747,0.098232
2795,0.620802,0.097685
2796,0.661948,0.098056
2797,0.674001,0.097750
2798,0.688201,0.098059
2799,0.671091,0.097724
2800,0.681256,0.098284
2801,0.611984,0.096113
2802,0.630277,0.097916
2803,0.648456,0.097481
2804,0.603515,0.097765
2805,0.636669,0.097433
2806,0.617345,0.097316
2807,0.620849,0.097664
2808,0.634295,0.098077
2809,0.680717,0.098370
2810,0.631170,0.097665
2811,0.646191,0.097985
2812,0.633281,0.101003
2813,0.648011,0.097494
2814,0.639256,0.097579
2815,0.615442,0.097395
2816,0.637711,0.097699
2817,0.636878,0.098235
2818,0.609482,0.098576
2819,0.622785,0.097276
2820,0.628602,0.098482
2821,0.644915,0.098721
2822,0.620516,0.097707
2823,0.643937,0.100733
2824,0.639711,0.098178
2825,0.661658,0.097287
2826,0.637913,0.097984
2827,0.618751,0.098067
2828,0.614016,0.098971
2829,0.604538,0.098479
2830,0.615734,0.098613
2831,0.634358,0.097554
2832,0.644506,0.097883
2833,0.633186,0.103407
2834,0.641996,0.097470
2835,0.626064,0.097759
2836,0.646099,0.097355
2837,0.641139,0.097453
2838,0.626884,0.098301
2839,0.631744,0.098365
2840,0.637767,0.098605
2841,0.632008,0.098348
2842,0.677945,0.098479
2843,0.646630,0.097659
2844,0.639451,0.097250
2845,0.646201,0.097706
2846,0.687091,0.100882
2847,0.623557,0.097360
2848,0.667435,0.097677
2849,0.634642,0.098269
2850,0.632248,0.098485
2851,0.662880,0.095199
2852,0.639942,0.097752
2853,0.644358,0.097296
2854,0.690497,0.098624
2855,0.642877,0.096888
2856,0.663002,0.097951
2857,0.666497,0.097255
2858,0.637868,0.098818
2859,0.629335,0.100744
2860,0.627243,0.098669
2861,0.632286,0.097216
2862,0.663472,0.097991
2863,0.636328,0.097084
2864,0.633724,0.098037
2865,0.629198,0.097182
2866,0.623419,0.097926
2867,0.637548,0.098035
2868,0.615317,0.098756
2869,0.639007,0.098473
2870,0.633109,0.097528
2871,0.634522,0.097873
2872,0.643692,0.097067
2873,0.653281,0.097233
2874,0.643324,0.098604
2875,0.637067,0.097797
2876,0.625127,0.097959
2877,0.643554,0.098427
2878,0.643165,0.097746
2879,0.665418,0.097399
2880,0.651124,0.101659
2881,0.642084,0.097679
2882,0.648436,0.097303
2883,0.634754,0.102010
2884,0.618560,0.097159
2885,0.642925,0.097563
2886,0.630343,0.097126
2887,0.651878,0.097361
2888,0.626414,0.098262
2889,0.624750,0.098118
2890,0.630434,0.098329
2891,0.622301,0.097951
2892,0.635704,0.098818
2893,0.637917,0.097576
2894,0.637309,0.097598
2895,0.654736,0.097389
2896,0.635822,0.097754
2897,0.651194,0.097382
2898,0.625207,0.098283
2899,0.689868,0.097663
2900,0.650829,0.098290
2901,0.625926,0.097657
2902,0.632094,0.097054
2903,0.681640,0.097609
2904,0.636117,0.097479
2905,0.627491,0.097726
2906,0.602377,0.097273
2907,0.638859,0.098161
2908,0.624344,0.098081
2909,0.666377,0.097863
2910,0.640462,0.098031
2911,0.630620,0.097723
2912,0.635276,0.100291
2913,0.629654,0.098031
2914,0.641939,0.097829
2915,0.646356,0.097454
2916,0.651209,0.097913
2917,0.633002,0.098360
2918,0.649125,0.098411
2919,0.643754,0.098084
2920,0.669856,0.098648
2921,0.627535,0.099664
2922,0.623282,0.095960
2923,0.636127,0.097581
2924,0.622388,0.098426
2925,0.638149,0.097359
2926,0.652534,0.103098
2927,0.655175,0.097740
2928,0.609295,0.099306
2929,0.639152,0.097671
2930,0.601654,0.098206
2931,0.650455,0.097763
2932,0.639814,0.097624
2933,0.648631,0.097683
2934,0.636258,0.097643
2935,0.634918,0.098103
2936,0.615850,0.097180
2937,0.632515,0.098517
2938,0.649707,0.098017
2939,0.649798,0.097811
2940,0.646409,0.097761
2941,0.674692,0.098025
2942,0.648636,0.097748
2943,0.649021,0.097630
2944,0.642795,0.099024
2945,0.622342,0.097339
2946,0.649901,0.097849
2947,0.624330,0.098481
2948,0.631544,0.096866
2949,0.627243,0.098149
2950,0.626755,0.097742
2951,0.650951,0.098006
2952,0.659265,0.097584
2953,0.659409,0.097823
2954,0.624254,0.097621
2955,0.642112,0.097580
2956,0.634552,0.098252
2957,0.658676,0.097664
2958,0.676438,0.097762
2959,0.642956,0.097585
2960,0.627527,0.098840
2961,0.650579,0.099104
2962,0.627649,0.097874
2963,0.647964,0.097326
2964,0.626094,0.097994
2965,0.626150,0.096965
2966,0.659837,0.097827
2967,0.635699,0.098733
2968,0.634321,0.098030
2969,0.633340,0.097553
2970,0.659572,0.098685
2971,0.635859,0.097359
2972,0.657188,0.098013
2973,0.641056,0.098252
2974,0.637475,0.097399
2975,0.662668,0.097458
2976,0.646001,0.098372
2977,0.653574,0.097543
2978,0.653331,0.097970
2979,0.637550,0.097993
2980,0.649965,0.098472
2981,0.660330,0.098336
2982,0.635365,0.098166
2983,0.653113,0.097992
2984,0.620231,0.097671
2985,0.649654,0.097503
2986,0.635300,0.097919
2987,0.615723,0.097837
2988,0.625689,0.098482
2989,0.646138,0.098143
2990,0.665023,0.098460
2991,0.624902,0.097487
2992,0.647725,0.098391
2993,0.636624,0.097544
2994,0.632656,0.097411
2995,0.648748,0.097124
2996,0.631218,0.098058
2997,0.643365,0.097935
2998,0.647617,0.097921
2999,0.647901,0.098551
3000,0.629956,0.098009
3001,0.649010,0.098330
3002,0.632185,0.097685
3003,0.634586,0.097671
3004,0.667410,0.097348
3005,0.632695,0.097928
3006,0.620017,0.097580
3007,0.656663,0.098729
3008,0.624114,0.097597
3009,0.614471,0.098070
3010,0.618367,0.097881
3011,0.645731,0.098190
3012,0.608016,0.097485
3013,0.820758,0.097191
3014,0.655761,0.097386
3015,0.638932,0.097779
3016,0.621283,0.098638
3017,0.632724,0.098162
3018,0.624209,0.098384
3019,0.629330,0.098337
3020,0.654409,0.098024
3021,0.632309,0.097673
3022,0.637836,0.098026
3023,0.641670,0.097335
3024,0.697597,0.097597
3025,0.640427,0.097622
3026,0.641109,0.098039
3027,0.640180,0.098495
3028,0.645183,0.098594
3029,0.649225,0.097975
3030,0.646071,0.098552
3031,0.629612,0.097628
3032,0.636083,0.098277
3033,0.651517,0.097478
3034,0.616619,0.097647
3035,0.669579,0.097323
3036,0.616907,0.097940
3037,0.654981,0.098326
3038,0.650118,0.098005
3039,0.645221,0.098343
3040,0.626103,0.098478
3041,0.637035,0.097997
3042,0.671800,0.097921
3043,0.643375,0.097505
3044,0.608812,0.098006
3045,0.643457,0.097677
3046,0.626645,0.097856
3047,0.609847,0.098286
3048,0.644215,0.098173
3049,0.630547,0.098152
3050,0.648905,0.098290
3051,0.645463,0.097483
3052,0.650511,0.097646
3053,0.639836,0.097468
3054,0.679038,0.097782
3055,0.658136,0.098125
3056,0.623760,0.098184
3057,0.630725,0.098049
3058,0.651259,0.098241
3059,0.668739,0.098074
3060,0.644929,0.098016
3061,0.652488,0.097247
3062,0.659421,0.097470
3063,0.645593,0.097409
3064,0.642164,0.098072
3065,0.646418,0.097699
3066,0.630201,0.098646
3067,0.640974,0.097891
3068,0.620527,0.098807
3069,0.631038,0.097979
3070,0.628908,0.097989
3071,0.631037,0.097572
3072,0.651608,0.097939
3073,0.657359,0.097744
3074,0.611960,0.097943
3075,0.658864,0.097668
3076,0.643474,0.098420
3077,0.644540,0.097993
3078,0.623226,0.098600
3079,0.643791,0.098066
3080,0.649005,0.098432
3081,0.651198,0.097422
3082,0.630324,0.098019
3083,0.662194,0.097826
3084,0.644840,0.098677
3085,0.623806,0.097929
3086,0.641667,0.098148
3087,0.640639,0.098110
3088,0.653042,0.098069
3089,0.610050,0.097854
3090,0.646038,0.098219
3091,0.623660,0.097643
3092,0.628563,0.098228
3093,0.638973,0.098056
3094,0.669037,0.098779
3095,0.629881,0.097910
3096,0.653950,0.098327
3097,0.642973,0.098162
3098,0.658725,0.098512
3099,0.668557,0.097298
3100,0.659629,0.098482
3101,0.638163,0.097988
3102,0.629555,0.097967
3103,0.653220,0.098155
3104,0.630392,0.098166
3105,0.657990,0.098349
3106,0.617554,0.097699
3107,0.615780,0.097759
3108,0.656266,0.098218
3109,0.633888,0.097737
3110,0.619589,0.097879
3111,0.629998,0.097833
3112,0.625070,0.098093
3113,0.659613,0.097900
3114,0.651255,0.098142
3115,0.635274,0.098219
3116,0.647676,0.097758
3117,0.623884,0.097646
3118,0.658310,0.098597
3119,0.645203,0.097913
3120,0.620894,0.098018
3121,0.633251,0.097855
3122,0.641445,0.098026
3123,0.650061,0.098205
3124,0.650289,0.098142
3125,0.637965,0.098245
3126,0.655044,0.097888
3127,0.628475,0.097599
3128,0.668660,0.098428
3129,0.648427,0.097905
3130,0.643934,0.097972
3131,0.627464,0.097985
3132,0.625015,0.097544
3133,0.635989,0.098054
3134,0.643760,0.097811
3135,0.645330,0.098122
3136,0.627888,0.097878
3137,0.629733,0.098330
3138,0.654544,0.098278
3139,0.645987,0.098503
3140,0.644023,0.098086
3141,0.643316,0.098517
3142,0.656141,0.097577
3143,0.634237,0.098250
3144,0.657656,0.098068
3145,0.652008,0.098395
3146,0.648024,0.097429
3147,0.661461,0.098123
3148,0.638729,0.098027
3149,0.625503,0.098845
3150,0.629144,0.098196
3151,0.631592,0.098238
3152,0.611989,0.097903
3153,0.637606,0.097705
3154,0.623569,0.097913
3155,0.668185,0.097679
3156,0.667032,0.097950
3157,0.651717,0.098245
3158,0.625638,0.098366
3159,0.641341,0.097975
3160,0.641373,0.098192
3161,0.662525,0.098178
3162,0.672224,0.098600
3163,0.620179,0.097880
3164,0.670987,0.098589
3165,0.634353,0.097856
3166,0.641618,0.098280
3167,0.638206,0.097936
3168,0.653018,0.098280
3169,0.640908,0.097729
3170,0.652106,0.097775
3171,0.640388,0.098405
3172,0.662503,0.098580
3173,0.658588,0.098001
3174,0.637886,0.098203
3175,0.627917,0.097688
3176,0.617317,0.098423
3177,0.638340,0.098110
3178,0.659734,0.098280
3179,0.658944,0.097491
3180,0.660968,0.098511
3181,0.626100,0.098153
3182,0.641748,0.098566
3183,0.654558,0.097726
3184,0.646996,0.098215
3185,0.626757,0.097514
3186,0.638209,0.098700
3187,0.655424,0.098262
3188,0.651125,0.098568
3189,0.628979,0.097367
3190,0.627663,0.098426
3191,0.631192,0.097812
3192,0.628337,0.098725
3193,0.619847,0.097979
3194,0.645063,0.098674
3195,0.698351,0.097283
3196,0.632046,0.097823
3197,0.639267,0.098220
3198,0.635034,0.098425
3199,0.660638,0.098111
3200,0.646173,0.097553
3201,0.656696,0.097902
3202,0.647704,0.098128
3203,0.639817,0.098076
3204,0.648382,0.098114
3205,0.642498,0.098050
3206,0.625172,0.098460
3207,0.636552,0.098229
3208,0.644619,0.097938
3209,0.632869,0.097681
3210,0.640302,0.098101
3211,0.637270,0.098081
3212,0.650061,0.098040
3213,0.644174,0.098049
3214,0.621851,0.098075
3215,0.642282,0.098236
3216,0.641339,0.098225
3217,0.664312,0.098286
3218,0.658876,0.098110
3219,0.636932,0.098143
3220,0.642968,0.097857
3221,0.650231,0.098416
3222,0.649049,0.097912
3223,0.664276,0.098406
3224,0.648745,0.098423
3225,0.656108,0.098713
3226,0.639086,0.098002
3227,0.640115,0.098381
3228,0.630082,0.098031
3229,0.669014,0.098232
3230,0.626974,0.097726
3231,0.651865,0.098319
3232,0.644303,0.097877
3233,0.640322,0.098429
3234,0.652340,0.098355
3235,0.635115,0.098524
3236,0.646777,0.098312
3237,0.651681,0.098524
3238,0.641377,0.097537
3239,0.616526,0.097855
3240,0.664843,0.098094
3241,0.642146,0.098225
3242,0.635371,0.098257
3243,0.618913,0.097689
3244,0.655391,0.098893
3245,0.653679,0.097540
3246,0.653443,0.099246
3247,0.635362,0.098054
3248,0.632205,0.098503
3249,0.659936,0.096821
3250,0.635671,0.098328
3251,0.647402,0.098220
3252,0.678103,0.098595
3253,0.650777,0.097766
3254,0.642712,0.098609
3255,0.638381,0.098051
3256,0.628145,0.098680
3257,0.627591,0.097690
3258,0.639151,0.098059
3259,0.625074,0.097598
3260,0.623089,0.098228
3261,0.649219,0.100216
3262,0.650922,0.098116
3263,0.640363,0.097988
3264,0.643370,0.098797
3265,0.618264,0.098358
3266,0.641489,0.098520
3267,0.635342,0.097871
3268,0.635681,0.098417
3269,0.656402,0.097414
3270,0.651617,0.098733
3271,0.675665,0.097507
3272,0.652661,0.098476
3273,0.617472,0.097884
3274,0.630323,0.099053
3275,0.633112,0.098345
3276,0.660409,0.099206
3277,0.647285,0.097548
3278,0.636157,0.098263
3279,0.644267,0.097708
3280,0.646547,0.098525
3281,0.625614,0.097355
3282,0.660775,0.098080
3283,0.613418,0.097877
3284,0.641110,0.099434
3285,0.649385,0.098366
3286,0.643701,0.098656
3287,0.620978,0.097976
3288,0.657845,0.098021
3289,0.625949,0.097976
3290,0.635895,0.097384
3291,0.657794,0.098213
3292,0.659657,0.097757
3293,0.650445,0.098334
3294,0.688705,0.097531
3295,0.635054,0.098728
3296,0.650794,0.098524
3297,0.663765,0.098597
3298,0.626258,0.097975
3299,0.637518,0.097944
3300,0.619527,0.097766
3301,0.630816,0.098625
3302,0.619004,0.097699
3303,0.632177,0.098181
3304,0.653158,0.098262
3305,0.635144,0.098135
3306,0.641604,0.098194
3307,0.632906,0.097814
3308,0.634901,0.097973
3309,0.665442,0.097849
3310,0.696526,0.098368
3311,0.663851,0.098683
3312,0.623280,0.097808
3313,0.667618,0.098332
3314,0.657935,0.098622
3315,0.647911,0.098723
3316,0.641241,0.097855
3317,0.665154,0.098170
3318,0.645856,0.097806
3319,0.649345,0.098482
3320,0.650059,0.098282
3321,0.622173,0.098849
3322,0.630366,0.097727
3323,0.623269,0.098722
3324,0.643533,0.098408
3325,0.626543,0.098760
3326,0.681008,0.097945
3327,0.663776,0.098236
3328,0.635795,0.097914
3329,0.673024,0.097993
3330,0.640326,0.098510
3331,0.651985,0.098196
3332,0.636855,0.098561
3333,0.630319,0.097897
3334,0.635255,0.098596
3335,0.648025,0.097588
3336,0.622451,0.098884
3337,0.638106,0.097715
3338,0.640621,0.098490
3339,0.645415,0.097851
3340,0.618439,0.098337
3341,0.641220,0.097721
3342,0.636080,0.098660
3343,0.659940,0.098137
3344,0.649848,0.098394
3345,0.668645,0.097725
3346,0.634215,0.098079
3347,0.637747,0.098189
3348,0.652689,0.099312
3349,0.634157,0.098037
3350,0.646546,0.098041
3351,0.647154,0.098878
3352,0.640157,0.098892
3353,0.669859,0.097743
3354,0.650342,0.098496
3355,0.653809,0.098001
3356,0.652765,0.098311
3357,0.635809,0.097955
3358,0.634423,0.098175
3359,0.641519,0.098540
3360,0.659792,0.098712
3361,0.654411,0.098169
3362,0.637789,0.098518
3363,0.626482,0.097759
3364,0.658102,0.098661
3365,0.654412,0.098154
3366,0.644425,0.098408
3367,0.625936,0.097471
3368,0.643171,0.098323
3369,0.629591,0.097886
3370,0.640422,0.098491
3371,0.665866,0.097859
3372,0.636340,0.098550
3373,0.629300,0.097910
3374,0.686092,0.098344
3375,0.648342,0.097943
3376,0.641810,0.098414
3377,0.661198,0.097920
3378,0.625675,0.097912
3379,0.638106,0.098634
3380,0.644086,0.097489
3381,0.642773,0.098355
3382,0.624912,0.098086
3383,0.628687,0.098527
3384,0.641012,0.097955
3385,0.669028,0.098136
3386,0.645562,0.097723
3387,0.673095,0.097927
3388,0.638260,0.098985
3389,0.637335,0.098544
3390,0.654529,0.098085
3391,0.658302,0.098080
3392,0.669141,0.098695
3393,0.645053,0.098198
3394,0.634664,0.098181
3395,0.637607,0.098321
3396,0.646484,0.098120
3397,0.675439,0.098046
3398,0.656976,0.098804
3399,0.667022,0.098318
3400,0.660520,0.098540
3401,0.647250,0.097956
3402,0.627187,0.097809
3403,0.629294,0.098073
3404,0.670213,0.098162
3405,0.643315,0.098656
3406,0.642605,0.098478
3407,0.697083,0.098814
3408,0.664450,0.098196
3409,0.699479,0.098643
3410,0.639199,0.097921
3411,0.642213,0.098599
3412,0.659519,0.097909
3413,0.652864,0.098220
3414,0.630183,0.097694
3415,0.675355,0.098446
3416,0.654734,0.098400
3417,0.618625,0.098562
3418,0.646272,0.098102
3419,0.633982,0.098720
3420,0.642857,0.099280
3421,0.644786,0.099298
3422,0.664926,0.098477
3423,0.659244,0.099419
3424,0.643905,0.099380
3425,0.624457,0.098242
3426,0.648917,0.099127
3427,0.667577,0.099091
3428,0.647147,0.098191
3429,0.645937,0.098630
3430,0.652777,0.098428
3431,0.640598,0.098354
3432,0.639678,0.097850
3433,0.636366,0.097655
3434,0.638133,0.097832
3435,0.638806,0.097814
3436,0.635383,0.098727
3437,0.619891,0.097538
3438,0.658022,0.099119
3439,0.626165,0.098050
3440,0.673912,0.099653
3441,0.662802,0.097860
3442,0.635822,0.098645
3443,0.635487,0.097790
3444,0.628144,0.098527
3445,0.633590,0.097545
3446,0.639475,0.098294
3447,0.656094,0.097439
3448,0.641777,0.098879
3449,0.644707,0.098078
3450,0.643957,0.098684
3451,0.674124,0.098479
3452,0.639894,0.098959
3453,0.646124,0.097588
3454,0.636749,0.098542
3455,0.647088,0.097567
3456,0.669225,0.098630
3457,0.647828,0.097992
3458,0.631495,0.098442
3459,0.632386,0.097825
3460,0.636896,0.099055
3461,0.641745,0.098211
3462,0.675096,0.099080
3463,0.649551,0.097792
3464,0.637567,0.098504
3465,0.667742,0.097600
3466,0.635498,0.098521
3467,0.661513,0.097723
3468,0.651798,0.099012
3469,0.667011,0.098074
3470,0.693735,0.098920
3471,0.649152,0.097962
3472,0.648701,0.098671
3473,0.670027,0.097664
3474,0.646438,0.098606
3475,0.650052,0.097666
3476,0.666162,0.098784
3477,0.645655,0.097850
3478,0.634343,0.098819
3479,0.640633,0.097917
3480,0.663796,0.098764
3481,0.651469,0.098605
3482,0.644184,0.098851
3483,0.643283,0.098230
3484,0.680577,0.098189
3485,0.638137,0.097962
3486,0.654670,0.097782
3487,0.668629,0.097893
3488,0.647330,0.097945
3489,0.642420,0.098304
3490,0.626976,0.098109
3491,0.641677,0.099378
3492,0.638250,0.098660
3493,0.641938,0.098520
3494,0.663540,0.097967
3495,0.637577,0.098378
3496,0.664245,0.098132
3497,0.661256,0.097959
3498,0.646602,0.097672
3499,0.655598,0.097909
3500,0.667220,0.098253
3501,0.775999,0.099107
3502,0.624842,0.097890
3503,0.644783,0.098733
3504,0.642178,0.098282
3505,0.658027,0.098562
3506,0.648196,0.097918
3507,0.620095,0.098101
3508,0.651077,0.097780
3509,0.628798,0.098044
3510,0.614240,0.098967
3511,0.661961,0.098701
3512,0.651324,0.098313
3513,0.651059,0.098831
3514,0.657971,0.098240
3515,0.637174,0.098376
3516,0.632457,0.097631
3517,0.659944,0.098078
3518,0.665464,0.097876
3519,0.633184,0.098448
3520,0.629689,0.098449
3521,0.659017,0.098787
3522,0.654270,0.098336
3523,0.644465,0.098897
3524,0.630123,0.098270
3525,0.669563,0.098406
3526,0.644091,0.097790
3527,0.622055,0.098273
3528,0.682640,0.097961
3529,0.643965,0.098163
3530,0.646256,0.098036
3531,0.643165,0.098486
3532,0.641271,0.098391
3533,0.654627,0.098293
3534,0.649666,0.098164
3535,0.638449,0.097986
3536,0.638313,0.098630
3537,0.632218,0.097704
3538,0.626865,0.098825
3539,0.672314,0.097828
3540,0.635762,0.099370
3541,0.629257,0.097724
3542,0.647771,0.098957
3543,0.651714,0.097737
3544,0.659717,0.098714
3545,0.683744,0.097943
3546,0.664634,0.098821
3547,0.661355,0.097947
3548,0.669065,0.098517
3549,0.649064,0.098072
3550,0.658336,0.098732
3551,0.654156,0.098469
3552,0.665176,0.098472
3553,0.653441,0.097797
3554,0.654378,0.098684
3555,0.654633,0.097463
3556,0.641775,0.098427
3557,0.631370,0.097859
3558,0.649150,0.098680
3559,0.650944,0.098121
3560,0.640912,0.099056
3561,0.648579,0.098227
3562,0.641938,0.098975
3563,0.659830,0.097771
3564,0.660663,0.099008
3565,0.633327,0.097523
3566,0.647341,0.097784
3567,0.651943,0.097936
3568,0.636363,0.098953
3569,0.646286,0.097887
3570,0.651488,0.099177
3571,0.686267,0.098622
3572,0.676633,0.098714
3573,0.650133,0.098053
3574,0.650648,0.098738
3575,0.670886,0.097576
3576,0.660264,0.098116
3577,0.656595,0.097594
3578,0.653513,0.098252
3579,0.676886,0.097923
3580,0.648775,0.099424
3581,0.650169,0.098491
3582,0.658132,0.099168
3583,0.654867,0.098318
3584,0.666653,0.098542
3585,0.658558,0.097980
3586,0.644594,0.098084
3587,0.651066,0.097710
3588,0.644337,0.098473
3589,0.623779,0.098713
3590,0.646296,0.099127
3591,0.643418,0.098473
3592,0.638641,0.098559
3593,0.652845,0.098687
3594,0.632889,0.097564
3595,0.650360,0.098211
3596,0.658950,0.098063
3597,0.633044,0.097799
3598,0.647497,0.097701
3599,0.651041,0.099322
3600,0.659270,0.098413
3601,0.629252,0.098466
3602,0.650238,0.098169
3603,0.648687,0.098303
3604,0.656822,0.097736
3605,0.676289,0.097806
3606,0.668267,0.097959
3607,0.652875,0.098423
3608,0.638337,0.098166
3609,0.654961,0.098630
3610,0.637531,0.099482
3611,0.648672,0.098893
3612,0.634187,0.098755
3613,0.623318,0.098602
3614,0.661396,0.097836
3615,0.638367,0.098473
3616,0.660173,0.098098
3617,0.660340,0.098561
3618,0.668276,0.097888
3619,0.668755,0.098575
3620,0.662077,0.098993
3621,0.653379,0.098750
3622,0.658865,0.098482
3623,0.650093,0.098521
3624,0.630382,0.097887
3625,0.670544,0.098182
3626,0.650916,0.097818
3627,0.654755,0.098380
3628,0.655290,0.098414
3629,0.632272,0.098867
3630,0.637495,0.098376
3631,0.658712,0.098734
3632,0.653138,0.098763
3633,0.637706,0.098868
3634,0.671399,0.097890
3635,0.627962,0.098220
3636,0.648083,0.098044
3637,0.652693,0.098193
3638,0.647645,0.097776
3639,0.655427,0.098456
3640,0.663869,0.098143
3641,0.648651,0.098403
3642,0.639812,0.099126
3643,0.659802,0.098539
3644,0.661384,0.098549
3645,0.663706,0.098157
3646,0.663858,0.098222
3647,0.659385,0.097776
3648,0.655197,0.098705
3649,0.654027,0.097277
3650,0.651299,0.099044
3651,0.663911,0.098756
3652,0.653280,0.098860
3653,0.664428,0.098012
3654,0.650020,0.098924
3655,0.646559,0.097698
3656,0.660410,0.098866
3657,0.657261,0.097822
3658,0.684559,0.098733
3659,0.647259,0.097858
3660,0.644410,0.099691
3661,0.667005,0.098364
3662,0.638082,0.098452
3663,0.652293,0.098515
3664,0.648595,0.098529
3665,0.659083,0.098234
3666,0.673921,0.098858
3667,0.649920,0.097798
3668,0.644715,0.098442
3669,0.649303,0.098480
3670,0.660313,0.099399
3671,0.658615,0.097831
3672,0.668099,0.099258
3673,0.657841,0.097955
3674,0.657848,0.098711
3675,0.658505,0.097779
3676,0.640085,0.098894
3677,0.655520,0.097879
3678,0.669438,0.098267
3679,0.641269,0.098410
3680,0.638529,0.099233
3681,0.652308,0.098075
3682,0.658404,0.099023
3683,0.627638,0.097979
3684,0.682827,0.098480
3685,0.629526,0.097876
3686,0.643939,0.098772
3687,0.658637,0.097674
3688,0.643022,0.098954
3689,0.647772,0.097899
3690,0.671154,0.098734
3691,0.650704,0.098705
3692,0.634751,0.099432
3693,0.635456,0.097829
3694,0.664247,0.098551
3695,0.659666,0.097670
3696,0.666634,0.098353
3697,0.664607,0.097737
3698,0.657932,0.098133
3699,0.664733,0.098019
3700,0.650202,0.098816
3701,0.637857,0.098136
3702,0.636357,0.098166
3703,0.671734,0.098357
3704,0.683170,0.098784
3705,0.648581,0.097552
3706,0.669042,0.097893
3707,0.665253,0.098297
3708,0.669262,0.098239
3709,0.643308,0.098717
3710,0.633241,0.098613
3711,0.662138,0.098852
3712,0.682217,0.098665
3713,0.642438,0.098931
3714,0.655771,0.098426
3715,0.634530,0.098368
3716,0.668264,0.097843
3717,0.660153,0.098146
3718,0.700695,0.097855
3719,0.654348,0.098443
3720,0.634147,0.098727
3721,0.641602,0.098940
3722,0.663001,0.098385
3723,0.654209,0.099072
3724,0.632884,0.098805
3725,0.650430,0.098711
3726,0.663386,0.098071
3727,0.651489,0.098837
3728,0.659046,0.098727
3729,0.650416,0.098630
3730,0.645756,0.098354
3731,0.648610,0.098925
3732,0.671591,0.099067
3733,0.649787,0.099095
3734,0.651537,0.099112
3735,0.676388,0.098994
3736,0.649120,0.099157
3737,0.651796,0.099148
3738,0.646146,0.098688
3739,0.651378,0.098827
3740,0.677761,0.098418
3741,0.656373,0.099280
3742,0.676450,0.098291
3743,0.640738,0.098491
3744,0.676897,0.098400
3745,0.645567,0.098435
3746,0.635317,0.098442
3747,0.673099,0.098153
3748,0.629918,0.098511
3749,0.674604,0.098141
3750,0.667027,0.097967
3751,0.660808,0.098232
3752,0.653080,0.098527
3753,0.658076,0.098087
3754,0.639348,0.097939
3755,0.653539,0.098061
3756,0.657709,0.098575
3757,0.645187,0.098192
3758,0.658449,0.097656
3759,0.638718,0.098222
3760,0.658106,0.097782
3761,0.638287,0.098084
3762,0.653737,0.098208
3763,0.650063,0.097727
3764,0.652309,0.098089
3765,0.673015,0.098741
3766,0.659900,0.098374
3767,0.676128,0.098301
3768,0.665011,0.098762
3769,0.659638,0.097972
3770,0.650434,0.098554
3771,0.641758,0.098116
3772,0.665836,0.099086
3773,0.673674,0.097849
3774,0.660833,0.098352
3775,0.664858,0.098470
3776,0.648276,0.099084
3777,0.648038,0.098486
3778,0.669270,0.099120
3779,0.687644,0.098031
3780,0.667160,0.098577
3781,0.674326,0.097916
3782,0.647379,0.098755
3783,0.659289,0.097824
3784,0.647540,0.099160
3785,0.670024,0.098316
3786,0.677567,0.098937
3787,0.641256,0.098197
3788,0.646878,0.099096
3789,0.632647,0.098201
3790,0.651297,0.098872
3791,0.671947,0.098122
3792,0.647230,0.098672
3793,0.697477,0.098143
3794,0.654261,0.098546
3795,0.654779,0.098120
3796,0.658532,0.099154
3797,0.655723,0.097990
3798,0.648114,0.098509
3799,0.652378,0.098120
3800,0.650126,0.098702
3801,0.660041,0.098275
3802,0.684994,0.098004
3803,0.662951,0.098057
3804,0.645424,0.098459
3805,0.670951,0.098153
3806,0.654871,0.098554
3807,0.673394,0.098102
3808,0.655394,0.098737
3809,0.647480,0.097931
3810,0.650433,0.098275
3811,0.662656,0.098315
3812,0.634761,0.098500
3813,0.645338,0.097843
3814,0.652164,0.098288
3815,0.670816,0.097718
3816,0.666331,0.097984
3817,0.666332,0.097956
3818,0.659645,0.098744
3819,0.648968,0.097770
3820,0.666527,0.098585
3821,0.676795,0.098789
3822,0.638216,0.098568
3823,0.672585,0.098330
3824,0.665634,0.098676
3825,0.660589,0.097783
3826,0.667764,0.097701
3827,0.675934,0.098638
3828,0.664160,0.098710
3829,0.645978,0.098723
3830,0.652939,0.098376
3831,0.647247,0.098877
3832,0.663439,0.098556
3833,0.668860,0.099025
3834,0.653282,0.098557
3835,0.680064,0.097906
3836,0.653397,0.098049
3837,0.660194,0.098841
3838,0.660259,0.098445
3839,0.661552,0.098583
3840,0.675147,0.098349
3841,0.658897,0.098555
3842,0.657900,0.098365
3843,0.675124,0.098572
3844,0.662574,0.098224
3845,0.652716,0.098270
3846,0.680955,0.098123
3847,0.664207,0.098363
3848,0.712739,0.098550
3849,0.664919,0.098771
3850,0.676830,0.098531
3851,0.677324,0.098141
3852,0.637776,0.098196
3853,0.665259,0.097968
3854,0.653315,0.097988
3855,0.659808,0.097692
3856,0.658498,0.098203
3857,0.651903,0.098144
3858,0.647107,0.099168
3859,0.671542,0.098489
3860,0.670898,0.098267
3861,0.671048,0.098265
3862,0.667019,0.097692
3863,0.682777,0.098169
3864,0.662385,0.098271
3865,0.684804,0.097765
3866,0.651199,0.097649
3867,0.659765,0.097855
3868,0.663278,0.098619
3869,0.644444,0.098178
3870,0.653425,0.098937
3871,0.668380,0.098125
3872,0.668043,0.098692
3873,0.655810,0.098023
3874,0.674771,0.098920
3875,0.644317,0.098372
3876,0.649997,0.098559
3877,0.664319,0.098159
3878,0.653271,0.099025
3879,0.688504,0.098274
3880,0.664810,0.099619
3881,0.666657,0.098056
3882,0.665765,0.098872
3883,0.663534,0.097896
3884,0.661648,0.098639
3885,0.659350,0.097572
3886,0.660251,0.098023
3887,0.669906,0.097916
3888,0.670558,0.098507
3889,0.648044,0.098506
3890,0.671136,0.098938
3891,0.646051,0.098379
3892,0.642408,0.099017
3893,0.636380,0.098636
3894,0.670076,0.098613
3895,0.687392,0.097630
3896,0.661766,0.098706
3897,0.660484,0.097838
3898,0.696489,0.098266
3899,0.682820,0.097998
3900,0.687740,0.098793
3901,0.681910,0.099015
3902,0.662489,0.098498
3903,0.641435,0.098230
3904,0.670040,0.098258
3905,0.656926,0.098177
3906,0.645045,0.098070
3907,0.662080,0.097937
3908,0.658270,0.098340
3909,0.651346,0.098351
3910,0.649343,0.098163
3911,0.647099,0.098439
3912,0.660359,0.098363
3913,0.642933,0.097687
3914,0.667459,0.098034
3915,0.658716,0.097929
3916,0.666224,0.098015
3917,0.655668,0.098007
3918,0.673890,0.098588
3919,0.662986,0.097967
3920,0.658238,0.098519
3921,0.667958,0.099092
3922,0.657786,0.098459
3923,0.681825,0.098780
3924,0.652562,0.098677
3925,0.647626,0.098341
3926,0.697628,0.097887
3927,0.651643,0.098544
3928,0.671327,0.098589
3929,0.653763,0.098558
3930,0.676557,0.098117
3931,0.682715,0.098707
3932,0.662615,0.098405
3933,0.656763,0.098815
3934,0.661142,0.098401
3935,0.706042,0.098336
3936,0.678606,0.098163
3937,0.657952,0.098243
3938,0.657860,0.098484
3939,0.667592,0.098766
3940,0.670222,0.098285
3941,0.661266,0.098428
3942,0.661223,0.098502
3943,0.682016,0.098861
3944,0.669019,0.098323
3945,0.648496,0.098151
3946,0.686653,0.097786
3947,0.643522,0.098466
3948,0.655200,0.098420
3949,0.660265,0.098384
3950,0.669311,0.098102
3951,0.668866,0.097867
3952,0.650997,0.098211
3953,0.689565,0.098098
3954,0.695363,0.098228
3955,0.673455,0.097852
3956,0.664091,0.098342
3957,0.677626,0.098477
3958,0.664313,0.098150
3959,0.681429,0.098611
3960,0.667266,0.097900
3961,0.664944,0.097890
3962,0.686630,0.097645
3963,0.690039,0.097948
3964,0.641373,0.098150
3965,0.662730,0.097880
3966,0.672256,0.098390
3967,0.665382,0.098747
3968,0.651157,0.098932
3969,0.676427,0.098238
3970,0.666352,0.098159
3971,0.673587,0.098035
3972,0.648530,0.098539
3973,0.662712,0.098042
3974,0.665266,0.098368
3975,0.657271,0.097895
3976,0.675178,0.098989
3977,0.654375,0.098672
3978,0.665413,0.099085
3979,0.644361,0.098156
3980,0.675382,0.099185
3981,0.661357,0.098073
3982,0.653884,0.098731
3983,0.678946,0.097781
3984,0.673987,0.098378
3985,0.684540,0.097826
3986,0.659878,0.098571
3987,0.677382,0.098299
3988,0.671501,0.098719
3989,0.662555,0.098165
3990,0.645491,0.098677
3991,0.667716,0.097953
3992,0.674538,0.098880
3993,0.656033,0.097966
3994,0.674429,0.098148
3995,0.640791,0.098207
3996,0.671220,0.098338
3997,0.663385,0.098343
3998,0.659118,0.098720
3999,0.641297,0.098320
4000,0.684761,0.099023
4001,0.705528,0.098249
4002,0.683644,0.097686
4003,0.686111,0.097849
4004,0.678991,0.098262
4005,0.656683,0.098175
4006,0.682920,0.098328
4007,0.657953,0.098008
4008,0.677527,0.098228
4009,0.668382,0.097670
4010,0.661208,0.098627
4011,0.669638,0.097884
4012,0.668766,0.097958
4013,0.685514,0.097984
4014,0.676380,0.098711
4015,0.667485,0.098260
4016,0.663534,0.098855
4017,0.667630,0.098281
4018,0.652555,0.098375
4019,0.653017,0.097712
4020,0.669722,0.098165
4021,0.654496,0.098260
4022,0.665427,0.098123
4023,0.659618,0.098986
4024,0.663916,0.098772
4025,0.674994,0.098492
4026,0.675911,0.098289
4027,0.670343,0.098682
4028,0.645868,0.098517
4029,0.659214,0.098006
4030,0.675247,0.097937
4031,0.662369,0.098158
4032,0.655582,0.098273
4033,0.680695,0.098549
4034,0.655685,0.098490
4035,0.663674,0.098690
4036,0.680238,0.098514
4037,0.657510,0.098783
4038,0.673356,0.098291
4039,0.676415,0.098189
4040,0.678832,0.097604
4041,0.654556,0.098018
4042,0.662616,0.098283
4043,0.671445,0.098736
4044,0.668425,0.098460
4045,0.689437,0.098394
4046,0.665904,0.098626
4047,0.658014,0.099058
4048,0.691984,0.098249
4049,0.679611,0.098446
4050,0.666228,0.097628
4051,0.680418,0.098168
4052,0.688259,0.097894
4053,0.678306,0.098315
4054,0.673987,0.098320
4055,0.652454,0.098831
4056,0.699823,0.098363
4057,0.670127,0.098494
4058,0.652706,0.097913
4059,0.664936,0.097729
4060,0.679502,0.098131
4061,0.673362,0.097805
4062,0.694299,0.098244
4063,0.669142,0.098466
4064,0.656806,0.099299
4065,0.675263,0.098385
4066,0.667740,0.099002
4067,0.619095,0.098489
4068,0.661667,0.099048
4069,0.671223,0.097665
4070,0.675761,0.098419
4071,0.683302,0.097520
4072,0.668973,0.098504
4073,0.673000,0.097968
4074,0.699718,0.098572
4075,0.679170,0.098276
4076,0.665166,0.099209
4077,0.683263,0.098569
4078,0.676036,0.099128
4079,0.643953,0.098226
4080,0.690779,0.098666
4081,0.660246,0.097695
4082,0.696071,0.098427
4083,0.652404,0.098105
4084,0.647105,0.098725
4085,0.665089,0.098001
4086,0.664978,0.098788
4087,0.664249,0.098474
4088,0.669319,0.099056
4089,0.680386,0.098253
4090,0.668189,0.098224
4091,0.653395,0.097724
4092,0.677331,0.098487
4093,0.688423,0.098249
4094,0.659676,0.098529
4095,0.675153,0.098299
4096,0.658378,0.099259
4097,0.659416,0.098600
4098,0.683091,0.099561
4099,0.680048,0.098256
4100,0.678322,0.098588
4101,0.663997,0.098494
4102,0.661275,0.098459
4103,0.673657,0.098000
4104,0.675306,0.098390
4105,0.667985,0.098127
4106,0.661277,0.099155
4107,0.663683,0.097884
4108,0.656689,0.098591
4109,0.675432,0.097710
4110,0.677541,0.097825
4111,0.690070,0.098334
4112,0.689594,0.097939
4113,0.678074,0.098156
4114,0.685685,0.098242
4115,0.667743,0.098491
4116,0.676989,0.099105
4117,0.684794,0.099167
4118,0.667970,0.098258
4119,0.676098,0.098196
4120,0.660649,0.098193
4121,0.658122,0.098455
4122,0.682525,0.097816
4123,0.677700,0.098429
4124,0.664466,0.098367
4125,0.652399,0.098912
4126,0.668409,0.098545
4127,0.664021,0.098500
4128,0.665957,0.098043
4129,0.715399,0.098245
4130,0.707666,0.098317
4131,0.653779,0.098451
4132,0.692693,0.098500
4133,0.678571,0.098675
4134,0.717848,0.098252
4135,0.695548,0.098971
4136,0.666652,0.098739
4137,0.694312,0.098668
4138,0.685925,0.097993
4139,0.667813,0.098307
4140,0.671631,0.098028
4141,0.652391,0.098646
4142,0.666593,0.098003
4143,0.654031,0.098724
4144,0.683178,0.098848
4145,0.689121,0.098691
4146,0.666711,0.098489
4147,0.669145,0.098285
4148,0.650126,0.098237
4149,0.687654,0.098224
4150,0.675931,0.098321
4151,0.674497,0.098425
4152,0.659749,0.098595
4153,0.661234,0.098089
4154,0.677040,0.098571
4155,0.713103,0.098408
4156,0.671050,0.098464
4157,0.657749,0.098295
4158,0.680853,0.098452
4159,0.679014,0.098376
4160,0.660024,0.097805
4161,0.711830,0.098224
4162,0.668631,0.097784
4163,0.703002,0.098461
4164,0.668888,0.098257
4165,0.657262,0.097855
4166,0.677000,0.098070
4167,0.675075,0.097983
4168,0.659542,0.098971
4169,0.658900,0.098131
4170,0.667851,0.098028
4171,0.678282,0.098205
4172,0.673993,0.098431
4173,0.651527,0.098293
4174,0.690276,0.098932
4175,0.663796,0.097771
4176,0.685160,0.098622
4177,0.669021,0.097919
4178,0.660808,0.099165
4179,0.669351,0.098214
4180,0.704820,0.099069
4181,0.664830,0.098223
4182,0.662266,0.098770
4183,0.672306,0.098085
4184,0.678976,0.098494
4185,0.680961,0.097982
4186,0.698994,0.098294
4187,0.689673,0.097981
4188,0.760161,0.098939
4189,0.686297,0.097697
4190,0.661516,0.098383
4191,0.671050,0.098084
4192,0.663521,0.099141
4193,0.688475,0.098401
4194,0.676964,0.098599
4195,0.689173,0.097985
4196,0.654991,0.098591
4197,0.655884,0.098243
4198,0.687508,0.098989
4199,0.650920,0.097798
4200,0.687730,0.098206
4201,0.670802,0.098643
4202,0.644747,0.098128
4203,0.668416,0.097951
4204,0.686587,0.098309
4205,0.675314,0.098431
4206,0.664003,0.098571
4207,0.662736,0.098229
4208,0.699940,0.098426
4209,0.678949,0.097461
4210,0.685893,0.098117
4211,0.691632,0.097573
4212,0.677479,0.097847
4213,0.679147,0.098027
4214,0.645808,0.098542
4215,0.669253,0.098742
4216,0.689887,0.098775
4217,0.671287,0.099400
4218,0.678353,0.098121
4219,0.659666,0.098741
4220,0.685486,0.097830
4221,0.677778,0.098164
4222,0.679351,0.097963
4223,0.694031,0.098250
4224,0.672467,0.098640
4225,0.668514,0.098523
4226,0.677933,0.098636
4227,0.666198,0.099011
4228,0.697670,0.098655
4229,0.698144,0.099311
4230,0.675446,0.098367
4231,0.650710,0.098119
4232,0.681843,0.097975
4233,0.683921,0.098407
4234,0.667245,0.098558
4235,0.678106,0.098749
4236,0.685667,0.098463
4237,0.661714,0.098662
4238,0.670257,0.098547
4239,0.671566,0.098853
4240,0.691644,0.098319
4241,0.650179,0.098508
4242,0.655084,0.098110
4243,0.683751,0.098667
4244,0.683483,0.098235
4245,0.671120,0.098851
4246,0.673421,0.098530
4247,0.690078,0.098622
4248,0.672757,0.098580
4249,0.652695,0.098315
4250,0.684665,0.097891
4251,0.665383,0.098234
4252,0.696670,0.098546
4253,0.686198,0.097786
4254,0.684267,0.098151
4255,0.684556,0.098471
4256,0.680928,0.098298
4257,0.667255,0.098480
4258,0.689295,0.097605
4259,0.685402,0.097925
4260,0.669505,0.097688
4261,0.673655,0.098043
4262,0.711895,0.097932
4263,0.684122,0.097664
4264,0.706969,0.098490
4265,0.680387,0.098480
4266,0.699367,0.098973
4267,0.679014,0.098322
4268,0.690609,0.099051
4269,0.676241,0.098132
4270,0.682891,0.098147
4271,0.679765,0.097660
4272,0.676237,0.098406
4273,0.678248,0.098145
4274,0.682560,0.098800
4275,0.696556,0.098519
4276,0.666919,0.098757
4277,0.675313,0.098317
4278,0.660434,0.099404
4279,0.675665,0.098210
4280,0.688963,0.098443
4281,0.679269,0.097754
4282,0.656404,0.098320
4283,0.667666,0.098641
4284,0.687916,0.099074
4285,0.680976,0.098292
4286,0.689379,0.098384
4287,0.695943,0.098012
4288,0.688029,0.099454
4289,0.677558,0.098091
4290,0.679586,0.098096
4291,0.677173,0.097812
4292,0.671294,0.098373
4293,0.674335,0.098170
4294,0.701005,0.099076
4295,0.689018,0.098150
4296,0.665948,0.098551
4297,0.715094,0.097927
4298,0.690243,0.098986
4299,0.666039,0.097935
4300,0.684165,0.098973
4301,0.657578,0.098227
4302,0.674971,0.098248
4303,0.676973,0.098298
4304,0.664627,0.098309
4305,0.696981,0.098193
4306,0.669009,0.098040
4307,0.677147,0.098036
4308,0.682126,0.098855
4309,0.675321,0.097609
4310,0.696394,0.097699
4311,0.703793,0.097452
4312,0.660474,0.097935
4313,0.691223,0.098499
4314,0.651899,0.098519
4315,0.663169,0.098906
4316,0.667900,0.098408
4317,0.687538,0.098963
4318,0.658034,0.098495
4319,0.681153,0.098564
4320,0.681151,0.097891
4321,0.652558,0.098224
4322,0.693479,0.097984
4323,0.681121,0.098748
4324,0.702627,0.098352
4325,0.692449,0.098440
4326,0.670404,0.098463
4327,0.677100,0.099046
4328,0.687650,0.098658
4329,0.670923,0.098488
4330,0.695503,0.097988
4331,0.675894,0.098320
4332,0.686723,0.098568
4333,0.677310,0.098609
4334,0.695137,0.098349
4335,0.678824,0.098482
4336,0.686752,0.098923
4337,0.690993,0.098647
4338,0.671826,0.098084
4339,0.691409,0.098485
4340,0.650481,0.098109
4341,0.650259,0.098271
4342,0.675569,0.098436
4343,0.689887,0.098499
4344,0.714061,0.098505
4345,0.679166,0.098262
4346,0.681673,0.098915
4347,0.693469,0.098947
4348,0.675318,0.098459
4349,0.676340,0.098579
4350,0.700393,0.097732
4351,0.698698,0.098333
4352,0.717884,0.098379
4353,0.697259,0.097805
4354,0.708362,0.097962
4355,0.672174,0.098432
4356,0.685844,0.098308
4357,0.689344,0.098873
4358,0.713593,0.097734
4359,0.699331,0.097779
4360,0.699761,0.098211
4361,0.677507,0.098381
4362,0.671682,0.098330
4363,0.667762,0.097992
4364,0.700352,0.098276
4365,0.687823,0.098319
4366,0.698715,0.099143
4367,0.677455,0.098740
4368,0.691497,0.098898
4369,0.665802,0.097980
4370,0.658671,0.098585
4371,0.680964,0.098433
4372,0.688386,0.099172
4373,0.672119,0.098220
4374,0.666699,0.098485
4375,0.670059,0.098498
4376,0.672577,0.099318
4377,0.690373,0.098215
4378,0.673256,0.098918
4379,0.684118,0.098039
4380,0.695531,0.099042
4381,0.690447,0.097958
4382,0.714907,0.098603
4383,0.693352,0.097915
4384,0.676112,0.098927
4385,0.711003,0.098068
4386,0.677390,0.098807
4387,0.695480,0.098159
4388,0.664706,0.098992
4389,0.677300,0.098102
4390,0.677136,0.098895
4391,0.700023,0.098471
4392,0.676233,0.098843
4393,0.704271,0.098275
4394,0.682202,0.098603
4395,0.672700,0.097966
4396,0.693052,0.099199
4397,0.683915,0.098659
4398,0.690859,0.098288
4399,0.691998,0.098379
4400,0.695525,0.099190
4401,0.679655,0.099225
4402,0.686177,0.098537
4403,0.703415,0.097858
4404,0.676496,0.098380
4405,0.677203,0.099272
4406,0.674946,0.097973
4407,0.675197,0.097709
4408,0.694701,0.098411
4409,0.701313,0.097742
4410,0.683979,0.098501
4411,0.665335,0.098464
4412,0.697070,0.098235
4413,0.669074,0.098250
4414,0.688463,0.099609
4415,0.683413,0.098412
4416,0.683845,0.099193
4417,0.678037,0.097856
4418,0.687955,0.098161
4419,0.704755,0.098132
4420,0.704316,0.098364
4421,0.687678,0.097615
4422,0.657916,0.097860
4423,0.666583,0.098793
4424,0.682268,0.098260
4425,0.694978,0.098011
4426,0.691940,0.098100
4427,0.690865,0.097838
4428,0.666028,0.098810
4429,0.680146,0.098412
4430,0.706503,0.098258
4431,0.698479,0.101674
4432,0.680059,0.097752
4433,0.706245,0.097122
4434,0.709448,0.097786
4435,0.733666,0.097349
4436,0.676170,0.097874
4437,0.673794,0.097915
4438,0.680754,0.098338
4439,0.669132,0.098601
4440,0.697011,0.099660
4441,0.676735,0.098837
4442,0.679953,0.098041
4443,0.695007,0.097655
4444,0.677890,0.102410
4445,0.702825,0.097528
4446,0.700217,0.097529
4447,0.700935,0.097249
4448,0.694572,0.097481
4449,0.687443,0.099256
4450,0.669835,0.098549
4451,0.678869,0.098312
4452,0.688357,0.099405
4453,0.682539,0.098600
4454,0.640599,0.099744
4455,0.712603,0.096091
4456,0.709435,0.099928
4457,0.682721,0.097608
4458,0.660661,0.098652
4459,0.688121,0.097938
4460,0.662904,0.098724
4461,0.685615,0.098353
4462,0.677311,0.099131
4463,0.699060,0.096433
4464,0.664928,0.099070
4465,0.686699,0.097306
4466,0.702120,0.097730
4467,0.687272,0.097592
4468,0.674643,0.098199
4469,0.682016,0.097644
4470,0.709234,0.098614
4471,0.715935,0.098698
4472,0.678101,0.098831
4473,0.685292,0.098346
4474,0.677632,0.098294
4475,0.691205,0.098305
4476,0.673273,0.097877
4477,0.726390,0.098125
4478,0.681265,0.098431
4479,0.677522,0.097819
4480,0.693780,0.099362
4481,0.709582,0.097559
4482,0.692911,0.098744
4483,0.697316,0.098613
4484,0.673979,0.099216
4485,0.683923,0.097577
4486,0.711241,0.098062
4487,0.693434,0.098513
4488,0.714587,0.098394
4489,0.689192,0.098007
4490,0.709519,0.098182
4491,0.679072,0.097934
4492,0.718743,0.097498
4493,0.722535,0.098544
4494,0.710268,0.098036
4495,0.676357,0.098015
4496,0.696024,0.098583
4497,0.691588,0.097750
4498,0.685741,0.098012
4499,0.677202,0.098050
4500,0.684007,0.098197
4501,0.677273,0.097836
4502,0.687550,0.098237
4503,0.729339,0.097699
4504,0.699403,0.098847
4505,0.686486,0.097738
4506,0.710516,0.098396
4507,0.692870,0.098714
4508,0.693828,0.098619
4509,0.691934,0.098128
4510,0.697055,0.098562
4511,0.704704,0.097998
4512,0.665405,0.098802
4513,0.686141,0.099354
4514,0.680363,0.098081
4515,0.705508,0.097573
4516,0.702088,0.098621
4517,0.723070,0.098012
4518,0.679815,0.099750
4519,0.715838,0.099463
4520,0.672329,0.098423
4521,0.695028,0.097638
4522,0.676177,0.098490
4523,0.684241,0.098102
4524,0.684864,0.098225
4525,0.689309,0.097548
4526,0.682843,0.098554
4527,0.715312,0.098347
4528,0.682973,0.098854
4529,0.687191,0.097913
4530,0.680300,0.098231
4531,0.669173,0.098113
4532,0.694240,0.098232
4533,0.687137,0.097816
4534,0.691003,0.097913
4535,0.691903,0.097830
4536,0.690639,0.098487
4537,0.672086,0.098391
4538,0.706286,0.098191
4539,0.691318,0.098279
4540,0.684971,0.098358
4541,0.673835,0.098384
4542,0.698863,0.097833
4543,0.677490,0.097791
4544,0.688022,0.097841
4545,0.668314,0.097861
4546,0.683538,0.098182
4547,0.693634,0.097971
4548,0.717432,0.098191
4549,0.693726,0.098323
4550,0.689322,0.097900
4551,0.723819,0.097295
4552,0.677949,0.097596
4553,0.679443,0.098146
4554,0.685650,0.098007
4555,0.685521,0.098408
4556,0.702717,0.102971
4557,0.710086,0.098206
4558,0.694015,0.099818
4559,0.690070,0.098716
4560,0.699782,0.097806
4561,0.713060,0.097932
4562,0.678408,0.097476
4563,0.668908,0.098059
4564,0.709200,0.098282
4565,0.681783,0.100143
4566,0.728093,0.098252
4567,0.700614,0.098457
4568,0.699044,0.097777
4569,0.682277,0.098217
4570,0.711377,0.097461
4571,0.696912,0.098024
4572,0.673542,0.097994
4573,0.697493,0.098247
4574,0.666174,0.098371
4575,0.704657,0.098880
4576,0.679181,0.098316
4577,0.687077,0.098571
4578,0.694189,0.097542
4579,0.700781,0.097772
4580,0.708759,0.097930
4581,0.694993,0.101430
4582,0.682376,0.097764
4583,0.707928,0.098038
4584,0.716443,0.097962
4585,0.690605,0.098520
4586,0.688038,0.098506
4587,0.689809,0.099107
4588,0.706363,0.098238
4589,0.699142,0.098796
4590,0.681829,0.100451
4591,0.705487,0.097773
4592,0.714320,0.097801
4593,0.695224,0.097866
4594,0.661633,0.097830
4595,0.686520,0.103095
4596,0.678702,0.113149
4597,0.694751,0.097561
4598,0.699773,0.096901
4599,0.706479,0.097788
4600,0.689932,0.098039
4601,0.686692,0.098091
4602,0.690963,0.098848
4603,0.685596,0.098228
4604,0.688008,0.100043
4605,0.687127,0.098137
4606,0.684506,0.097874
4607,0.692645,0.095911
4608,0.694626,0.097838
4609,0.708021,0.097903
4610,0.687138,0.098615
4611,0.666657,0.098116
4612,0.683732,0.098038
4613,0.675459,0.098836
4614,0.689912,0.099307
4615,0.681876,0.098458
4616,0.699601,0.097918
4617,0.692134,0.097496
4618,0.702338,0.109629
4619,0.685883,0.097239
4620,0.693707,0.097080
4621,0.715733,0.096726
4622,0.707358,0.097975
4623,0.667182,0.098711
4624,0.681288,0.099249
4625,0.702877,0.098279
4626,0.689063,0.098097
4627,0.709001,0.099540
4628,0.685846,0.098927
4629,0.709253,0.097600
4630,0.698847,0.097528
4631,0.721187,0.097515
4632,0.739636,0.098051
4633,0.681129,0.097896
4634,0.699837,0.100743
4635,0.699700,0.097938
4636,0.706725,0.098909
4637,0.680370,0.098818
4638,0.694225,0.098714
4639,0.710801,0.097461
4640,0.693488,0.097496
4641,0.691546,0.097789
4642,0.692705,0.097790
4643,0.696875,0.097986
4644,0.715614,0.097676
4645,0.710859,0.097712
4646,0.692865,0.098515
4647,0.690259,0.098402
4648,0.706473,0.098071
4649,0.697795,0.097298
4650,0.696386,0.097509
4651,0.695413,0.098473
4652,0.698059,0.098315
4653,0.678072,0.099359
4654,0.704947,0.098606
4655,0.698123,0.098582
4656,0.677434,0.098863
4657,0.685913,0.097647
4658,0.721021,0.098274
4659,0.719312,0.097459
4660,0.685737,0.098441
4661,0.702174,0.098369
4662,0.696508,0.102738
4663,0.688327,0.098735
4664,0.686334,0.098091
4665,0.691039,0.100411
4666,0.710831,0.098590
4667,0.690268,0.097682
4668,0.703961,0.098348
4669,0.685954,0.097818
4670,0.676516,0.099795
4671,0.687225,0.098197
4672,0.682912,0.098470
4673,0.684946,0.097932
4674,0.683574,0.098330
4675,0.700289,0.098098
4676,0.690852,0.098223
4677,0.695475,0.097272
4678,0.675439,0.097928
4679,0.693477,0.098567
4680,0.705738,0.098627
4681,0.687786,0.098301
4682,0.688059,0.097616
4683,0.703131,0.098547
4684,0.702221,0.097677
4685,0.717768,0.098007
4686,0.684441,0.097591
4687,0.696450,0.097726
4688,0.694155,0.098080
4689,0.691878,0.098683
4690,0.687808,0.105602
4691,0.713713,0.098766
4692,0.688077,0.104632
4693,0.686544,0.097454
4694,0.702280,0.097614
4695,0.690575,0.097178
4696,0.688578,0.097257
4697,0.699211,0.097693
4698,0.711241,0.097753
4699,0.697708,0.099857
4700,0.705526,0.098099
4701,0.699922,0.097433
4702,0.694082,0.097564
4703,0.713126,0.097449
4704,0.672315,0.097430
4705,0.686423,0.097681
4706,0.704787,0.097557
4707,0.681655,0.099764
4708,0.698103,0.098569
4709,0.695507,0.099004
4710,0.707645,0.099024
4711,0.678578,0.098223
4712,0.702822,0.096320
4713,0.713885,0.097719
4714,0.733886,0.097713
4715,0.694100,0.097781
4716,0.715530,0.098028
4717,0.696685,0.102679
4718,0.696996,0.098396
4719,0.703654,0.099019
4720,0.718625,0.102461
4721,0.716501,0.101714
4722,0.683827,0.097327
4723,0.678522,0.097775
4724,0.699062,0.097532
4725,0.707148,0.097725
4726,0.702832,0.098635
4727,0.693861,0.099446
4728,0.685065,0.098234
4729,0.744646,0.099165
4730,0.707321,0.098493
4731,0.711137,0.097996
4732,0.692936,0.097708
4733,0.711284,0.097714
4734,0.690686,0.097594
4735,0.706894,0.097977
4736,0.716835,0.098412
4737,0.707722,0.098044
4738,0.701013,0.098617
4739,0.693874,0.099049
4740,0.715265,0.098628
4741,0.745427,0.098735
4742,0.733346,0.097881
4743,0.707740,0.098191
4744,0.704471,0.097906
4745,0.692129,0.097935
4746,0.688179,0.097978
4747,0.682714,0.098028
4748,0.756688,0.098541
4749,0.701827,0.098314
4750,0.712138,0.098102
4751,0.669954,0.097222
4752,0.699122,0.097894
4753,0.688370,0.097279
4754,0.697226,0.098066
4755,0.694664,0.098371
4756,0.694685,0.098889
4757,0.699868,0.098029
4758,0.698445,0.098673
4759,0.713755,0.097867
4760,0.719185,0.098266
4761,0.703664,0.097197
4762,0.708326,0.097729
4763,0.715749,0.097323
4764,0.704678,0.097122
4765,0.686869,0.097653
4766,0.702178,0.098064
4767,0.697854,0.097898
4768,0.681051,0.097957
4769,0.714878,0.098241
4770,0.718654,0.098174
4771,0.686408,0.097629
4772,0.701991,0.097720
4773,0.710853,0.097517
4774,0.668404,0.097038
4775,0.683778,0.098280
4776,0.681905,0.097721
4777,0.688019,0.097712
4778,0.704908,0.097841
4779,0.705393,0.097727
4780,0.682801,0.097788
4781,0.708841,0.097994
4782,0.723309,0.097589
4783,0.697453,0.097570
4784,0.677837,0.097058
4785,0.688218,0.098143
4786,0.691891,0.100564
4787,0.692722,0.097813
4788,0.700653,0.098146
4789,0.706687,0.098025
4790,0.705502,0.098572
4791,0.682808,0.098245
4792,0.711234,0.098567
4793,0.707113,0.097634
4794,0.699729,0.098376
4795,0.691388,0.097861
4796,0.733184,0.097990
4797,0.696502,0.097678
4798,0.699950,0.102241
4799,0.690978,0.097420
4800,0.692867,0.098161
4801,0.712063,0.097504
4802,0.713786,0.097469
4803,0.689442,0.098088
4804,0.677341,0.097895
4805,0.684661,0.097825
4806,0.665680,0.096795
4807,0.702351,0.097868
4808,0.706436,0.097962
4809,0.694215,0.097466
4810,0.686729,0.098583
4811,0.706792,0.108794
4812,0.696205,0.096772
4813,0.695225,0.097299
4814,0.733886,0.097155
4815,0.680677,0.097600
4816,0.727321,0.097496
4817,0.698844,0.097779
4818,0.683903,0.097911
4819,0.707103,0.097912
4820,0.702892,0.100458
4821,0.707461,0.098582
4822,0.695428,0.097147
4823,0.688770,0.097513
4824,0.691758,0.097706
4825,0.713863,0.097599
4826,0.731840,0.097538
4827,0.697983,0.097831
4828,0.706942,0.098771
4829,0.698029,0.097310
4830,0.699680,0.098988
4831,0.722916,0.098121
4832,0.711469,0.098318
4833,0.709693,0.097565
4834,0.694679,0.097399
4835,0.718840,0.097476
4836,0.700312,0.097712
4837,0.687650,0.097890
4838,0.719457,0.096723
4839,0.689735,0.098110
4840,0.716662,0.098932
4841,0.700951,0.097648
4842,0.703909,0.097789
4843,0.685313,0.100170
4844,0.695405,0.097516
4845,0.727349,0.097217
4846,0.724056,0.097242
4847,0.684195,0.098581
4848,0.698580,0.097863
4849,0.713057,0.098041
4850,0.724825,0.098229
4851,0.713665,0.097558
4852,0.714098,0.097796
4853,0.665916,0.097953
4854,0.709144,0.097874
4855,0.705600,0.098146
4856,0.693832,0.099011
4857,0.708312,0.097480
4858,0.712717,0.097540
4859,0.702128,0.097728
4860,0.698841,0.099020
4861,0.718587,0.097954
4862,0.726403,0.097786
4863,0.704793,0.098317
4864,0.698335,0.097765
4865,0.719365,0.098132
4866,0.734060,0.098041
4867,0.704711,0.098332
4868,0.697641,0.097279
4869,0.707099,0.098494
4870,0.702076,0.097746
4871,0.678285,0.098035
4872,0.694960,0.098292
4873,0.699040,0.099018
4874,0.719767,0.097735
4875,0.708019,0.097673
4876,0.718876,0.098801
4877,0.743299,0.098052
4878,0.730369,0.097595
4879,0.692695,0.097192
4880,0.714898,0.098153
4881,0.696258,0.097399
4882,0.775558,0.098433
4883,0.692284,0.097161
4884,0.720288,0.097770
4885,0.697435,0.097509
4886,0.697169,0.098534
4887,0.699769,0.097729
4888,0.766583,0.098114
4889,0.687619,0.097530
4890,0.691962,0.098198
4891,0.675685,0.097868
4892,0.698155,0.098562
4893,0.683512,0.098089
4894,0.698225,0.097935
4895,0.711105,0.098332
4896,0.721175,0.098440
4897,0.704794,0.097764
4898,0.687757,0.097809
4899,0.707379,0.097785
4900,0.689731,0.097826
4901,0.723470,0.097826
4902,0.715857,0.098003
4903,0.705029,0.097616
4904,0.680332,0.098957
4905,0.733186,0.099713
4906,0.678498,0.097916
4907,0.716247,0.097497
4908,0.720792,0.102787
4909,0.694681,0.097164
4910,0.699127,0.098218
4911,0.706221,0.097719
4912,0.702168,0.098663
4913,0.678267,0.097462
4914,0.681261,0.100123
4915,0.723364,0.097717
4916,0.708485,0.098067
4917,0.689028,0.097996
4918,0.719105,0.098016
4919,0.709808,0.097619
4920,0.678048,0.098363
4921,0.686705,0.097636
4922,0.685532,0.097819
4923,0.738832,0.098549
4924,0.693406,0.098436
4925,0.725893,0.097829
4926,0.707890,0.097754
4927,0.707096,0.097717
4928,0.724169,0.097552
4929,0.703396,0.097674
4930,0.700799,0.097633
4931,0.709644,0.098290
4932,0.720612,0.098386
4933,0.715519,0.098040
4934,0.693332,0.098035
4935,0.721227,0.097961
4936,0.712604,0.097873
4937,0.670992,0.096989
4938,0.710364,0.097601
4939,0.704599,0.106065
4940,0.685205,0.097199
4941,0.722709,0.097522
4942,0.726277,0.097205
4943,0.765851,0.097919
4944,0.723160,0.098618
4945,0.681657,0.097920
4946,0.689767,0.097885
4947,0.728497,0.097456
4948,0.715985,0.098846
4949,0.708228,0.097470
4950,0.739595,0.097868
4951,0.692866,0.096410
4952,0.700295,0.097884
4953,0.709150,0.098282
4954,0.706453,0.097704
4955,0.708792,0.098798
4956,0.713169,0.097898
4957,0.692830,0.098051
4958,0.711581,0.097629
4959,0.692784,0.098236
4960,0.721446,0.098009
4961,0.690923,0.097838
4962,0.771464,0.097726
4963,0.673539,0.097828
4964,0.698127,0.097905
4965,0.685664,0.098395
4966,0.702545,0.097909
4967,0.713693,0.098772
4968,0.692932,0.097926
4969,0.699863,0.097979
4970,0.722260,0.097799
4971,0.731058,0.097855
4972,0.701778,0.097919
4973,0.724871,0.097843
4974,0.706095,0.097742
4975,0.692552,0.097912
4976,0.722675,0.102100
4977,0.722905,0.097782
4978,0.705448,0.097579
4979,0.722045,0.097713
4980,0.737662,0.097533
4981,0.714184,0.097719
4982,0.701913,0.098116
4983,0.714469,0.097854
4984,0.688702,0.097703
4985,0.703828,0.099003
4986,0.727735,0.098357
4987,0.715615,0.097906
4988,0.708844,0.098440
4989,0.721060,0.097314
4990,0.726882,0.097225
4991,0.698355,0.097784
4992,0.718299,0.102969
4993,0.710766,0.097350
4994,0.681514,0.097526
4995,0.723878,0.098115
4996,0.705393,0.098536
4997,0.676586,0.097836
4998,0.720449,0.098358
4999,0.710868,0.096721
5000,0.710474,0.097571
