step,grad_norm,step_time
1,1.294182,0.419308
2,1.302665,0.118341
3,1.293247,0.117393
4,1.216705,0.117449
5,1.311256,0.121690
6,1.332290,0.117725
7,1.345840,0.117358
8,1.386748,0.117998
9,1.514410,0.119838
10,1.574374,0.118290
11,1.682745,0.117828
12,1.813182,0.117549
13,1.924355,0.118355
14,1.883363,0.118434
15,1.931950,0.117698
16,1.922329,0.118586
17,1.765015,0.120856
18,1.674154,0.120102
19,1.741315,0.119495
20,1.599644,0.121010
21,1.565326,0.120479
22,1.497631,0.120827
23,1.295774,0.120717
24,1.137492,0.121465
25,1.029727,0.122459
26,0.943869,0.120738
27,0.983534,0.122209
28,0.854193,0.119771
29,0.689785,0.119886
30,0.731607,0.119329
31,0.526989,0.118322
32,0.561840,0.118216
33,0.536885,0.118466
34,0.534445,0.118342
35,0.539546,0.118697
36,0.477596,0.117734
37,0.476760,0.118224
38,0.474390,0.118489
39,0.467129,0.118564
40,0.577369,0.118158
41,0.434908,0.118662
42,0.553887,0.118766
43,0.461980,0.118431
44,0.458069,0.117480
45,0.503917,0.117017
46,0.417219,0.118840
47,0.546317,0.119069
48,0.459888,0.118548
49,0.507282,0.118223
50,0.493042,0.118028
51,0.419014,0.117774
52,0.529473,0.117550
53,0.591789,0.118506
54,0.514125,0.118603
55,0.478107,0.118878
56,0.407320,0.118278
57,0.424233,0.117820
58,0.539620,0.118477
59,0.522060,0.118851
60,0.467458,0.118459
61,0.449553,0.118480
62,0.501594,0.117294
63,0.456591,0.119991
64,0.571214,0.118701
65,0.483472,0.117950
66,0.564268,0.118334
67,0.514296,0.118464
68,0.477764,0.118608
69,0.504893,0.118570
70,0.449541,0.118125
71,0.408826,0.118400
72,0.490017,0.118468
73,0.395283,0.117949
74,0.444762,0.118262
75,0.417053,0.118539
76,0.433658,0.118071
77,0.438295,0.118174
78,0.467985,0.118110
79,0.460999,0.118578
80,0.507194,0.117878
81,0.803472,0.118017
82,0.446330,0.118250
83,0.677134,0.118540
84,0.453130,0.118837
85,0.493425,0.118199
86,0.471450,0.118380
87,0.552482,0.118456
88,0.456177,0.117962
89,0.489211,0.117777
90,0.480029,0.118522
91,0.568077,0.118879
92,0.445166,0.118416
93,0.529285,0.118141
94,0.512982,0.117218
95,0.565092,0.119270
96,0.425376,0.119576
97,0.499973,0.118308
98,0.535426,0.118005
99,0.556140,0.118152
100,0.490071,0.118586
101,0.433070,0.118453
102,0.504761,0.118776
103,0.493785,0.119485
104,0.473915,0.118828
105,0.473487,0.118416
106,0.476741,0.118259
107,0.477288,0.118294
108,0.466912,0.118244
109,0.458872,0.118631
110,0.508129,0.118066
111,0.532579,0.118722
112,0.498862,0.118433
113,0.503881,0.118535
114,0.531785,0.118481
115,0.461505,0.118094
116,0.490693,0.117464
117,0.475748,0.119153
118,0.476719,0.119211
119,0.492562,0.118984
120,0.489842,0.119622
121,0.499305,0.119388
122,0.457063,0.119510
123,0.498101,0.119567
124,0.462348,0.118647
125,0.445310,0.117664
126,0.459300,0.117770
127,0.446943,0.118824
128,0.445148,0.119085
129,0.458947,0.118533
130,0.440138,0.117870
131,0.419833,0.118459
132,0.447687,0.118632
133,0.421354,0.117748
134,0.477723,0.117768
135,0.436519,0.118117
136,0.438227,0.118537
137,0.432522,0.118653
138,0.473562,0.118910
139,0.457320,0.118773
140,0.480370,0.118184
141,0.481996,0.118116
142,0.449961,0.117725
143,0.441080,0.117902
144,0.467676,0.119135
145,0.479409,0.118430
146,0.467179,0.118867
147,0.413954,0.118828
148,0.434390,0.118566
149,0.478767,0.118053
150,0.460823,0.118022
151,0.463828,0.119916
152,0.485493,0.118109
153,0.497131,0.119072
154,0.515070,0.119672
155,0.545136,0.118522
156,0.506763,0.117784
157,0.497313,0.117999
158,0.462551,0.117740
159,0.460411,0.118555
160,0.479579,0.118496
161,0.501073,0.118740
162,0.476752,0.119130
163,0.473025,0.118971
164,0.465235,0.118248
165,0.487451,0.117485
166,0.509244,0.117910
167,0.457932,0.119282
168,0.484248,0.118331
169,0.465758,0.118949
170,0.500053,0.117765
171,0.548275,0.118837
172,0.412551,0.119128
173,0.479852,0.118343
174,0.575639,0.117829
175,0.476728,0.117872
176,0.544300,0.118929
177,0.476341,0.119331
178,0.421319,0.118279
179,0.445486,0.119167
180,0.426202,0.117999
181,0.416601,0.119002
182,0.439279,0.118210
183,0.436112,0.118201
184,0.469590,0.118567
185,0.420711,0.118237
186,0.459233,0.118700
187,0.514425,0.118947
188,0.465543,0.118689
189,0.529628,0.118229
190,0.467425,0.118024
191,0.532743,0.117777
192,0.436240,0.118183
193,0.481291,0.118579
194,0.475828,0.118342
195,0.470236,0.118930
196,0.521354,0.119130
197,0.465335,0.119137
198,0.438670,0.118275
199,0.447406,0.118063
200,0.441488,0.118376
201,0.426419,0.118592
202,0.457216,0.118646
203,0.425028,0.118700
204,0.493785,0.118607
205,0.457062,0.118162
206,0.446207,0.117901
207,0.507490,0.119016
208,0.420257,0.118951
209,0.475821,0.118326
210,0.468068,0.118576
211,0.473558,0.118799
212,0.429126,0.119178
213,0.451748,0.118070
214,0.439365,0.118491
215,0.420654,0.118724
216,0.446029,0.119646
217,0.409722,0.118139
218,0.436627,0.118508
219,0.420357,0.117935
220,0.432299,0.119009
221,0.433485,0.118891
222,0.433848,0.118370
223,0.467511,0.118951
224,0.401123,0.119930
225,0.396207,0.119154
226,0.409699,0.119811
227,0.449296,0.118879
228,0.428225,0.118580
229,0.498504,0.118467
230,0.419498,0.117880
231,0.462771,0.118446
232,0.431175,0.118568
233,0.434807,0.118579
234,0.425208,0.118315
235,0.449337,0.119145
236,0.443349,0.118688
237,0.425545,0.118008
238,0.396277,0.117912
239,0.428588,0.117975
240,0.399531,0.118678
241,0.403219,0.119241
242,0.408237,0.118186
243,0.388325,0.119688
244,0.398747,0.118284
245,0.394753,0.119000
246,0.419716,0.118086
247,0.421530,0.118558
248,0.411515,0.118406
249,0.397346,0.118210
250,0.380113,0.118791
251,0.412889,0.119462
252,0.422133,0.118839
253,0.414802,0.119073
254,0.464518,0.118068
255,0.404550,0.118545
256,0.385157,0.118312
257,0.391841,0.119179
258,0.436274,0.119450
259,0.428128,0.118870
260,0.381021,0.118686
261,0.412743,0.118028
262,0.377384,0.118251
263,0.388113,0.118143
264,0.389946,0.118554
265,0.387340,0.119033
266,0.391005,0.118256
267,0.387374,0.118830
268,0.381471,0.119022
269,0.390850,0.118202
270,0.410709,0.118535
271,0.399823,0.118194
272,0.416125,0.118499
273,0.423012,0.118951
274,0.395525,0.118573
275,0.463038,0.119123
276,0.386145,0.118009
277,0.408397,0.117951
278,0.390945,0.118975
279,0.386162,0.117176
280,0.382621,0.118077
281,0.383968,0.118933
282,0.424257,0.118456
283,0.408948,0.119087
284,0.428177,0.118603
285,0.389679,0.117609
286,0.427508,0.117988
287,0.412791,0.118649
288,0.398033,0.118372
289,0.412228,0.119320
290,0.383863,0.119042
291,0.398292,0.118345
292,0.369205,0.118597
293,0.385247,0.117921
294,0.359775,0.118174
295,0.367151,0.119628
296,0.396473,0.118296
297,0.366986,0.118598
298,0.399337,0.118085
299,0.366472,0.118827
300,0.367362,0.119327
301,0.356670,0.119470
302,0.362663,0.119003
303,0.380332,0.118632
304,0.393672,0.118521
305,0.366549,0.117806
306,0.425648,0.118805
307,0.383961,0.119166
308,0.349340,0.117942
309,0.394912,0.118601
310,0.391398,0.117925
311,0.377340,0.119533
312,0.362690,0.119331
313,0.401894,0.118439
314,0.420126,0.118454
315,0.353385,0.118016
316,0.419451,0.117687
317,0.356799,0.118752
318,0.507330,0.118339
319,0.450387,0.119107
320,0.378760,0.118114
321,0.398890,0.119069
322,0.366707,0.118416
323,0.365790,0.118073
324,0.367036,0.118031
325,0.367262,0.118471
326,0.404545,0.118357
327,0.350793,0.119503
328,0.356996,0.118785
329,0.377841,0.118427
330,0.355735,0.118421
331,0.338458,0.118571
332,0.371733,0.118677
333,0.359116,0.117807
334,0.355009,0.117888
335,0.353775,0.118845
336,0.382671,0.118524
337,0.347253,0.118764
338,0.352691,0.118436
339,0.362831,0.118139
340,0.374981,0.118828
341,0.379053,0.117983
342,0.356447,0.117959
343,0.370384,0.119196
344,0.377672,0.118601
345,0.389614,0.119073
346,0.401640,0.118336
347,0.388312,0.118292
348,0.397280,0.118549
349,0.379461,0.118039
350,0.378856,0.117700
351,0.404000,0.120063
352,0.330580,0.118520
353,0.393458,0.118373
354,0.364597,0.118274
355,0.393165,0.118590
356,0.395891,0.118691
357,0.367999,0.117421
358,0.389599,0.118553
359,0.352647,0.118940
360,0.381534,0.118827
361,0.362168,0.118888
362,0.344849,0.118685
363,0.358342,0.118638
364,0.367882,0.117907
365,0.340719,0.118321
366,0.344342,0.118837
367,0.379723,0.118878
368,0.357309,0.118673
369,0.353764,0.118533
370,0.365390,0.118549
371,0.327045,0.119123
372,0.360923,0.118342
373,0.341283,0.118487
374,0.341528,0.117702
375,0.331571,0.119286
376,0.353217,0.118969
377,0.341330,0.118456
378,0.358072,0.118379
379,0.354920,0.118572
380,0.362977,0.118555
381,0.352521,0.118434
382,0.334835,0.118052
383,0.357128,0.118802
384,0.341957,0.118698
385,0.342320,0.118725
386,0.359268,0.118591
387,0.341917,0.118655
388,0.344141,0.118401
389,0.379240,0.118114
390,0.347848,0.118037
391,0.355115,0.119097
392,0.342758,0.118758
393,0.356984,0.118347
394,0.392201,0.118639
395,0.364179,0.118685
396,0.365314,0.118395
397,0.358607,0.118654
398,0.363151,0.118257
399,0.344557,0.118999
400,0.356083,0.118896
401,0.337657,0.120131
402,0.337370,0.118312
403,0.340832,0.118813
404,0.340834,0.118685
405,0.359980,0.118504
406,0.353271,0.118763
407,0.324760,0.118882
408,0.357388,0.118443
409,0.350026,0.119001
410,0.374148,0.118730
411,0.350834,0.118650
412,0.320242,0.118279
413,0.353606,0.118565
414,0.370456,0.118378
415,0.332116,0.119378
416,0.369212,0.118177
417,0.332439,0.118438
418,0.345421,0.118258
419,0.327674,0.119035
420,0.342108,0.119188
421,0.338081,0.118708
422,0.316869,0.118034
423,0.363888,0.118570
424,0.353050,0.118455
425,0.340648,0.119072
426,0.357116,0.118578
427,0.356596,0.118471
428,0.326133,0.118176
429,0.334770,0.118403
430,0.333118,0.118488
431,0.324613,0.118498
432,0.315789,0.118473
433,0.324165,0.118141
434,0.320891,0.119016
435,0.323073,0.119351
436,0.348326,0.118702
437,0.327549,0.118148
438,0.331744,0.118141
439,0.327185,0.118369
440,0.334850,0.118390
441,0.326736,0.118335
442,0.326114,0.118373
443,0.316587,0.118817
444,0.340034,0.118979
445,0.343788,0.118389
446,0.373968,0.118205
447,0.329694,0.118089
448,0.349686,0.118608
449,0.354676,0.118290
450,0.347441,0.118140
451,0.364392,0.119670
452,0.351039,0.118599
453,0.374636,0.118250
454,0.371622,0.118070
455,0.335957,0.119139
456,0.343838,0.118495
457,0.328384,0.118265
458,0.343277,0.118627
459,0.317202,0.119191
460,0.331139,0.118578
461,0.310037,0.118569
462,0.333933,0.117747
463,0.321746,0.118713
464,0.330492,0.118875
465,0.323438,0.118190
466,0.338725,0.118362
467,0.328525,0.118715
468,0.313465,0.118736
469,0.331252,0.118982
470,0.314878,0.118070
471,0.311983,0.118474
472,0.341855,0.117910
473,0.307551,0.118977
474,0.359045,0.118972
475,0.327442,0.118791
476,0.309276,0.118558
477,0.313520,0.117790
478,0.322083,0.118268
479,0.299211,0.119140
480,0.327708,0.118143
481,0.314487,0.118435
482,0.315478,0.118132
483,0.306530,0.119230
484,0.317885,0.118854
485,0.306093,0.117862
486,0.337495,0.117951
487,0.317160,0.118559
488,0.343089,0.118443
489,0.301515,0.118779
490,0.322420,0.118624
491,0.313532,0.118673
492,0.334467,0.118627
493,0.329816,0.118168
494,0.348332,0.118502
495,0.344095,0.118901
496,0.296315,0.117757
497,0.354898,0.119184
498,0.309478,0.118662
499,0.353335,0.119056
500,0.307899,0.118230
501,0.306052,0.119006
502,0.337537,0.118379
503,0.321672,0.118377
504,0.311514,0.118895
505,0.318859,0.118734
506,0.331354,0.118700
507,0.333175,0.118542
508,0.292449,0.118582
509,0.330398,0.118901
510,0.331920,0.118447
511,0.315737,0.118706
512,0.324332,0.119054
513,0.312749,0.119002
514,0.326581,0.118940
515,0.311081,0.118225
516,0.349511,0.118191
517,0.307967,0.118767
518,0.322415,0.118403
519,0.325466,0.118718
520,0.298204,0.118745
521,0.320219,0.118418
522,0.301820,0.118639
523,0.322300,0.119008
524,0.336653,0.118138
525,0.318218,0.118502
526,0.318601,0.117904
527,0.317331,0.118892
528,0.298450,0.119144
529,0.326061,0.118819
530,0.312871,0.118731
531,0.340949,0.118173
532,0.298840,0.118542
533,0.328712,0.118615
534,0.306194,0.118038
535,0.310769,0.118819
536,0.305097,0.118181
537,0.305621,0.118873
538,0.324074,0.119426
539,0.343603,0.118535
540,0.303648,0.118441
541,0.342601,0.117939
542,0.303095,0.118316
543,0.295929,0.118789
544,0.337762,0.118715
545,0.291500,0.118352
546,0.298375,0.118597
547,0.329369,0.119216
548,0.297734,0.118706
549,0.298815,0.118192
550,0.311093,0.118051
551,0.294568,0.119689
552,0.322467,0.118257
553,0.315134,0.118652
554,0.327353,0.118104
555,0.309192,0.119023
556,0.312853,0.118559
557,0.348955,0.117772
558,0.293112,0.118478
559,0.306870,0.118800
560,0.304798,0.118681
561,0.296214,0.118884
562,0.302327,0.118078
563,0.291537,0.118895
564,0.307156,0.118186
565,0.287466,0.118422
566,0.296060,0.118548
567,0.314129,0.118771
568,0.306455,0.118849
569,0.286548,0.118426
570,0.295750,0.118284
571,0.330864,0.118501
572,0.314225,0.118480
573,0.355347,0.118177
574,0.310368,0.118375
575,0.294205,0.118510
576,0.352110,0.118831
577,0.300353,0.119285
578,0.316043,0.118501
579,0.317773,0.118902
580,0.296222,0.117862
581,0.318448,0.118461
582,0.313587,0.118956
583,0.287537,0.118738
584,0.309142,0.118256
585,0.290306,0.117685
586,0.317174,0.118718
587,0.319767,0.119148
588,0.296309,0.118506
589,0.311591,0.118361
590,0.297461,0.118182
591,0.300004,0.118795
592,0.308852,0.118695
593,0.287158,0.118152
594,0.284926,0.118544
595,0.284305,0.118389
596,0.303874,0.118741
597,0.296540,0.118881
598,0.296756,0.118633
599,0.291370,0.118850
600,0.284764,0.117749
601,0.316094,0.119363
602,0.288820,0.118065
603,0.271673,0.118798
604,0.292053,0.118768
605,0.289916,0.119098
606,0.287278,0.118001
607,0.299496,0.118845
608,0.290574,0.118340
609,0.278294,0.118521
610,0.297133,0.118507
611,0.281415,0.118199
612,0.308372,0.118915
613,0.331922,0.118525
614,0.284970,0.118729
615,0.295257,0.118386
616,0.294271,0.118290
617,0.296528,0.118718
618,0.279233,0.118805
619,0.302243,0.118560
620,0.299360,0.118820
621,0.314260,0.119005
622,0.287990,0.118831
623,0.304098,0.118318
624,0.300819,0.118683
625,0.328678,0.118623
626,0.293688,0.118395
627,0.325575,0.118698
628,0.314083,0.118049
629,0.292555,0.118420
630,0.342883,0.118506
631,0.306803,0.119134
632,0.311969,0.118266
633,0.364607,0.118237
634,0.286632,0.118185
635,0.329751,0.118888
636,0.310752,0.118834
637,0.280699,0.119178
638,0.286808,0.118108
639,0.342063,0.118037
640,0.303044,0.118505
641,0.288216,0.118997
642,0.305121,0.118721
643,0.283140,0.118649
644,0.300458,0.117981
645,0.297871,0.119005
646,0.300074,0.119128
647,0.297448,0.118648
648,0.295409,0.118609
649,0.280298,0.118000
650,0.283771,0.118931
651,0.287935,0.118991
652,0.294285,0.118776
653,0.303531,0.118931
654,0.278584,0.118964
655,0.289954,0.118056
656,0.287930,0.117660
657,0.282435,0.118654
658,0.309028,0.118980
659,0.282111,0.118559
660,0.288819,0.118623
661,0.317945,0.118559
662,0.291791,0.119073
663,0.283153,0.118551
664,0.306583,0.118227
665,0.304678,0.117855
666,0.289004,0.118656
667,0.275831,0.118703
668,0.296044,0.118536
669,0.290942,0.118396
670,0.292832,0.118772
671,0.277053,0.118820
672,0.278307,0.118208
673,0.279499,0.117958
674,0.279352,0.118341
675,0.279007,0.118601
676,0.288782,0.118543
677,0.274387,0.118544
678,0.284654,0.118965
679,0.280406,0.118906
680,0.284595,0.118310
681,0.295646,0.118344
682,0.286714,0.118255
683,0.288319,0.118756
684,0.305360,0.118292
685,0.304293,0.119313
686,0.302458,0.118439
687,0.296390,0.118782
688,0.340673,0.118200
689,0.295694,0.118661
690,0.277882,0.118840
691,0.303204,0.118533
692,0.301463,0.118382
693,0.266322,0.118216
694,0.318192,0.118551
695,0.290226,0.119138
696,0.282083,0.118575
697,0.291845,0.118270
698,0.287278,0.117730
699,0.300114,0.118843
700,0.275472,0.119361
701,0.279031,0.120004
702,0.291801,0.118669
703,0.285637,0.119093
704,0.278973,0.118159
705,0.300372,0.117862
706,0.287713,0.118671
707,0.285567,0.119039
708,0.297815,0.118067
709,0.316236,0.118845
710,0.276866,0.118706
711,0.315099,0.119540
712,0.289806,0.118901
713,0.279099,0.118500
714,0.292519,0.118553
715,0.299518,0.118728
716,0.260806,0.118622
717,0.290273,0.118736
718,0.275252,0.118420
719,0.278029,0.118966
720,0.266152,0.118727
721,0.301871,0.118941
722,0.280732,0.118827
723,0.264741,0.118445
724,0.283316,0.118243
725,0.268784,0.118208
726,0.276674,0.118170
727,0.282883,0.118851
728,0.279001,0.118893
729,0.296159,0.118615
730,0.292576,0.118607
731,0.274897,0.118515
732,0.291141,0.118718
733,0.287326,0.118864
734,0.271187,0.118085
735,0.304018,0.118920
736,0.292391,0.118398
737,0.281364,0.118814
738,0.292887,0.118431
739,0.276419,0.118619
740,0.282373,0.118154
741,0.279833,0.118238
742,0.275458,0.118517
743,0.272018,0.118730
744,0.264392,0.119400
745,0.269047,0.118131
746,0.271149,0.118456
747,0.271766,0.118662
748,0.268234,0.118347
749,0.266281,0.118914
750,0.268270,0.118143
751,0.276470,0.120452
752,0.269352,0.117455
753,0.267519,0.118654
754,0.289322,0.118185
755,0.293070,0.119094
756,0.275620,0.118939
757,0.262968,0.118266
758,0.277047,0.118136
759,0.271965,0.118682
760,0.274774,0.118265
761,0.272487,0.118869
762,0.266668,0.118870
763,0.292007,0.118688
764,0.279898,0.118204
765,0.284647,0.118922
766,0.261282,0.118643
767,0.269248,0.118105
768,0.268784,0.117802
769,0.291877,0.118169
770,0.266877,0.119362
771,0.271430,0.119092
772,0.258013,0.118768
773,0.276139,0.118316
774,0.280794,0.118446
775,0.262411,0.118510
776,0.268653,0.118006
777,0.281753,0.118401
778,0.284494,0.118627
779,0.300363,0.118706
780,0.265855,0.118772
781,0.270916,0.118734
782,0.280339,0.118365
783,0.293475,0.117939
784,0.274718,0.117909
785,0.325856,0.117809
786,0.295331,0.118775
787,0.275237,0.119043
788,0.305521,0.118898
789,0.284542,0.118693
790,0.286836,0.118357
791,0.271397,0.118510
792,0.249092,0.117737
793,0.276148,0.118252
794,0.284856,0.117929
795,0.284566,0.118864
796,0.289488,0.118801
797,0.276746,0.119146
798,0.273218,0.119120
799,0.299818,0.118747
800,0.283794,0.118326
801,0.266008,0.119516
802,0.352435,0.118306
803,0.268691,0.118700
804,0.278764,0.118724
805,0.267898,0.119178
806,0.276402,0.118157
807,0.284806,0.118065
808,0.256892,0.117204
809,0.275337,0.118736
810,0.288450,0.119160
811,0.267710,0.119293
812,0.267128,0.118720
813,0.258384,0.118114
814,0.271241,0.118548
815,0.316875,0.119037
816,0.276990,0.117787
817,0.287230,0.117803
818,0.279866,0.117803
819,0.291147,0.119175
820,0.287535,0.118890
821,0.271198,0.119126
822,0.281918,0.118583
823,0.276130,0.118679
824,0.263627,0.118508
825,0.278762,0.118120
826,0.268282,0.117856
827,0.284502,0.118901
828,0.252209,0.118633
829,0.270835,0.118489
830,0.259141,0.118510
831,0.265786,0.118841
832,0.265806,0.118198
833,0.263526,0.118202
834,0.260252,0.117874
835,0.265735,0.118776
836,0.264165,0.118514
837,0.276933,0.118423
838,0.266076,0.118605
839,0.250701,0.118501
840,0.301879,0.118231
841,0.275635,0.118775
842,0.259863,0.117804
843,0.292550,0.118887
844,0.268106,0.118247
845,0.276404,0.118509
846,0.284391,0.118730
847,0.249898,0.118711
848,0.301589,0.118254
849,0.275164,0.118842
850,0.263592,0.118140
851,0.277189,0.119668
852,0.301842,0.118524
853,0.264588,0.118655
854,0.266025,0.118523
855,0.281982,0.118516
856,0.296460,0.118672
857,0.260053,0.117792
858,0.288586,0.118306
859,0.277170,0.119435
860,0.261020,0.118962
861,0.266199,0.118622
862,0.276527,0.117665
863,0.267616,0.118922
864,0.275942,0.119322
865,0.283984,0.117909
866,0.261498,0.118504
867,0.270461,0.118765
868,0.326976,0.119160
869,0.256741,0.118759
870,0.264674,0.118076
871,0.248091,0.118361
872,0.252498,0.118065
873,0.266554,0.117804
874,0.259615,0.118014
875,0.272112,0.118865
876,0.277661,0.118578
877,0.281509,0.118748
878,0.308750,0.118907
879,0.265703,0.118917
880,0.266782,0.118052
881,0.264126,0.118014
882,0.274573,0.118650
883,0.259179,0.118523
884,0.259063,0.118861
885,0.262518,0.118434
886,0.273686,0.118028
887,0.282873,0.118994
888,0.272164,0.117752
889,0.255410,0.117814
890,0.287911,0.118597
891,0.274940,0.118913
892,0.271532,0.119335
893,0.266459,0.118862
894,0.268726,0.118618
895,0.275016,0.118708
896,0.264373,0.118098
897,0.263650,0.117829
898,0.260361,0.117851
899,0.282182,0.118641
900,0.289841,0.118889
901,0.259066,0.120174
902,0.281899,0.118230
903,0.280094,0.118633
904,0.257498,0.117799
905,0.278106,0.118271
906,0.272384,0.118266
907,0.260511,0.118969
908,0.268568,0.119413
909,0.287312,0.118958
910,0.254148,0.118763
911,0.280349,0.118525
912,0.273834,0.118111
913,0.259017,0.118853
914,0.269197,0.118401
915,0.300481,0.118998
916,0.266995,0.117717
917,0.258788,0.119215
918,0.308533,0.119027
919,0.266640,0.118490
920,0.299624,0.118030
921,0.263736,0.118108
922,0.258147,0.118589
923,0.263761,0.118998
924,0.260071,0.118236
925,0.261549,0.118764
926,0.254790,0.118418
927,0.267437,0.118994
928,0.272335,0.118672
929,0.253972,0.118056
930,0.275308,0.118303
931,0.249450,0.118376
932,0.260557,0.118792
933,0.254162,0.118805
934,0.264113,0.118524
935,0.256746,0.118486
936,0.258180,0.118628
937,0.260877,0.118260
938,0.262985,0.117971
939,0.266526,0.118915
940,0.261291,0.118148
941,0.249947,0.119196
942,0.257950,0.118523
943,0.267755,0.118632
944,0.249808,0.118731
945,0.268242,0.117876
946,0.262641,0.117957
947,0.243786,0.118437
948,0.289774,0.118637
949,0.251600,0.119177
950,0.260993,0.118703
951,0.251344,0.119724
952,0.288075,0.117813
953,0.254850,0.118436
954,0.270882,0.118373
955,0.258232,0.118846
956,0.310288,0.118662
957,0.265482,0.118897
958,0.296603,0.118244
959,0.257875,0.118853
960,0.266995,0.118274
961,0.283021,0.118254
962,0.253056,0.119032
963,0.299230,0.118496
964,0.255979,0.118384
965,0.266778,0.118263
966,0.262876,0.118728
967,0.251511,0.119524
968,0.263245,0.118353
969,0.290567,0.118362
970,0.273931,0.117844
971,0.240278,0.118717
972,0.290486,0.118876
973,0.262187,0.118468
974,0.260879,0.118576
975,0.258911,0.118550
976,0.263954,0.118879
977,0.275950,0.118511
978,0.272877,0.118396
979,0.267177,0.118071
980,0.266536,0.118288
981,0.275354,0.118563
982,0.269470,0.118680
983,0.255665,0.119001
984,0.276143,0.118339
985,0.254301,0.118237
986,0.255910,0.118797
987,0.271896,0.118895
988,0.257040,0.118557
989,0.256894,0.118089
990,0.254163,0.118115
991,0.268672,0.119122
992,0.270446,0.118704
993,0.262312,0.118168
994,0.253808,0.118327
995,0.250707,0.118986
996,0.246337,0.118491
997,0.255698,0.118492
998,0.250547,0.117959
999,0.252284,0.119084
1000,0.253991,0.118494
1001,0.262694,0.119466
1002,0.240334,0.118806
1003,0.253427,0.119013
1004,0.240161,0.118346
1005,0.261531,0.118880
1006,0.250693,0.118972
1007,0.242526,0.118517
1008,0.251819,0.117910
1009,0.238958,0.118161
1010,0.266141,0.118208
1011,0.251310,0.119280
1012,0.256100,0.118345
1013,0.264178,0.118607
1014,0.255188,0.118409
1015,0.242966,0.118816
1016,0.251357,0.118905
1017,0.263209,0.118258
1018,0.255486,0.117838
1019,0.261578,0.117990
1020,0.267702,0.118925
1021,0.295443,0.119591
1022,0.257129,0.118583
1023,0.276398,0.118949
1024,0.266561,0.118189
1025,0.240570,0.118757
1026,0.261088,0.119066
1027,0.245576,0.118074
1028,0.241759,0.118520
1029,0.258683,0.118613
1030,0.248826,0.118980
1031,0.265435,0.119145
1032,0.269465,0.117975
1033,0.249684,0.118580
1034,0.250458,0.118490
1035,0.274988,0.118487
1036,0.263427,0.118444
1037,0.251080,0.118739
1038,0.326712,0.118544
1039,0.257083,0.118862
1040,0.251284,0.118615
1041,0.254768,0.118652
1042,0.250681,0.118714
1043,0.253572,0.118270
1044,0.260180,0.118189
1045,0.243058,0.118694
1046,0.251845,0.119048
1047,0.264653,0.118631
1048,0.258343,0.117856
1049,0.253781,0.118475
1050,0.262669,0.118576
1051,0.253515,0.119222
1052,0.247051,0.118599
1053,0.257969,0.119085
1054,0.256400,0.118521
1055,0.248901,0.118464
1056,0.250345,0.118386
1057,0.248004,0.118078
1058,0.255899,0.118258
1059,0.253835,0.119145
1060,0.270094,0.118694
1061,0.249694,0.119094
1062,0.263381,0.118507
1063,0.266792,0.118637
1064,0.256331,0.118531
1065,0.261300,0.118450
1066,0.244462,0.117466
1067,0.251350,0.118929
1068,0.240002,0.118287
1069,0.251350,0.118960
1070,0.255345,0.118682
1071,0.261902,0.119027
1072,0.256224,0.118125
1073,0.287336,0.117917
1074,0.247163,0.118378
1075,0.244557,0.119309
1076,0.285913,0.118254
1077,0.242287,0.118920
1078,0.251475,0.118240
1079,0.259870,0.118719
1080,0.242154,0.118750
1081,0.258333,0.118498
1082,0.270668,0.118403
1083,0.253346,0.118426
1084,0.243118,0.118139
1085,0.271350,0.118923
1086,0.256129,0.118578
1087,0.266974,0.118631
1088,0.264118,0.118018
1089,0.248793,0.118765
1090,0.244676,0.118567
1091,0.238714,0.118597
1092,0.245295,0.118522
1093,0.258010,0.118944
1094,0.246009,0.118574
1095,0.263375,0.118962
1096,0.263900,0.118345
1097,0.254175,0.118234
1098,0.251056,0.117796
1099,0.247317,0.118659
1100,0.241574,0.118962
1101,0.241881,0.119669
1102,0.260232,0.118665
1103,0.250982,0.118632
1104,0.247296,0.118728
1105,0.242961,0.118354
1106,0.260218,0.118382
1107,0.247886,0.118665
1108,0.256197,0.118253
1109,0.250421,0.118506
1110,0.244848,0.119002
1111,0.250222,0.118814
1112,0.243632,0.118837
1113,0.248001,0.118545
1114,0.255489,0.118545
1115,0.251102,0.118908
1116,0.235636,0.118225
1117,0.245273,0.118747
1118,0.244843,0.118478
1119,0.252642,0.119012
1120,0.249418,0.118373
1121,0.263292,0.118438
1122,0.248059,0.118604
1123,0.259787,0.118976
1124,0.260554,0.119010
1125,0.230094,0.118037
1126,0.246800,0.118289
1127,0.253057,0.118756
1128,0.237672,0.118540
1129,0.256578,0.119027
1130,0.237032,0.118355
1131,0.245992,0.118829
1132,0.240914,0.118196
1133,0.247543,0.118647
1134,0.255338,0.118729
1135,0.243523,0.118871
1136,0.240735,0.118679
1137,0.251542,0.118232
1138,0.243450,0.118456
1139,0.259780,0.119318
1140,0.256157,0.118315
1141,0.238422,0.118540
1142,0.244765,0.117984
1143,0.247378,0.119128
1144,0.247875,0.118938
1145,0.236274,0.118770
1146,0.256177,0.118141
1147,0.254020,0.118665
1148,0.243217,0.118620
1149,0.249712,0.118664
1150,0.248694,0.118457
1151,0.250910,0.120104
1152,0.250484,0.118247
1153,0.235884,0.117682
1154,0.249983,0.118308
1155,0.250721,0.118686
1156,0.244414,0.118558
1157,0.242741,0.118367
1158,0.234785,0.118327
1159,0.258894,0.119232
1160,0.249564,0.118849
1161,0.244864,0.118353
1162,0.241244,0.118144
1163,0.245820,0.118199
1164,0.243401,0.118496
1165,0.242249,0.118239
1166,0.230830,0.118754
1167,0.248718,0.119485
1168,0.268004,0.118936
1169,0.239218,0.118891
1170,0.257104,0.117862
1171,0.234182,0.118435
1172,0.242166,0.118091
1173,0.243820,0.119204
1174,0.242816,0.119055
1175,0.242653,0.119010
1176,0.258111,0.118680
1177,0.240719,0.118705
1178,0.245228,0.118621
1179,0.234363,0.117974
1180,0.252651,0.117889
1181,0.243202,0.118258
1182,0.248645,0.118589
1183,0.239620,0.119576
1184,0.270273,0.118539
1185,0.258522,0.118314
1186,0.244126,0.117805
1187,0.265825,0.118583
1188,0.237623,0.118093
1189,0.251373,0.118220
1190,0.251300,0.118370
1191,0.244572,0.118681
1192,0.252912,0.119318
1193,0.262944,0.119178
1194,0.239166,0.118140
1195,0.242898,0.118859
1196,0.250750,0.117593
1197,0.254465,0.118500
1198,0.239646,0.118653
1199,0.259091,0.118818
1200,0.255731,0.118896
1201,0.256835,0.119860
1202,0.240098,0.118368
1203,0.231841,0.118294
1204,0.249477,0.118230
1205,0.249886,0.118872
1206,0.254595,0.119032
1207,0.255105,0.118393
1208,0.251360,0.118426
1209,0.246505,0.118864
1210,0.241360,0.118571
1211,0.249942,0.118429
1212,0.241061,0.117542
1213,0.241105,0.118526
1214,0.241827,0.118716
1215,0.238661,0.118657
1216,0.244255,0.118446
1217,0.245171,0.118630
1218,0.248698,0.118599
1219,0.230934,0.118581
1220,0.239654,0.118258
1221,0.250811,0.118929
1222,0.238191,0.118595
1223,0.245002,0.118317
1224,0.253399,0.118609
1225,0.243200,0.119068
1226,0.249472,0.118493
1227,0.259539,0.118186
1228,0.246455,0.117974
1229,0.237606,0.118425
1230,0.248089,0.118271
1231,0.252395,0.118566
1232,0.239277,0.119118
1233,0.233774,0.118554
1234,0.231474,0.118336
1235,0.246369,0.118359
1236,0.244895,0.118502
1237,0.241050,0.119074
1238,0.245344,0.118597
1239,0.240203,0.118517
1240,0.247701,0.118179
1241,0.242486,0.118967
1242,0.242440,0.118829
1243,0.263844,0.118862
1244,0.254511,0.118433
1245,0.237990,0.117918
1246,0.242650,0.118939
1247,0.249796,0.118890
1248,0.261405,0.118163
1249,0.247938,0.118418
1250,0.272482,0.118260
1251,0.254216,0.119355
1252,0.247511,0.117551
1253,0.277946,0.118781
1254,0.270903,0.118579
1255,0.235494,0.119240
1256,0.273473,0.118222
1257,0.248139,0.118912
1258,0.252681,0.118474
1259,0.271628,0.119043
1260,0.297370,0.118258
1261,0.251642,0.118632
1262,0.267964,0.118498
1263,0.282269,0.119160
1264,0.281271,0.118932
1265,0.237168,0.118389
1266,0.260233,0.118471
1267,0.256709,0.118650
1268,0.241253,0.117931
1269,0.240875,0.118447
1270,0.236335,0.118218
1271,0.247968,0.118718
1272,0.232948,0.118703
1273,0.238488,0.118724
1274,0.246565,0.118665
1275,0.248132,0.119100
1276,0.231404,0.118066
1277,0.242850,0.118953
1278,0.253986,0.118378
1279,0.237601,0.118545
1280,0.241002,0.118853
1281,0.250296,0.118489
1282,0.249039,0.119104
1283,0.245180,0.118366
1284,0.242862,0.117950
1285,0.246136,0.118463
1286,0.246405,0.119218
1287,0.248801,0.118411
1288,0.231861,0.118516
1289,0.245604,0.118367
1290,0.235686,0.118791
1291,0.228364,0.119070
1292,0.233821,0.118077
1293,0.234858,0.118274
1294,0.247101,0.117562
1295,0.235979,0.119080
1296,0.231251,0.119136
1297,0.247323,0.118632
1298,0.250564,0.118592
1299,0.245906,0.118335
1300,0.250962,0.118568
1301,0.247003,0.119481
1302,0.243017,0.118532
1303,0.250672,0.119564
1304,0.235047,0.118217
1305,0.246046,0.118643
1306,0.250832,0.118914
1307,0.229985,0.118663
1308,0.231939,0.118373
1309,0.237052,0.118741
1310,0.231827,0.118892
1311,0.232578,0.119075
1312,0.246901,0.118616
1313,0.240770,0.118328
1314,0.231919,0.118333
1315,0.245684,0.118588
1316,0.243566,0.118142
1317,0.238114,0.118920
1318,0.242563,0.118912
1319,0.243031,0.118864
1320,0.230755,0.118448
1321,0.238201,0.118620
1322,0.233709,0.117858
1323,0.233964,0.118999
1324,0.236451,0.117850
1325,0.251126,0.118321
1326,0.238848,0.118955
1327,0.241073,0.118721
1328,0.243018,0.118909
1329,0.234200,0.118793
1330,0.246045,0.117788
1331,0.230803,0.118634
1332,0.245529,0.117765
1333,0.244067,0.117946
1334,0.236107,0.118634
1335,0.238469,0.118708
1336,0.246058,0.118666
1337,0.248661,0.118871
1338,0.241141,0.118450
1339,0.239175,0.118566
1340,0.258062,0.118959
1341,0.259753,0.117867
1342,0.255281,0.118220
1343,0.243120,0.118466
1344,0.234559,0.118644
1345,0.238633,0.119350
1346,0.241981,0.118669
1347,0.242094,0.118798
1348,0.251593,0.117977
1349,0.238049,0.118507
1350,0.249323,0.118905
1351,0.252827,0.119701
1352,0.246239,0.118843
1353,0.247384,0.118281
1354,0.234895,0.118510
1355,0.245354,0.118140
1356,0.241758,0.118742
1357,0.248009,0.118246
1358,0.249690,0.118198
1359,0.238591,0.119355
1360,0.249983,0.118158
1361,0.240728,0.118588
1362,0.256992,0.118556
1363,0.242580,0.118379
1364,0.249367,0.118467
1365,0.250180,0.117906
1366,0.245561,0.118448
1367,0.226844,0.119009
1368,0.237087,0.118422
1369,0.243870,0.118483
1370,0.236239,0.118522
1371,0.248999,0.118745
1372,0.240197,0.118723
1373,0.222663,0.118278
1374,0.231455,0.118128
1375,0.231128,0.119212
1376,0.241988,0.118512
1377,0.233244,0.118335
1378,0.246515,0.118371
1379,0.246827,0.119036
1380,0.245122,0.118784
1381,0.235674,0.117973
1382,0.244828,0.117989
1383,0.242762,0.119007
1384,0.249009,0.118706
1385,0.245399,0.118828
1386,0.229030,0.117869
1387,0.242998,0.119521
1388,0.251069,0.119057
1389,0.235607,0.118515
1390,0.250736,0.118465
1391,0.251214,0.118923
1392,0.240694,0.118615
1393,0.236041,0.118277
1394,0.255964,0.118372
1395,0.248503,0.118562
1396,0.258894,0.118865
1397,0.244487,0.118354
1398,0.236454,0.118557
1399,0.228440,0.119250
1400,0.269166,0.118420
1401,0.258416,0.119749
1402,0.224899,0.117952
1403,0.285505,0.118938
1404,0.257799,0.117963
1405,0.237941,0.118770
1406,0.275763,0.119044
1407,0.243139,0.118388
1408,0.235157,0.118631
1409,0.266077,0.118197
1410,0.249894,0.118516
1411,0.250165,0.119111
1412,0.240963,0.118689
1413,0.254301,0.118583
1414,0.255464,0.118258
1415,0.236573,0.118425
1416,0.260097,0.118806
1417,0.278475,0.118788
1418,0.230708,0.118589
1419,0.261930,0.118127
1420,0.275686,0.118365
1421,0.245096,0.118800
1422,0.238458,0.118535
1423,0.236154,0.118687
1424,0.261360,0.118093
1425,0.257368,0.119172
1426,0.242743,0.119104
1427,0.253782,0.118437
1428,0.260111,0.118316
1429,0.245744,0.118740
1430,0.244292,0.118403
1431,0.237680,0.118981
1432,0.250549,0.118234
1433,0.248441,0.118596
1434,0.245337,0.118610
1435,0.239804,0.118648
1436,0.244693,0.118317
1437,0.225787,0.118685
1438,0.265985,0.118609
1439,0.262659,0.118505
1440,0.229933,0.118476
1441,0.240398,0.118688
1442,0.253372,0.118412
1443,0.239620,0.118612
1444,0.240041,0.118001
1445,0.240268,0.118860
1446,0.249460,0.119059
1447,0.236137,0.118889
1448,0.243035,0.118477
1449,0.253620,0.118233
1450,0.255521,0.118331
1451,0.246324,0.119992
1452,0.240811,0.119022
1453,0.258213,0.118988
1454,0.254266,0.118106
1455,0.226190,0.118780
1456,0.254197,0.118068
1457,0.243053,0.118094
1458,0.241362,0.118394
1459,0.246274,0.118629
1460,0.251020,0.119377
1461,0.225371,0.118944
1462,0.246817,0.120168
1463,0.231735,0.119938
1464,0.230902,0.120026
1465,0.237319,0.119735
1466,0.239176,0.119692
1467,0.234402,0.119040
1468,0.237348,0.118643
1469,0.231855,0.119341
1470,0.231728,0.119723
1471,0.237214,0.118780
1472,0.249969,0.118530
1473,0.233920,0.118571
1474,0.239226,0.118092
1475,0.227725,0.119099
1476,0.244342,0.118436
1477,0.246151,0.118827
1478,0.241893,0.118240
1479,0.246891,0.118904
1480,0.256863,0.119186
1481,0.240681,0.118385
1482,0.270298,0.118200
1483,0.249033,0.117693
1484,0.237696,0.118682
1485,0.259279,0.119305
1486,0.242931,0.118839
1487,0.236059,0.118873
1488,0.228439,0.118183
1489,0.234871,0.118770
1490,0.261475,0.118741
1491,0.248908,0.117617
1492,0.227605,0.118418
1493,0.232579,0.119962
1494,0.251553,0.118883
1495,0.233249,0.119242
1496,0.249495,0.118639
1497,0.235840,0.118600
1498,0.236679,0.117944
1499,0.217425,0.118179
1500,0.239389,0.118638
1501,0.240547,0.119826
1502,0.246779,0.118617
1503,0.231805,0.118910
1504,0.234503,0.118526
1505,0.236480,0.117753
1506,0.241062,0.117979
1507,0.238983,0.118870
1508,0.227977,0.118469
1509,0.239290,0.118819
1510,0.229758,0.118450
1511,0.241476,0.118920
1512,0.226028,0.118607
1513,0.223452,0.118341
1514,0.235128,0.118190
1515,0.244825,0.118897
1516,0.235876,0.118620
1517,0.249099,0.119068
1518,0.262018,0.118442
1519,0.235764,0.118997
1520,0.241984,0.118453
1521,0.239940,0.117964
1522,0.229269,0.118647
1523,0.231383,0.118583
1524,0.240926,0.118350
1525,0.241139,0.119458
1526,0.241633,0.118370
1527,0.218279,0.119078
1528,0.245588,0.118390
1529,0.238502,0.118412
1530,0.233192,0.118448
1531,0.234897,0.118165
1532,0.248946,0.118649
1533,0.233922,0.119018
1534,0.239717,0.118857
1535,0.228943,0.119141
1536,0.242505,0.118584
1537,0.244255,0.118321
1538,0.232398,0.118410
1539,0.236755,0.118977
1540,0.243980,0.118425
1541,0.240212,0.118709
1542,0.247618,0.118715
1543,0.232068,0.118612
1544,0.235083,0.118752
1545,0.236927,0.118580
1546,0.231608,0.118439
1547,0.244201,0.118058
1548,0.226744,0.118950
1549,0.238069,0.119093
1550,0.231691,0.118740
1551,0.230782,0.120003
1552,0.234891,0.118677
1553,0.243005,0.118475
1554,0.233586,0.117589
1555,0.236516,0.119177
1556,0.228275,0.119479
1557,0.233591,0.118075
1558,0.247915,0.118539
1559,0.230151,0.118647
1560,0.239434,0.119002
1561,0.230407,0.118976
1562,0.245741,0.117934
1563,0.248143,0.118118
1564,0.244740,0.119042
1565,0.236142,0.118630
1566,0.262558,0.118561
1567,0.246839,0.118622
1568,0.226026,0.118828
1569,0.272744,0.118695
1570,0.252684,0.118563
1571,0.233949,0.118277
1572,0.252280,0.118365
1573,0.277759,0.118222
1574,0.225254,0.118861
1575,0.242450,0.118781
1576,0.260853,0.118948
1577,0.256636,0.118533
1578,0.237503,0.118321
1579,0.248758,0.118853
1580,0.249789,0.118286
1581,0.234524,0.118579
1582,0.253430,0.118450
1583,0.281002,0.118702
1584,0.244061,0.118790
1585,0.268143,0.118655
1586,0.239204,0.118484
1587,0.255557,0.118710
1588,0.234099,0.118158
1589,0.267396,0.118714
1590,0.251842,0.118507
1591,0.227495,0.118838
1592,0.238438,0.118461
1593,0.250184,0.119156
1594,0.260995,0.118460
1595,0.239886,0.118313
1596,0.242816,0.117865
1597,0.235498,0.118526
1598,0.230684,0.119124
1599,0.256814,0.118679
1600,0.225861,0.118509
1601,0.240433,0.119588
1602,0.225827,0.117792
1603,0.242016,0.117693
1604,0.252924,0.118664
1605,0.235218,0.119174
1606,0.230909,0.118529
1607,0.236906,0.118499
1608,0.236926,0.118043
1609,0.236899,0.119380
1610,0.236444,0.119195
1611,0.236801,0.118593
1612,0.237138,0.118424
1613,0.227562,0.118010
1614,0.234480,0.119114
1615,0.242204,0.119470
1616,0.232438,0.118022
1617,0.231350,0.119341
1618,0.229269,0.118156
1619,0.247594,0.118932
1620,0.227710,0.118188
1621,0.234374,0.118581
1622,0.228598,0.118345
1623,0.249253,0.118534
1624,0.233890,0.118174
1625,0.228464,0.119316
1626,0.236400,0.118336
1627,0.235602,0.118773
1628,0.246653,0.118311
1629,0.239376,0.118108
1630,0.233561,0.118984
1631,0.225773,0.118694
1632,0.231612,0.118167
1633,0.234151,0.118577
1634,0.224713,0.118335
1635,0.240171,0.118718
1636,0.255405,0.118355
1637,0.243685,0.118049
1638,0.254005,0.119259
1639,0.247178,0.119346
1640,0.240730,0.118516
1641,0.238095,0.118686
1642,0.234187,0.118533
1643,0.245374,0.118750
1644,0.253637,0.117785
1645,0.230350,0.119187
1646,0.232520,0.119221
1647,0.243508,0.119421
1648,0.235421,0.118759
1649,0.219486,0.118475
1650,0.247166,0.119069
1651,0.241906,0.119060
1652,0.233478,0.117728
1653,0.232764,0.119346
1654,0.234778,0.119306
1655,0.242228,0.118660
1656,0.227696,0.118472
1657,0.246675,0.118430
1658,0.234194,0.118585
1659,0.231253,0.118882
1660,0.243465,0.118051
1661,0.226864,0.118755
1662,0.240466,0.118269
1663,0.237704,0.119401
1664,0.230899,0.119443
1665,0.226158,0.118439
1666,0.229299,0.118038
1667,0.231079,0.117853
1668,0.234836,0.118395
1669,0.223610,0.119011
1670,0.246970,0.118293
1671,0.231018,0.119382
1672,0.225869,0.118447
1673,0.242584,0.119133
1674,0.239129,0.118850
1675,0.241741,0.118415
1676,0.242645,0.118411
1677,0.223041,0.118303
1678,0.227798,0.118712
1679,0.221100,0.118908
1680,0.243592,0.119140
1681,0.231748,0.118452
1682,0.232756,0.118488
1683,0.242397,0.118384
1684,0.229443,0.118590
1685,0.239985,0.118408
1686,0.239059,0.118697
1687,0.237117,0.118940
1688,0.246320,0.118400
1689,0.236704,0.118518
1690,0.248064,0.118150
1691,0.234332,0.118583
1692,0.243666,0.118398
1693,0.246346,0.118414
1694,0.235979,0.118987
1695,0.246137,0.118813
1696,0.243400,0.118162
1697,0.238421,0.119011
1698,0.238874,0.118217
1699,0.232197,0.118927
1700,0.265460,0.118208
1701,0.242090,0.120368
1702,0.244276,0.118433
1703,0.261953,0.118498
1704,0.238561,0.118763
1705,0.248916,0.118478
1706,0.241516,0.118336
1707,0.233895,0.118091
1708,0.236502,0.118301
1709,0.226788,0.119032
1710,0.244345,0.118601
1711,0.230158,0.119127
1712,0.247269,0.118972
1713,0.252835,0.119155
1714,0.237197,0.118267
1715,0.233182,0.118373
1716,0.243716,0.118098
1717,0.262327,0.119538
1718,0.235909,0.119745
1719,0.279998,0.118685
1720,0.231639,0.119325
1721,0.236545,0.118517
1722,0.260094,0.118548
1723,0.265783,0.119042
1724,0.237379,0.117967
1725,0.259266,0.118501
1726,0.233118,0.118501
1727,0.236588,0.118892
1728,0.245095,0.119114
1729,0.230200,0.118429
1730,0.233685,0.118319
1731,0.234551,0.118164
1732,0.245523,0.118450
1733,0.230048,0.119228
1734,0.234182,0.118235
1735,0.238419,0.118866
1736,0.240933,0.118375
1737,0.240732,0.119226
1738,0.230249,0.118721
1739,0.247828,0.118100
1740,0.228769,0.118469
1741,0.223345,0.118609
1742,0.241340,0.119618
1743,0.238705,0.119223
1744,0.231897,0.118534
1745,0.231505,0.118882
1746,0.245114,0.118337
1747,0.234909,0.118255
1748,0.239796,0.118114
1749,0.241247,0.118092
1750,0.244414,0.118271
1751,0.228658,0.119991
1752,0.247357,0.118457
1753,0.233935,0.118423
1754,0.220539,0.118307
1755,0.226941,0.118475
1756,0.249119,0.118346
1757,0.254191,0.118290
1758,0.231366,0.118761
1759,0.225264,0.119203
1760,0.237085,0.118927
1761,0.245240,0.118698
1762,0.234926,0.118369
1763,0.264182,0.118496
1764,0.230375,0.118091
1765,0.224511,0.118607
1766,0.239492,0.118708
1767,0.241216,0.118750
1768,0.230074,0.118831
1769,0.234286,0.119517
1770,0.251398,0.119100
1771,0.242861,0.119020
1772,0.227729,0.118655
1773,0.244876,0.118949
1774,0.243348,0.118713
1775,0.238718,0.118329
1776,0.233894,0.118319
1777,0.250507,0.119001
1778,0.278804,0.118737
1779,0.234581,0.118663
1780,0.237922,0.118300
1781,0.280220,0.118312
1782,0.235070,0.118455
1783,0.220583,0.118808
1784,0.255026,0.118533
1785,0.266455,0.118572
1786,0.255383,0.119071
1787,0.241261,0.119373
1788,0.237443,0.118491
1789,0.272070,0.118810
1790,0.267119,0.118121
1791,0.228664,0.118468
1792,0.217929,0.119265
1793,0.250337,0.118283
1794,0.264150,0.118371
1795,0.237191,0.118711
1796,0.230317,0.118558
1797,0.232340,0.119678
1798,0.244724,0.118416
1799,0.242254,0.118809
1800,0.230834,0.118349
1801,0.239901,0.119829
1802,0.247170,0.118236
1803,0.238027,0.118832
1804,0.224221,0.119306
1805,0.226615,0.118667
1806,0.233131,0.118677
1807,0.247858,0.118304
1808,0.234114,0.118487
1809,0.233416,0.118858
1810,0.222930,0.118487
1811,0.239446,0.118908
1812,0.230766,0.118695
1813,0.239235,0.118854
1814,0.234875,0.118860
1815,0.241627,0.118765
1816,0.231070,0.118545
1817,0.231299,0.118493
1818,0.234964,0.118516
1819,0.243973,0.118654
1820,0.230981,0.118903
1821,0.224270,0.118561
1822,0.239862,0.118565
1823,0.236766,0.118881
1824,0.230599,0.118684
1825,0.228016,0.118895
1826,0.228155,0.118234
1827,0.219817,0.118946
1828,0.225397,0.118415
1829,0.239025,0.118528
1830,0.229015,0.118569
1831,0.226574,0.118602
1832,0.228003,0.118119
1833,0.235908,0.118870
1834,0.225247,0.118317
1835,0.226148,0.118584
1836,0.244952,0.118874
1837,0.234917,0.118683
1838,0.233193,0.118827
1839,0.231356,0.118252
1840,0.242537,0.118521
1841,0.230943,0.118642
1842,0.241684,0.118700
1843,0.235896,0.118954
1844,0.231383,0.118598
1845,0.228463,0.118394
1846,0.231474,0.119062
1847,0.236948,0.118860
1848,0.234967,0.117903
1849,0.236667,0.118347
1850,0.240399,0.118637
1851,0.247649,0.119721
1852,0.249634,0.118516
1853,0.251312,0.118879
1854,0.228692,0.118006
1855,0.231456,0.117958
1856,0.226109,0.118023
1857,0.227841,0.118902
1858,0.233784,0.118870
1859,0.232055,0.119248
1860,0.234674,0.118490
1861,0.237806,0.118528
1862,0.233517,0.118391
1863,0.230611,0.118808
1864,0.225777,0.118556
1865,0.228568,0.118745
1866,0.230322,0.118443
1867,0.235241,0.119507
1868,0.234958,0.119342
1869,0.237810,0.118275
1870,0.233623,0.118488
1871,0.235304,0.118387
1872,0.233884,0.118214
1873,0.232080,0.118823
1874,0.242650,0.118565
1875,0.233330,0.119341
1876,0.241504,0.118762
1877,0.228569,0.118369
1878,0.237383,0.118297
1879,0.226651,0.118394
1880,0.242429,0.118105
1881,0.248051,0.118481
1882,0.234646,0.118571
1883,0.242194,0.119271
1884,0.237454,0.119050
1885,0.236387,0.118781
1886,0.220916,0.118053
1887,0.229876,0.118701
1888,0.241280,0.118889
1889,0.231424,0.118309
1890,0.220409,0.118301
1891,0.219501,0.118900
1892,0.237230,0.118882
1893,0.219740,0.118559
1894,0.229212,0.118324
1895,0.233011,0.118403
1896,0.227108,0.118067
1897,0.227663,0.118236
1898,0.229613,0.118375
1899,0.246225,0.118635
1900,0.249677,0.118812
1901,0.237748,0.119352
1902,0.236120,0.118336
1903,0.242764,0.118353
1904,0.235762,0.118334
1905,0.237094,0.118577
1906,0.246636,0.118823
1907,0.228953,0.118949
1908,0.240320,0.118962
1909,0.247752,0.118699
1910,0.233231,0.118044
1911,0.228155,0.118506
1912,0.234147,0.118572
1913,0.232062,0.118227
1914,0.241111,0.118585
1915,0.231676,0.118792
1916,0.224843,0.119139
1917,0.249656,0.119216
1918,0.235226,0.118410
1919,0.229205,0.118763
1920,0.235568,0.118541
1921,0.274169,0.118545
1922,0.231218,0.119030
1923,0.241365,0.118769
1924,0.234817,0.118666
1925,0.254636,0.118516
1926,0.224285,0.118402
1927,0.239471,0.119338
1928,0.273449,0.118295
1929,0.241507,0.119155
1930,0.229536,0.118357
1931,0.239719,0.118955
1932,0.272426,0.119034
1933,0.240591,0.118811
1934,0.248197,0.118749
1935,0.264755,0.118434
1936,0.213751,0.118255
1937,0.239737,0.119147
1938,0.245309,0.118692
1939,0.233745,0.119113
1940,0.241762,0.118223
1941,0.235988,0.118594
1942,0.225728,0.118795
1943,0.255304,0.118832
1944,0.232567,0.118493
1945,0.249588,0.118691
1946,0.235948,0.118562
1947,0.220029,0.118952
1948,0.224211,0.118867
1949,0.235933,0.118415
1950,0.236212,0.118519
1951,0.250899,0.119546
1952,0.230337,0.118386
1953,0.233668,0.118498
1954,0.229142,0.118703
1955,0.245504,0.118793
1956,0.232064,0.118373
1957,0.237782,0.118507
1958,0.247323,0.118243
1959,0.231315,0.118664
1960,0.223825,0.118414
1961,0.237828,0.118498
1962,0.241968,0.118564
1963,0.255321,0.118662
1964,0.233035,0.118394
1965,0.238326,0.118939
1966,0.250136,0.118043
1967,0.239224,0.118882
1968,0.234514,0.118492
1969,0.235869,0.118637
1970,0.239055,0.118613
1971,0.240322,0.118801
1972,0.238175,0.118581
1973,0.240299,0.118735
1974,0.218392,0.117950
1975,0.242971,0.118491
1976,0.235047,0.119130
1977,0.240386,0.118562
1978,0.240313,0.118669
1979,0.239176,0.118989
1980,0.233860,0.118590
1981,0.258722,0.118640
1982,0.232473,0.118107
1983,0.217464,0.118307
1984,0.225158,0.118467
1985,0.238798,0.118416
1986,0.233289,0.119091
1987,0.236616,0.119022
1988,0.236355,0.118638
1989,0.227899,0.118496
1990,0.231659,0.118200
1991,0.228049,0.118874
1992,0.226461,0.118585
1993,0.226068,0.118739
1994,0.228576,0.118290
1995,0.218786,0.119024
1996,0.230630,0.118590
1997,0.226347,0.118966
1998,0.233491,0.118266
1999,0.223000,0.118361
2000,0.231903,0.118493
2001,0.228535,0.118047
2002,0.249048,0.115338
2003,0.228631,0.117020
2004,0.223801,0.116824
2005,0.236913,0.116032
2006,0.244916,0.117256
2007,0.234813,0.117543
2008,0.238587,0.115641
2009,0.243864,0.116103
2010,0.232114,0.116883
2011,0.234670,0.117139
2012,0.241415,0.116130
2013,0.249361,0.117220
2014,0.262995,0.117512
2015,0.230434,0.116509
2016,0.267313,0.116500
2017,0.260959,0.116424
2018,0.236674,0.115584
2019,0.222238,0.116793
2020,0.249231,0.116731
2021,0.251183,0.115910
2022,0.235978,0.117673
2023,0.235175,0.117528
2024,0.232541,0.116944
2025,0.240290,0.116405
2026,0.241147,0.116159
2027,0.245054,0.116859
2028,0.260992,0.116348
2029,0.235511,0.115991
2030,0.231584,0.116875
2031,0.238397,0.117331
2032,0.231425,0.116558
2033,0.244780,0.115643
2034,0.237841,0.116534
2035,0.233997,0.117548
2036,0.222911,0.115715
2037,0.225904,0.116016
2038,0.227464,0.116777
2039,0.235228,0.117216
2040,0.233014,0.116054
2041,0.226204,0.116376
2042,0.230255,0.116919
2043,0.231751,0.116882
2044,0.236808,0.115913
2045,0.236465,0.116719
2046,0.235758,0.116026
2047,0.232704,0.116164
2048,0.288837,0.116910
2049,0.236920,0.116395
2050,0.230675,0.116185
2051,0.230591,0.117168
2052,0.231515,0.117192
2053,0.227130,0.115566
2054,0.224751,0.116558
2055,0.246513,0.117676
2056,0.223592,0.115861
2057,0.246127,0.115791
2058,0.230148,0.116523
2059,0.220468,0.117647
2060,0.228327,0.115355
2061,0.228558,0.116844
2062,0.235048,0.117057
2063,0.240419,0.116484
2064,0.230455,0.116088
2065,0.240874,0.116394
2066,0.236255,0.116466
2067,0.235452,0.115757
2068,0.245837,0.116464
2069,0.227092,0.116944
2070,0.237203,0.117120
2071,0.241606,0.116332
2072,0.233829,0.116402
2073,0.246065,0.116380
2074,0.239285,0.116700
2075,0.230966,0.115702
2076,0.236524,0.116236
2077,0.245177,0.117034
2078,0.226686,0.117419
2079,0.242333,0.115861
2080,0.235817,0.116648
2081,0.244294,0.115874
2082,0.233607,0.116365
2083,0.229005,0.116733
2084,0.234652,0.116745
2085,0.254683,0.116037
2086,0.233883,0.117484
2087,0.231473,0.117075
2088,0.229003,0.116840
2089,0.232697,0.115587
2090,0.239186,0.116793
2091,0.239829,0.117336
2092,0.226037,0.116948
2093,0.229367,0.115753
2094,0.234363,0.116533
2095,0.229769,0.117033
2096,0.226596,0.116321
2097,0.228815,0.116378
2098,0.244358,0.117083
2099,0.247438,0.116739
2100,0.232851,0.115480
2101,0.246755,0.117628
2102,0.242563,0.116480
2103,0.233544,0.117238
2104,0.226080,0.116831
2105,0.226735,0.116222
2106,0.238841,0.116786
2107,0.241473,0.117771
2108,0.234464,0.116513
2109,0.248704,0.115941
2110,0.233042,0.116376
2111,0.259935,0.116963
2112,0.233173,0.115928
2113,0.250257,0.116135
2114,0.242818,0.116842
2115,0.227259,0.117468
2116,0.241329,0.115849
2117,0.242855,0.115884
2118,0.229678,0.116153
2119,0.241256,0.117152
2120,0.243668,0.115877
2121,0.234653,0.116314
2122,0.246495,0.117017
2123,0.238863,0.117812
2124,0.229470,0.116590
2125,0.239202,0.116647
2126,0.229230,0.116388
2127,0.244701,0.116157
2128,0.227899,0.116168
2129,0.234381,0.116853
2130,0.227000,0.117525
2131,0.245207,0.117124
2132,0.237968,0.115852
2133,0.236977,0.116527
2134,0.228822,0.116183
2135,0.224683,0.116866
2136,0.246638,0.116558
2137,0.238418,0.116079
2138,0.235372,0.116040
2139,0.235504,0.117310
2140,0.236801,0.117191
2141,0.257865,0.115385
2142,0.241824,0.116095
2143,0.228035,0.117006
2144,0.240498,0.116040
2145,0.248608,0.116100
2146,0.237099,0.116857
2147,0.233385,0.117971
2148,0.245696,0.115915
2149,0.232329,0.117035
2150,0.233167,0.116407
2151,0.245503,0.117472
2152,0.238292,0.116252
2153,0.234118,0.116855
2154,0.233732,0.116975
2155,0.245761,0.117141
2156,0.225147,0.115677
2157,0.234762,0.117121
2158,0.240596,0.117121
2159,0.241621,0.117706
2160,0.231382,0.115868
2161,0.236612,0.116346
2162,0.249616,0.116489
2163,0.237620,0.116997
2164,0.252112,0.117278
2165,0.238996,0.117357
2166,0.232281,0.117317
2167,0.246497,0.117062
2168,0.224838,0.116227
2169,0.236398,0.117077
2170,0.236822,0.118778
2171,0.228978,0.117910
2172,0.225609,0.118124
2173,0.227465,0.118538
2174,0.238339,0.117593
2175,0.238226,0.117800
2176,0.230890,0.116021
2177,0.245194,0.116491
2178,0.233269,0.116693
2179,0.238306,0.118198
2180,0.236644,0.117083
2181,0.233296,0.118252
2182,0.238936,0.117539
2183,0.233703,0.116242
2184,0.238772,0.115487
2185,0.246712,0.116839
2186,0.234416,0.117433
2187,0.238505,0.117441
2188,0.225588,0.116309
2189,0.229720,0.116462
2190,0.242947,0.116830
2191,0.247091,0.117630
2192,0.236733,0.115168
2193,0.227767,0.116135
2194,0.237092,0.117474
2195,0.240923,0.117411
2196,0.242239,0.115982
2197,0.238184,0.116435
2198,0.242132,0.116593
2199,0.253343,0.117543
2200,0.239921,0.115300
2201,0.235060,0.116600
2202,0.232368,0.115690
2203,0.232650,0.117240
2204,0.225128,0.117716
2205,0.227457,0.116276
2206,0.217705,0.117053
2207,0.234656,0.117883
2208,0.233496,0.116206
2209,0.235189,0.116629
2210,0.236979,0.115838
2211,0.244645,0.116628
2212,0.229667,0.117030
2213,0.226709,0.117433
2214,0.234596,0.116469
2215,0.238782,0.117118
2216,0.245762,0.117139
2217,0.247500,0.116873
2218,0.232148,0.115629
2219,0.239821,0.116685
2220,0.240280,0.116063
2221,0.241300,0.116118
2222,0.233812,0.116745
2223,0.247812,0.118291
2224,0.242774,0.117297
2225,0.227964,0.116265
2226,0.232339,0.114984
2227,0.243415,0.116353
2228,0.238327,0.117403
2229,0.233521,0.117218
2230,0.235773,0.115138
2231,0.246308,0.116977
2232,0.231064,0.116941
2233,0.237025,0.117132
2234,0.232878,0.114962
2235,0.238391,0.116531
2236,0.237556,0.117565
2237,0.229298,0.117246
2238,0.230275,0.116269
2239,0.237680,0.116529
2240,0.239500,0.117078
2241,0.231395,0.117147
2242,0.242124,0.116701
2243,0.220976,0.115930
2244,0.232964,0.116758
2245,0.228707,0.116857
2246,0.239073,0.117002
2247,0.230992,0.115664
2248,0.235837,0.116144
2249,0.230124,0.116790
2250,0.231940,0.117223
2251,0.229993,0.118110
2252,0.228375,0.116257
2253,0.231067,0.117234
2254,0.234896,0.115002
2255,0.232433,0.116619
2256,0.242299,0.116705
2257,0.226652,0.116735
2258,0.234058,0.116573
2259,0.239800,0.116076
2260,0.232575,0.116790
2261,0.235020,0.117313
2262,0.238603,0.117138
2263,0.225647,0.117348
2264,0.222215,0.118055
2265,0.232625,0.115929
2266,0.233829,0.115904
2267,0.235981,0.115810
2268,0.230161,0.116592
2269,0.244854,0.117689
2270,0.228947,0.116319
2271,0.224896,0.116559
2272,0.243567,0.117499
2273,0.236540,0.117506
2274,0.234367,0.116455
2275,0.225064,0.115095
2276,0.235192,0.116581
2277,0.242108,0.117078
2278,0.243146,0.117062
2279,0.226503,0.116055
2280,0.242545,0.117196
2281,0.260529,0.117157
2282,0.250971,0.116811
2283,0.228246,0.115806
2284,0.232980,0.116059
2285,0.252656,0.116401
2286,0.246593,0.116935
2287,0.238145,0.117054
2288,0.234839,0.115950
2289,0.256581,0.116633
2290,0.237370,0.116870
2291,0.237964,0.117264
2292,0.231641,0.117077
2293,0.247886,0.117333
2294,0.243348,0.116435
2295,0.230062,0.117249
2296,0.231430,0.115643
2297,0.228979,0.116140
2298,0.233331,0.116018
2299,0.238916,0.117259
2300,0.234548,0.116998
2301,0.227799,0.118161
2302,0.246872,0.116828
2303,0.240197,0.117437
2304,0.245916,0.116952
2305,0.234545,0.116909
2306,0.236590,0.115874
2307,0.230748,0.116151
2308,0.228472,0.116383
2309,0.229122,0.117120
2310,0.256732,0.117091
2311,0.244373,0.116976
2312,0.252962,0.116507
2313,0.239752,0.117037
2314,0.240110,0.115542
2315,0.224222,0.116439
2316,0.239530,0.116673
2317,0.232934,0.116905
2318,0.236001,0.117472
2319,0.234664,0.118178
2320,0.247978,0.116019
2321,0.232370,0.116436
2322,0.233121,0.116096
2323,0.238587,0.117125
2324,0.240423,0.115905
2325,0.239593,0.116523
2326,0.233011,0.116529
2327,0.238996,0.118150
2328,0.222152,0.116971
2329,0.241381,0.117143
2330,0.227685,0.115313
2331,0.230839,0.116467
2332,0.234802,0.117295
2333,0.223291,0.117056
2334,0.237399,0.117044
2335,0.239354,0.115779
2336,0.233932,0.115703
2337,0.228302,0.116690
2338,0.234451,0.117123
2339,0.240568,0.117406
2340,0.234772,0.117738
2341,0.230353,0.116679
2342,0.235076,0.116802
2343,0.232821,0.116465
2344,0.224357,0.116803
2345,0.234076,0.116554
2346,0.245063,0.116136
2347,0.245718,0.117179
2348,0.239730,0.117800
2349,0.248615,0.117108
2350,0.236338,0.116195
2351,0.257670,0.117459
2352,0.233384,0.116622
2353,0.249064,0.115785
2354,0.251582,0.117193
2355,0.260369,0.117860
2356,0.228537,0.116357
2357,0.248162,0.117103
2358,0.258501,0.117578
2359,0.238814,0.117184
2360,0.230807,0.115666
2361,0.228086,0.116075
2362,0.227606,0.116461
2363,0.244575,0.117499
2364,0.226725,0.117454
2365,0.244046,0.116596
2366,0.234596,0.116634
2367,0.233487,0.117073
2368,0.229173,0.117216
2369,0.230461,0.115636
2370,0.241640,0.115702
2371,0.234642,0.117547
2372,0.225655,0.117371
2373,0.243391,0.117054
2374,0.237418,0.115223
2375,0.244084,0.116995
2376,0.236155,0.116319
2377,0.236809,0.117296
2378,0.233872,0.117820
2379,0.230549,0.119417
2380,0.227291,0.117423
2381,0.227006,0.116747
2382,0.232280,0.116485
2383,0.231849,0.116854
2384,0.245605,0.117846
2385,0.233617,0.116415
2386,0.238145,0.116911
2387,0.241728,0.116010
2388,0.233882,0.117146
2389,0.235330,0.116503
2390,0.243526,0.117003
2391,0.237044,0.117332
2392,0.240840,0.116930
2393,0.238865,0.116501
2394,0.233849,0.117070
2395,0.229908,0.116281
2396,0.234175,0.116920
2397,0.240601,0.117376
2398,0.231227,0.115831
2399,0.244660,0.116273
2400,0.243261,0.117711
2401,0.233578,0.118050
2402,0.241988,0.117656
2403,0.233974,0.116386
2404,0.234721,0.116854
2405,0.235425,0.116094
2406,0.234912,0.116555
2407,0.243949,0.117546
2408,0.245358,0.115685
2409,0.227325,0.116577
2410,0.247410,0.117817
2411,0.244456,0.117652
2412,0.233760,0.116087
2413,0.232599,0.115573
2414,0.241448,0.116770
2415,0.237582,0.117677
2416,0.235606,0.117488
2417,0.244630,0.118160
2418,0.257759,0.117106
2419,0.245364,0.118956
2420,0.244010,0.118274
2421,0.245278,0.116249
2422,0.246116,0.116434
2423,0.237250,0.117186
2424,0.244999,0.117210
2425,0.236423,0.117765
2426,0.247855,0.118428
2427,0.232395,0.118272
2428,0.239213,0.118637
2429,0.227811,0.116896
2430,0.244613,0.116212
2431,0.245077,0.115543
2432,0.243471,0.116371
2433,0.225601,0.117596
2434,0.251010,0.117511
2435,0.234626,0.118969
2436,0.242846,0.117042
2437,0.246569,0.117117
2438,0.246501,0.116020
2439,0.241281,0.117079
2440,0.234860,0.117576
2441,0.238170,0.118414
2442,0.242217,0.117333
2443,0.243406,0.118790
2444,0.244917,0.117945
2445,0.224518,0.118448
2446,0.250360,0.118351
2447,0.249216,0.116929
2448,0.233443,0.116274
2449,0.230390,0.116357
2450,0.242503,0.117677
2451,0.235101,0.119338
2452,0.235207,0.118366
2453,0.228614,0.118625
2454,0.227542,0.117310
2455,0.242713,0.117362
2456,0.225687,0.115831
2457,0.236920,0.117075
2458,0.226408,0.117768
2459,0.226261,0.116848
2460,0.241071,0.117870
2461,0.241634,0.118903
2462,0.239273,0.117985
2463,0.241201,0.117876
2464,0.243034,0.116784
2465,0.234581,0.116579
2466,0.234908,0.117549
2467,0.250359,0.117603
2468,0.563513,0.117843
2469,0.230254,0.116839
2470,0.230405,0.118320
2471,0.251929,0.117690
2472,0.239045,0.116848
2473,0.239200,0.116255
2474,0.227214,0.116584
2475,0.242876,0.116762
2476,0.230220,0.116649
2477,0.236527,0.116771
2478,0.238213,0.118965
2479,0.227457,0.120022
2480,0.229761,0.116244
2481,0.241814,0.115946
2482,0.243135,0.117155
2483,0.233425,0.117134
2484,0.232278,0.116979
2485,0.237518,0.115629
2486,0.236979,0.115976
2487,0.234007,0.117299
2488,0.235085,0.117377
2489,0.233011,0.117000
2490,0.233843,0.115627
2491,0.233742,0.116837
2492,0.230875,0.118190
2493,0.249305,0.117289
2494,0.232217,0.116966
2495,0.238267,0.117489
2496,0.241553,0.116655
2497,0.242375,0.117164
2498,0.243499,0.115917
2499,0.240431,0.116655
2500,0.239575,0.117829
2501,0.246195,0.117565
2502,0.238646,0.117461
2503,0.239029,0.117824
2504,0.254827,0.117365
2505,0.236068,0.117240
2506,0.230306,0.116360
2507,0.239409,0.116918
2508,0.243124,0.115833
2509,0.240413,0.117119
2510,0.244962,0.115965
2511,0.237474,0.117004
2512,0.246606,0.116791
2513,0.235869,0.117570
2514,0.231768,0.117216
2515,0.235441,0.116166
2516,0.237991,0.115756
2517,0.236806,0.116645
2518,0.228787,0.117449
2519,0.240108,0.117799
2520,0.243672,0.117592
2521,0.238993,0.116826
2522,0.242399,0.118309
2523,0.240380,0.119018
2524,0.234291,0.116797
2525,0.233569,0.116164
2526,0.229657,0.117510
2527,0.240457,0.117111
2528,0.235995,0.117337
2529,0.243257,0.117332
2530,0.246994,0.116654
2531,0.235008,0.116751
2532,0.245230,0.116331
2533,0.225769,0.116831
2534,0.247799,0.116401
2535,0.235344,0.118275
2536,0.235903,0.118277
2537,0.225940,0.117151
2538,0.243706,0.117305
2539,0.240341,0.116449
2540,0.256244,0.116651
2541,0.255153,0.116965
2542,0.228473,0.117127
2543,0.239327,0.117584
2544,0.244096,0.118005
2545,0.250443,0.116845
2546,0.232681,0.115472
2547,0.250338,0.116344
2548,0.250847,0.116363
2549,0.253209,0.117630
2550,0.245313,0.116888
2551,0.248989,0.119068
2552,0.232440,0.116517
2553,0.232952,0.116577
2554,0.237158,0.117172
2555,0.240029,0.117708
2556,0.235367,0.116476
2557,0.253748,0.115711
2558,0.253966,0.116141
2559,0.240814,0.117720
2560,0.232847,0.117075
2561,0.239351,0.117187
2562,0.246699,0.115337
2563,0.247959,0.117070
2564,0.241099,0.117191
2565,0.254151,0.117235
2566,0.248800,0.116665
2567,0.239366,0.118020
2568,0.240470,0.117336
2569,0.257874,0.116079
2570,0.261601,0.115466
2571,0.245908,0.117246
2572,0.237112,0.117563
2573,0.243252,0.116665
2574,0.230080,0.115530
2575,0.233074,0.117335
2576,0.226579,0.116950
2577,0.242134,0.117163
2578,0.226089,0.117270
2579,0.240879,0.116280
2580,0.235633,0.116988
2581,0.229842,0.116992
2582,0.232119,0.117070
2583,0.228734,0.115941
2584,0.237536,0.116492
2585,0.238634,0.117774
2586,0.233994,0.116928
2587,0.241609,0.116958
2588,0.242427,0.117306
2589,0.246173,0.116304
2590,0.234708,0.115664
2591,0.223041,0.116267
2592,0.226145,0.117190
2593,0.241565,0.118073
2594,0.245121,0.117343
2595,0.250453,0.116881
2596,0.226298,0.116377
2597,0.243163,0.117417
2598,0.264786,0.116683
2599,0.250304,0.117276
2600,0.231958,0.116840
2601,0.243963,0.118411
2602,0.248150,0.117066
2603,0.229147,0.117856
2604,0.231705,0.116892
2605,0.239797,0.117129
2606,0.229315,0.115967
2607,0.244184,0.117133
2608,0.241153,0.118142
2609,0.230528,0.116729
2610,0.227470,0.116914
2611,0.240502,0.118398
2612,0.245800,0.117262
2613,0.247777,0.116642
2614,0.247611,0.116263
2615,0.258115,0.116766
2616,0.232084,0.117372
2617,0.239802,0.116238
2618,0.245573,0.116286
2619,0.234650,0.117215
2620,0.248577,0.117052
2621,0.257236,0.117224
2622,0.229868,0.116703
2623,0.224836,0.116208
2624,0.250318,0.117476
2625,0.259129,0.117306
2626,0.248637,0.118461
2627,0.245431,0.115366
2628,0.245226,0.116328
2629,0.265171,0.116666
2630,0.239589,0.117079
2631,0.239561,0.117225
2632,0.255439,0.117607
2633,0.251448,0.116556
2634,0.242857,0.115897
2635,0.246569,0.116218
2636,0.258080,0.116486
2637,0.237994,0.117570
2638,0.242022,0.117549
2639,0.238382,0.116387
2640,0.262952,0.116517
2641,0.269741,0.117258
2642,0.246021,0.116927
2643,0.240143,0.117418
2644,0.235189,0.117064
2645,0.266183,0.117006
2646,0.241443,0.115864
2647,0.243078,0.117026
2648,0.258150,0.115991
2649,0.253131,0.117035
2650,0.235311,0.117299
2651,0.247887,0.118429
2652,0.237371,0.118145
2653,0.252889,0.117176
2654,0.273157,0.116706
2655,0.238655,0.117716
2656,0.232074,0.117118
2657,0.243684,0.116029
2658,0.256864,0.115063
2659,0.236099,0.116572
2660,0.225686,0.117537
2661,0.245774,0.117764
2662,0.257770,0.116727
2663,0.233496,0.116397
2664,0.241070,0.117229
2665,0.229994,0.116923
2666,0.246968,0.116798
2667,0.245162,0.117121
2668,0.234952,0.116981
2669,0.234234,0.116374
2670,0.241427,0.116036
2671,0.253842,0.115899
2672,0.244867,0.116964
2673,0.238151,0.117867
2674,0.238382,0.115947
2675,0.248151,0.118033
2676,0.240527,0.117748
2677,0.241213,0.116743
2678,0.232812,0.117150
2679,0.239541,0.117090
2680,0.225718,0.116057
2681,0.268503,0.117095
2682,0.251755,0.116846
2683,0.241410,0.117358
2684,0.233823,0.115557
2685,0.240385,0.116127
2686,0.236391,0.117305
2687,0.236368,0.117363
2688,0.236509,0.116868
2689,0.242236,0.117888
2690,0.229335,0.116988
2691,0.238193,0.116969
2692,0.244887,0.115499
2693,0.239213,0.117131
2694,0.245323,0.117472
2695,0.232793,0.116982
2696,0.253175,0.116362
2697,0.244684,0.116891
2698,0.252785,0.116966
2699,0.231585,0.117287
2700,0.232704,0.117265
2701,0.244479,0.117320
2702,0.231885,0.115291
2703,0.242338,0.116979
2704,0.228453,0.117784
2705,0.224082,0.117482
2706,0.232085,0.115994
2707,0.251618,0.116585
2708,0.240781,0.116583
2709,0.242739,0.117186
2710,0.232556,0.117319
2711,0.248639,0.116134
2712,0.224523,0.116961
2713,0.251586,0.117276
2714,0.253686,0.116946
2715,0.227962,0.115908
2716,0.232301,0.116610
2717,0.250443,0.117919
2718,0.230044,0.117227
2719,0.253814,0.117196
2720,0.230246,0.117559
2721,0.234912,0.116373
2722,0.231511,0.116214
2723,0.232335,0.115876
2724,0.233803,0.116681
2725,0.243245,0.117477
2726,0.258099,0.117419
2727,0.242729,0.117476
2728,0.239018,0.115981
2729,0.247223,0.116460
2730,0.230262,0.116832
2731,0.239679,0.116582
2732,0.248212,0.115762
2733,0.230915,0.117316
2734,0.241116,0.116769
2735,0.238753,0.117299
2736,0.245947,0.115313
2737,0.235034,0.116020
2738,0.244873,0.116898
2739,0.235767,0.116972
2740,0.242718,0.116909
2741,0.234696,0.116841
2742,0.249727,0.116528
2743,0.252695,0.117126
2744,0.239039,0.115988
2745,0.255757,0.116853
2746,0.239929,0.118032
2747,0.235937,0.117102
2748,0.233087,0.116910
2749,0.241146,0.117362
2750,0.249863,0.115461
2751,0.236836,0.118112
2752,0.249629,0.116788
2753,0.235930,0.117159
2754,0.233838,0.116064
2755,0.222215,0.117490
2756,0.248924,0.117800
2757,0.251877,0.116569
2758,0.237057,0.116388
2759,0.231029,0.117693
2760,0.233669,0.117568
2761,0.232393,0.115894
2762,0.244753,0.115609
2763,0.253816,0.117209
2764,0.231947,0.117438
2765,0.242588,0.117332
2766,0.233484,0.117138
2767,0.240594,0.116464
2768,0.236839,0.118167
2769,0.246603,0.117535
2770,0.237460,0.116103
2771,0.239880,0.116479
2772,0.245166,0.117033
2773,0.240781,0.117268
2774,0.229727,0.117257
2775,0.249564,0.117666
2776,0.238274,0.116486
2777,0.240593,0.117994
2778,0.236662,0.118225
2779,0.239611,0.117541
2780,0.240044,0.116013
2781,0.231789,0.119208
2782,0.237218,0.117265
2783,0.251378,0.117533
2784,0.242750,0.117054
2785,0.247197,0.117566
2786,0.233360,0.115459
2787,0.237738,0.116616
2788,0.236919,0.116525
2789,0.232006,0.116983
2790,0.232163,0.117145
2791,0.229988,0.116804
2792,0.252524,0.116848
2793,0.245170,0.117649
2794,0.238276,0.117809
2795,0.244086,0.115902
2796,0.245536,0.115670
2797,0.280314,0.116259
2798,0.250388,0.117384
2799,0.258671,0.117633
2800,0.273745,0.116533
2801,0.237889,0.119176
2802,0.251701,0.117205
2803,0.252436,0.118405
2804,0.234754,0.115861
2805,0.241509,0.116174
2806,0.241060,0.116042
2807,0.245971,0.117080
2808,0.252263,0.117689
2809,0.259040,0.116575
2810,0.238039,0.116541
2811,0.246823,0.117764
2812,0.238153,0.117378
2813,0.248750,0.115574
2814,0.242884,0.115203
2815,0.236700,0.117196
2816,0.238460,0.117620
2817,0.255528,0.116990
2818,0.234143,0.117497
2819,0.239543,0.118292
2820,0.241986,0.117870
2821,0.241187,0.117638
2822,0.237315,0.116425
2823,0.247277,0.120617
2824,0.239385,0.116867
2825,0.248992,0.119233
2826,0.244368,0.119127
2827,0.234547,0.120799
2828,0.239453,0.118158
2829,0.229491,0.119435
2830,0.231981,0.120679
2831,0.241511,0.121941
2832,0.246087,0.118578
2833,0.240262,0.118196
2834,0.249115,0.119504
2835,0.239226,0.119021
2836,0.244326,0.115654
2837,0.246752,0.119041
2838,0.235978,0.119085
2839,0.234780,0.118385
2840,0.254610,0.116860
2841,0.249709,0.117921
2842,0.259802,0.117029
2843,0.251901,0.115906
2844,0.242331,0.115637
2845,0.243257,0.116667
2846,0.259993,0.117433
2847,0.237150,0.116901
2848,0.254198,0.116150
2849,0.243809,0.117011
2850,0.246985,0.117117
2851,0.252848,0.118730
2852,0.249870,0.116350
2853,0.242493,0.117140
2854,0.284915,0.116118
2855,0.242893,0.116889
2856,0.246909,0.116675
2857,0.267940,0.117110
2858,0.245904,0.116665
2859,0.243221,0.117772
2860,0.243550,0.115580
2861,0.234670,0.116174
2862,0.257219,0.115853
2863,0.245588,0.117716
2864,0.239751,0.117769
2865,0.252302,0.116714
2866,0.235235,0.116582
2867,0.236913,0.117526
2868,0.236252,0.115466
2869,0.243190,0.116087
2870,0.249431,0.115899
2871,0.233532,0.117461
2872,0.246697,0.117877
2873,0.249631,0.116323
2874,0.243600,0.116600
2875,0.249880,0.117898
2876,0.241857,0.115814
2877,0.245722,0.116757
2878,0.237285,0.115530
2879,0.252517,0.116263
2880,0.237861,0.116499
2881,0.234797,0.117152
2882,0.252312,0.115485
2883,0.236499,0.117521
2884,0.239214,0.117114
2885,0.238115,0.115308
2886,0.237607,0.116695
2887,0.241494,0.116939
2888,0.242881,0.117000
2889,0.242331,0.114598
2890,0.242800,0.116490
2891,0.237188,0.117969
2892,0.248999,0.116891
2893,0.241410,0.115646
2894,0.246245,0.116830
2895,0.248280,0.117226
2896,0.242634,0.117434
2897,0.246846,0.115045
2898,0.247030,0.116844
2899,0.270561,0.118168
2900,0.256749,0.116437
2901,0.237252,0.118519
2902,0.239643,0.117027
2903,0.271461,0.117358
2904,0.252482,0.117712
2905,0.248463,0.116701
2906,0.239682,0.117055
2907,0.243065,0.115546
2908,0.233305,0.116339
2909,0.263926,0.115753
2910,0.250876,0.115254
2911,0.243030,0.116117
2912,0.235098,0.115310
2913,0.243187,0.117183
2914,0.239665,0.117775
2915,0.253617,0.116380
2916,0.250467,0.116702
2917,0.244838,0.117753
2918,0.248124,0.117159
2919,0.232208,0.115714
2920,0.267932,0.115653
2921,0.238699,0.117132
2922,0.246146,0.117455
2923,0.245032,0.116243
2924,0.241272,0.117334
2925,0.243520,0.117398
2926,0.259737,0.115549
2927,0.250657,0.116636
2928,0.234480,0.116038
2929,0.245262,0.116417
2930,0.233131,0.115966
2931,0.253329,0.117243
2932,0.248832,0.116930
2933,0.243295,0.117519
2934,0.247243,0.116968
2935,0.250487,0.117257
2936,0.240605,0.116122
2937,0.236833,0.115679
2938,0.240482,0.116415
2939,0.246719,0.117484
2940,0.245044,0.115894
2941,0.260155,0.116632
2942,0.246088,0.117168
2943,0.254574,0.116409
2944,0.257559,0.116506
2945,0.240881,0.116891
2946,0.253635,0.117175
2947,0.244248,0.115214
2948,0.253520,0.116344
2949,0.248960,0.117666
2950,0.244070,0.115441
2951,0.249223,0.116883
2952,0.253860,0.117378
2953,0.264700,0.116141
2954,0.244730,0.117090
2955,0.238452,0.117076
2956,0.242503,0.117112
2957,0.257308,0.115761
2958,0.280877,0.115545
2959,0.249217,0.116346
2960,0.243959,0.117255
2961,0.249026,0.117636
2962,0.247737,0.117792
2963,0.248080,0.116236
2964,0.240944,0.116085
2965,0.244900,0.115411
2966,0.261499,0.117231
2967,0.241857,0.118523
2968,0.240488,0.116461
2969,0.247499,0.116802
2970,0.251839,0.116561
2971,0.248713,0.117017
2972,0.253367,0.116955
2973,0.246195,0.115949
2974,0.244791,0.115392
2975,0.248817,0.116074
2976,0.237790,0.117375
2977,0.245235,0.116941
2978,0.252012,0.117166
2979,0.250456,0.116847
2980,0.256237,0.116978
2981,0.252785,0.114955
2982,0.245129,0.116370
2983,0.251853,0.117591
2984,0.246069,0.117332
2985,0.254855,0.115536
2986,0.242433,0.116345
2987,0.246347,0.116982
2988,0.249602,0.116944
2989,0.243089,0.115307
2990,0.255269,0.116577
2991,0.242435,0.117597
2992,0.270293,0.115103
2993,0.244664,0.115382
2994,0.251519,0.116263
2995,0.248291,0.117120
2996,0.244698,0.116306
2997,0.234408,0.116571
2998,0.238606,0.116740
2999,0.250249,0.117117
3000,0.240262,0.115383
3001,0.248592,0.117438
3002,0.241260,0.117568
3003,0.243544,0.116485
3004,0.258165,0.116696
3005,0.245074,0.116036
3006,0.234883,0.115535
3007,0.254680,0.118259
3008,0.244487,0.117185
3009,0.239634,0.117078
3010,0.245160,0.116849
3011,0.252926,0.116753
3012,0.236169,0.116686
3013,0.247181,0.115529
3014,0.250347,0.116300
3015,0.240349,0.117149
3016,0.239868,0.115659
3017,0.245845,0.116191
3018,0.234656,0.116944
3019,0.237281,0.117347
3020,0.250037,0.116704
3021,0.243586,0.115902
3022,0.242587,0.116790
3023,0.238141,0.117636
3024,0.264370,0.114719
3025,0.244549,0.116552
3026,0.245171,0.117757
3027,0.242501,0.115499
3028,0.255689,0.116726
3029,0.248401,0.117299
3030,0.243410,0.116191
3031,0.238602,0.117302
3032,0.238766,0.114848
3033,0.248778,0.116399
3034,0.237517,0.116511
3035,0.256580,0.115421
3036,0.238957,0.116043
3037,0.250992,0.117239
3038,0.255780,0.116725
3039,0.255917,0.116380
3040,0.240381,0.115933
3041,0.240283,0.116893
3042,0.257541,0.116411
3043,0.243674,0.115394
3044,0.238711,0.116094
3045,0.244741,0.117249
3046,0.240729,0.116917
3047,0.230758,0.115559
3048,0.245902,0.116815
3049,0.240798,0.117166
3050,0.247126,0.117063
3051,0.248040,0.116239
3052,0.249513,0.116754
3053,0.243860,0.115578
3054,0.246152,0.116541
3055,0.243316,0.117142
3056,0.241076,0.117126
3057,0.241059,0.116970
3058,0.251802,0.116932
3059,0.251981,0.116598
3060,0.243257,0.116968
3061,0.242919,0.116037
3062,0.246192,0.116234
3063,0.243067,0.118128
3064,0.243025,0.116785
3065,0.251170,0.116767
3066,0.243711,0.117186
3067,0.243332,0.117592
3068,0.238408,0.117288
3069,0.246287,0.114998
3070,0.248953,0.116507
3071,0.233402,0.117530
3072,0.257501,0.115554
3073,0.254394,0.116704
3074,0.231089,0.117592
3075,0.263310,0.115574
3076,0.252808,0.116411
3077,0.243387,0.116228
3078,0.240786,0.116943
3079,0.255375,0.118090
3080,0.245956,0.117142
3081,0.248815,0.115614
3082,0.243320,0.116703
3083,0.253808,0.117143
3084,0.255952,0.117312
3085,0.237579,0.114820
3086,0.242630,0.115995
3087,0.241265,0.117668
3088,0.254585,0.118406
3089,0.235841,0.116748
3090,0.261275,0.115742
3091,0.252015,0.117222
3092,0.238589,0.116965
3093,0.240527,0.117308
3094,0.253629,0.116485
3095,0.244770,0.116917
3096,0.247765,0.116605
3097,0.247432,0.116588
3098,0.248740,0.115763
3099,0.251799,0.116523
3100,0.254574,0.118021
3101,0.235244,0.117494
3102,0.237007,0.116844
3103,0.254022,0.117915
3104,0.244311,0.117305
3105,0.267018,0.117043
3106,0.238212,0.116538
3107,0.253501,0.119735
3108,0.252909,0.115822
3109,0.241971,0.116167
3110,0.242313,0.116912
3111,0.243825,0.117999
3112,0.234237,0.116938
3113,0.259333,0.117397
3114,0.259441,0.118265
3115,0.241117,0.119171
3116,0.249434,0.117708
3117,0.239278,0.118958
3118,0.255715,0.118958
3119,0.255607,0.118677
3120,0.240850,0.118544
3121,0.246634,0.119736
3122,0.245464,0.117376
3123,0.254244,0.118472
3124,0.258682,0.116777
3125,0.244792,0.116264
3126,0.255498,0.117274
3127,0.246436,0.115997
3128,0.262647,0.116753
3129,0.251660,0.117854
3130,0.244921,0.116741
3131,0.236447,0.116429
3132,0.242742,0.117469
3133,0.253619,0.117074
3134,0.250764,0.116722
3135,0.246878,0.115714
3136,0.240471,0.116739
3137,0.239412,0.117510
3138,0.259005,0.115987
3139,0.259390,0.116215
3140,0.248205,0.117511
3141,0.246548,0.116985
3142,0.248411,0.116946
3143,0.243125,0.115155
3144,0.251675,0.116781
3145,0.239020,0.117559
3146,0.249114,0.116687
3147,0.257055,0.116157
3148,0.244743,0.117509
3149,0.236774,0.117078
3150,0.238313,0.116915
3151,0.239921,0.116865
3152,0.235359,0.116436
3153,0.242765,0.115857
3154,0.249295,0.116690
3155,0.280008,0.117695
3156,0.257758,0.117400
3157,0.253267,0.117071
3158,0.245370,0.117644
3159,0.244532,0.115839
3160,0.250529,0.116258
3161,0.255615,0.115313
3162,0.253171,0.116660
3163,0.236538,0.117611
3164,0.262357,0.116355
3165,0.240989,0.116715
3166,0.248139,0.118847
3167,0.241097,0.116420
3168,0.253027,0.116031
3169,0.245293,0.115180
3170,0.247565,0.116878
3171,0.246460,0.117602
3172,0.256365,0.116236
3173,0.257141,0.116854
3174,0.246061,0.118397
3175,0.252689,0.115947
3176,0.237856,0.116206
3177,0.237711,0.115353
3178,0.251046,0.116735
3179,0.259575,0.117614
3180,0.265776,0.115890
3181,0.242755,0.116901
3182,0.245889,0.118020
3183,0.246396,0.117362
3184,0.251223,0.117213
3185,0.234466,0.115928
3186,0.242938,0.115982
3187,0.260569,0.117542
3188,0.263957,0.123677
3189,0.243005,0.117396
3190,0.238637,0.114874
3191,0.244957,0.118142
3192,0.250807,0.118598
3193,0.237014,0.118493
3194,0.244943,0.117382
3195,0.266949,0.117628
3196,0.235667,0.117082
3197,0.248796,0.116794
3198,0.242577,0.116521
3199,0.243808,0.117013
3200,0.248140,0.117501
3201,0.256309,0.116289
3202,0.244791,0.116058
3203,0.244496,0.117530
3204,0.249091,0.117251
3205,0.243958,0.117658
3206,0.246593,0.117044
3207,0.243718,0.116949
3208,0.245759,0.116472
3209,0.240008,0.116924
3210,0.241225,0.119043
3211,0.241952,0.117980
3212,0.251146,0.116557
3213,0.252618,0.116134
3214,0.238241,0.117697
3215,0.241782,0.119016
3216,0.245368,0.117484
3217,0.245927,0.117162
3218,0.253136,0.117844
3219,0.246324,0.117982
3220,0.244142,0.115697
3221,0.248601,0.117346
3222,0.239009,0.117084
3223,0.258103,0.116853
3224,0.247911,0.115060
3225,0.260257,0.116181
3226,0.246443,0.117948
3227,0.242422,0.117269
3228,0.237997,0.117147
3229,0.254913,0.115946
3230,0.242141,0.116138
3231,0.261666,0.117449
3232,0.245732,0.117365
3233,0.248597,0.117017
3234,0.250266,0.117354
3235,0.242509,0.116925
3236,0.252869,0.116830
3237,0.253521,0.115313
3238,0.245028,0.116752
3239,0.236544,0.117550
3240,0.249738,0.115946
3241,0.243955,0.117066
3242,0.237676,0.117483
3243,0.240010,0.117291
3244,0.255341,0.116759
3245,0.251239,0.114960
3246,0.246081,0.116526
3247,0.242391,0.118312
3248,0.241853,0.115947
3249,0.250314,0.116406
3250,0.242006,0.117873
3251,0.240495,0.117763
3252,0.259535,0.117683
3253,0.251207,0.116250
3254,0.246759,0.116716
3255,0.244992,0.115530
3256,0.240356,0.116030
3257,0.236499,0.116727
3258,0.244376,0.116909
3259,0.239548,0.117340
3260,0.244641,0.118198
3261,0.248213,0.115502
3262,0.242253,0.116426
3263,0.247803,0.115586
3264,0.250194,0.117109
3265,0.246664,0.117200
3266,0.262807,0.116297
3267,0.244789,0.116885
3268,0.240242,0.117753
3269,0.267052,0.116535
3270,0.262124,0.115853
3271,0.258661,0.115601
3272,0.250022,0.116635
3273,0.235715,0.117111
3274,0.241924,0.115348
3275,0.242659,0.116456
3276,0.254463,0.116975
3277,0.249839,0.117156
3278,0.245514,0.117741
3279,0.244079,0.116077
3280,0.250362,0.115840
3281,0.238987,0.117491
3282,0.260482,0.116965
3283,0.238072,0.117174
3284,0.258568,0.116022
3285,0.260008,0.116396
3286,0.245447,0.117580
3287,0.240634,0.116566
3288,0.255459,0.115767
3289,0.238695,0.117273
3290,0.241332,0.117133
3291,0.257315,0.117186
3292,0.258263,0.115036
3293,0.254239,0.117293
3294,0.265475,0.116746
3295,0.241997,0.117560
3296,0.250203,0.116793
3297,0.258593,0.117260
3298,0.242860,0.116109
3299,0.248686,0.117129
3300,0.237929,0.115106
3301,0.246019,0.118430
3302,0.232393,0.115535
3303,0.238400,0.116849
3304,0.252847,0.116863
3305,0.248258,0.118040
3306,0.251895,0.117373
3307,0.240631,0.117524
3308,0.244122,0.115649
3309,0.271515,0.116132
3310,0.280172,0.115327
3311,0.258284,0.117688
3312,0.244960,0.118210
3313,0.255010,0.117444
3314,0.265755,0.116702
3315,0.256703,0.118539
3316,0.244968,0.115648
3317,0.264821,0.116376
3318,0.258791,0.115387
3319,0.261927,0.117172
3320,0.257833,0.117848
3321,0.239291,0.115777
3322,0.244748,0.116634
3323,0.240565,0.117955
3324,0.254593,0.117106
3325,0.239967,0.116335
3326,0.263204,0.115037
3327,0.257839,0.116661
3328,0.246712,0.116921
3329,0.259358,0.117153
3330,0.247002,0.115789
3331,0.244525,0.117075
3332,0.247988,0.117116
3333,0.255043,0.116984
3334,0.252364,0.117298
3335,0.257210,0.116746
3336,0.243355,0.117039
3337,0.262969,0.116460
3338,0.254403,0.116802
3339,0.251798,0.115775
3340,0.239620,0.115958
3341,0.246202,0.116737
3342,0.248744,0.117508
3343,0.261105,0.117384
3344,0.253218,0.117791
3345,0.258876,0.116749
3346,0.250984,0.116171
3347,0.245430,0.116079
3348,0.252226,0.116823
3349,0.243610,0.117250
3350,0.244964,0.117192
3351,0.247332,0.117323
3352,0.242436,0.117070
3353,0.260798,0.117305
3354,0.258048,0.117581
3355,0.251111,0.116532
3356,0.247990,0.116395
3357,0.249552,0.115752
3358,0.242241,0.116803
3359,0.251067,0.118150
3360,0.257179,0.115674
3361,0.257687,0.116619
3362,0.256392,0.117597
3363,0.245357,0.117003
3364,0.250916,0.117193
3365,0.249639,0.114400
3366,0.250969,0.116191
3367,0.241489,0.117678
3368,0.245663,0.117366
3369,0.237045,0.117149
3370,0.256499,0.115531
3371,0.271721,0.116418
3372,0.241329,0.117215
3373,0.245143,0.117283
3374,0.272014,0.116134
3375,0.247130,0.116999
3376,0.253915,0.116857
3377,0.263446,0.116913
3378,0.251189,0.115254
3379,0.252447,0.117097
3380,0.255827,0.117449
3381,0.249326,0.117271
3382,0.242492,0.116775
3383,0.243451,0.118366
3384,0.245484,0.115703
3385,0.255143,0.116320
3386,0.250640,0.115214
3387,0.259931,0.116980
3388,0.248629,0.117555
3389,0.254699,0.116685
3390,0.250351,0.117340
3391,0.253786,0.117216
3392,0.247788,0.116815
3393,0.261767,0.117086
3394,0.243910,0.117214
3395,0.256115,0.117365
3396,0.253092,0.118083
3397,0.268856,0.116359
3398,0.259173,0.116773
3399,0.252946,0.115616
3400,0.255561,0.116824
3401,0.248418,0.116293
3402,0.250356,0.116897
3403,0.246239,0.117563
3404,0.256042,0.117422
3405,0.242276,0.117629
3406,0.258499,0.117198
3407,0.282853,0.117029
3408,0.253694,0.117133
3409,0.260846,0.115190
3410,0.246506,0.115744
3411,0.250347,0.116968
3412,0.260774,0.116563
3413,0.252584,0.117036
3414,0.257004,0.118371
3415,0.266857,0.115969
3416,0.254065,0.116786
3417,0.243503,0.115370
3418,0.254059,0.116907
3419,0.246275,0.117491
3420,0.254180,0.115307
3421,0.254385,0.116945
3422,0.263948,0.118041
3423,0.259191,0.118197
3424,0.255113,0.115847
3425,0.237580,0.115183
3426,0.250835,0.116214
3427,0.256968,0.117125
3428,0.250727,0.117163
3429,0.251583,0.116945
3430,0.255326,0.115151
3431,0.248127,0.117582
3432,0.249524,0.117168
3433,0.249072,0.117230
3434,0.242417,0.116004
3435,0.241431,0.117598
3436,0.239419,0.117200
3437,0.237699,0.117231
3438,0.261514,0.115250
3439,0.242907,0.116183
3440,0.259057,0.116589
3441,0.262330,0.117396
3442,0.244017,0.115282
3443,0.244557,0.118032
3444,0.244087,0.117179
3445,0.243316,0.116322
3446,0.250174,0.115618
3447,0.262226,0.118283
3448,0.258810,0.117172
3449,0.244982,0.116214
3450,0.246583,0.115667
3451,0.260416,0.117069
3452,0.252343,0.116836
3453,0.246782,0.118345
3454,0.241341,0.117230
3455,0.248576,0.117510
3456,0.256624,0.116268
3457,0.251116,0.116294
3458,0.244358,0.116866
3459,0.239444,0.117421
3460,0.244246,0.116644
3461,0.252730,0.117457
3462,0.267322,0.116564
3463,0.251388,0.117052
3464,0.256968,0.115639
3465,0.253791,0.116934
3466,0.243123,0.118102
3467,0.257753,0.116426
3468,0.248107,0.116815
3469,0.256472,0.117563
3470,0.261789,0.116581
3471,0.251984,0.116351
3472,0.247789,0.115591
3473,0.251289,0.116812
3474,0.253528,0.116932
3475,0.248675,0.116567
3476,0.254625,0.116781
3477,0.257986,0.117266
3478,0.242179,0.116425
3479,0.256270,0.116884
3480,0.262458,0.115066
3481,0.251810,0.116619
3482,0.245750,0.116971
3483,0.248480,0.116244
3484,0.265433,0.116470
3485,0.245116,0.117390
3486,0.252668,0.116673
3487,0.258309,0.116391
3488,0.256058,0.115372
3489,0.248487,0.116755
3490,0.246916,0.117034
3491,0.242926,0.116327
3492,0.245545,0.116356
3493,0.242862,0.117815
3494,0.255637,0.116887
3495,0.242745,0.117721
3496,0.252636,0.115029
3497,0.246682,0.116483
3498,0.253824,0.117339
3499,0.254177,0.117503
3500,0.256588,0.115543
3501,0.265140,0.117405
3502,0.238001,0.116851
3503,0.251469,0.118243
3504,0.259611,0.115760
3505,0.270043,0.116317
3506,0.255461,0.116056
3507,0.243282,0.117309
3508,0.258285,0.118563
3509,0.245958,0.115463
3510,0.255992,0.116816
3511,0.248280,0.117368
3512,0.247185,0.116640
3513,0.257942,0.117264
3514,0.255583,0.116819
3515,0.245193,0.116053
3516,0.244808,0.117804
3517,0.253580,0.116637
3518,0.260640,0.115078
3519,0.243233,0.116501
3520,0.238509,0.117155
3521,0.255975,0.116400
3522,0.255590,0.117620
3523,0.246506,0.118573
3524,0.243496,0.115912
3525,0.253793,0.116296
3526,0.242201,0.115192
3527,0.240302,0.116841
3528,0.258932,0.117345
3529,0.256552,0.115524
3530,0.249375,0.116936
3531,0.247092,0.117798
3532,0.250678,0.116958
3533,0.260479,0.117144
3534,0.256442,0.115640
3535,0.253262,0.116062
3536,0.246558,0.116897
3537,0.242367,0.117206
3538,0.244619,0.116158
3539,0.261623,0.115861
3540,0.251021,0.116346
3541,0.248787,0.116790
3542,0.252511,0.117305
3543,0.250154,0.117180
3544,0.253388,0.117393
3545,0.263913,0.116364
3546,0.247416,0.116715
3547,0.263760,0.115630
3548,0.256160,0.115336
3549,0.244853,0.117057
3550,0.256889,0.116894
3551,0.252652,0.117800
3552,0.256341,0.117363
3553,0.253294,0.115698
3554,0.248991,0.116945
3555,0.257922,0.117457
3556,0.257984,0.116982
3557,0.243655,0.115678
3558,0.252577,0.116813
3559,0.251163,0.118221
3560,0.248529,0.117436
3561,0.250359,0.116892
3562,0.251032,0.117390
3563,0.263360,0.117428
3564,0.253846,0.117536
3565,0.242141,0.117070
3566,0.249680,0.115718
3567,0.253295,0.116900
3568,0.249659,0.116759
3569,0.250265,0.116959
3570,0.256059,0.115248
3571,0.259124,0.116891
3572,0.260907,0.117251
3573,0.257984,0.117854
3574,0.254039,0.116641
3575,0.255097,0.117489
3576,0.253910,0.117434
3577,0.251592,0.117445
3578,0.253319,0.115571
3579,0.256550,0.117856
3580,0.239375,0.116332
3581,0.247727,0.117742
3582,0.259099,0.116187
3583,0.257286,0.116683
3584,0.260511,0.116900
3585,0.263473,0.117751
3586,0.250880,0.115199
3587,0.259462,0.116025
3588,0.252249,0.117982
3589,0.242305,0.116610
3590,0.249344,0.115956
3591,0.251124,0.116648
3592,0.245812,0.117001
3593,0.254688,0.117103
3594,0.243585,0.117110
3595,0.249737,0.117174
3596,0.263559,0.117553
3597,0.246678,0.116443
3598,0.245335,0.116562
3599,0.255903,0.115616
3600,0.247430,0.116868
3601,0.238714,0.116835
3602,0.244943,0.116834
3603,0.250578,0.118001
3604,0.253553,0.117510
3605,0.257827,0.115604
3606,0.256011,0.117220
3607,0.244247,0.116562
3608,0.244793,0.116823
3609,0.254285,0.115478
3610,0.249031,0.116055
3611,0.263149,0.117676
3612,0.249115,0.117292
3613,0.242998,0.117099
3614,0.256238,0.117171
3615,0.246450,0.116351
3616,0.264831,0.115885
3617,0.254328,0.115425
3618,0.254819,0.116694
3619,0.272740,0.118125
3620,0.259395,0.116448
3621,0.249250,0.116438
3622,0.260919,0.117294
3623,0.251113,0.117031
3624,0.246223,0.115218
3625,0.261081,0.115197
3626,0.260962,0.116781
3627,0.252423,0.118221
3628,0.258127,0.115948
3629,0.246037,0.116043
3630,0.248023,0.116581
3631,0.253724,0.116047
3632,0.255207,0.116508
3633,0.250416,0.115380
3634,0.266645,0.115344
3635,0.248455,0.115677
3636,0.255136,0.116982
3637,0.264837,0.116937
3638,0.249063,0.117171
3639,0.258256,0.115744
3640,0.261518,0.116060
3641,0.252426,0.115333
3642,0.257236,0.116634
3643,0.254721,0.118284
3644,0.256692,0.116314
3645,0.260826,0.116448
3646,0.257583,0.117764
3647,0.249178,0.117100
3648,0.266145,0.117444
3649,0.255525,0.116044
3650,0.248555,0.116021
3651,0.262654,0.116584
3652,0.247793,0.117033
3653,0.268791,0.118936
3654,0.259571,0.117113
3655,0.250374,0.116638
3656,0.256908,0.117033
3657,0.250495,0.116775
3658,0.267185,0.117339
3659,0.248107,0.117639
3660,0.248838,0.116060
3661,0.261103,0.117313
3662,0.246332,0.116647
3663,0.254243,0.117294
3664,0.259535,0.115260
3665,0.256455,0.116164
3666,0.260617,0.117355
3667,0.254485,0.116926
3668,0.248376,0.116758
3669,0.248096,0.117231
3670,0.252401,0.116721
3671,0.260482,0.116287
3672,0.265449,0.114984
3673,0.250812,0.116866
3674,0.261039,0.117323
3675,0.251474,0.115653
3676,0.247596,0.116833
3677,0.250179,0.118239
3678,0.263608,0.117000
3679,0.249311,0.117280
3680,0.248934,0.114650
3681,0.249955,0.116479
3682,0.252789,0.117771
3683,0.240156,0.117585
3684,0.263441,0.116502
3685,0.250787,0.115592
3686,0.242692,0.116977
3687,0.252967,0.117194
3688,0.251667,0.117181
3689,0.247101,0.116548
3690,0.257351,0.116551
3691,0.253942,0.117327
3692,0.247578,0.117017
3693,0.247005,0.115414
3694,0.257845,0.116488
3695,0.254754,0.116530
3696,0.247870,0.117194
3697,0.258170,0.115026
3698,0.264506,0.117446
3699,0.259382,0.117342
3700,0.254634,0.116992
3701,0.250612,0.117193
3702,0.253705,0.115981
3703,0.267706,0.117315
3704,0.264939,0.116712
3705,0.254440,0.118208
3706,0.264931,0.117230
3707,0.266424,0.116400
3708,0.263911,0.117514
3709,0.252378,0.116519
3710,0.242301,0.116651
3711,0.258023,0.116069
3712,0.271144,0.118741
3713,0.249443,0.119084
3714,0.253085,0.117303
3715,0.250742,0.116896
3716,0.262774,0.115968
3717,0.249951,0.116746
3718,0.273454,0.117492
3719,0.252358,0.117407
3720,0.241553,0.116997
3721,0.245875,0.117933
3722,0.255869,0.117454
3723,0.261844,0.117924
3724,0.246404,0.117101
3725,0.256732,0.118276
3726,0.256968,0.117785
3727,0.256228,0.118242
3728,0.256027,0.118160
3729,0.266651,0.118403
3730,0.254067,0.117959
3731,0.250412,0.118522
3732,0.260635,0.117196
3733,0.266082,0.116414
3734,0.259646,0.116721
3735,0.270176,0.117215
3736,0.260324,0.117114
3737,0.252129,0.115379
3738,0.257259,0.115453
3739,0.264482,0.117299
3740,0.272785,0.116263
3741,0.250460,0.117838
3742,0.254036,0.117649
3743,0.247142,0.116726
3744,0.265185,0.117190
3745,0.250888,0.115453
3746,0.248961,0.116709
3747,0.260121,0.118071
3748,0.242937,0.116037
3749,0.257384,0.116620
3750,0.256793,0.117524
3751,0.251453,0.118159
3752,0.259000,0.118289
3753,0.253332,0.116039
3754,0.258693,0.115891
3755,0.256900,0.116061
3756,0.257345,0.117009
3757,0.249339,0.117743
3758,0.251768,0.116505
3759,0.250226,0.117054
3760,0.254521,0.117693
3761,0.245927,0.117784
3762,0.250863,0.117130
3763,0.253600,0.117156
3764,0.253624,0.115861
3765,0.254682,0.117131
3766,0.256838,0.116563
3767,0.251160,0.117197
3768,0.254525,0.116683
3769,0.257598,0.118394
3770,0.250027,0.118521
3771,0.245069,0.116877
3772,0.256412,0.116648
3773,0.261427,0.117147
3774,0.253469,0.116941
3775,0.260255,0.117294
3776,0.252760,0.117167
3777,0.244116,0.117465
3778,0.255245,0.117875
3779,0.265942,0.116012
3780,0.262510,0.116265
3781,0.259222,0.115480
3782,0.252718,0.117303
3783,0.253498,0.118754
3784,0.254422,0.117217
3785,0.259269,0.116700
3786,0.265153,0.116742
3787,0.248619,0.116626
3788,0.255955,0.116633
3789,0.247180,0.117329
3790,0.262070,0.116476
3791,0.259890,0.116854
3792,0.247637,0.116550
3793,0.264730,0.116747
3794,0.247397,0.116066
3795,0.251369,0.117445
3796,0.250929,0.118040
3797,0.251903,0.116649
3798,0.251141,0.116601
3799,0.244636,0.117988
3800,0.255978,0.116233
3801,0.266282,0.117484
3802,0.259141,0.116519
3803,0.248990,0.116950
3804,0.253279,0.116173
3805,0.252695,0.117869
3806,0.252575,0.117549
3807,0.260394,0.116432
3808,0.255690,0.116302
3809,0.253017,0.118110
3810,0.250388,0.117036
3811,0.258920,0.115946
3812,0.251078,0.115342
3813,0.249322,0.116442
3814,0.248356,0.117464
3815,0.256645,0.117134
3816,0.264721,0.117322
3817,0.256761,0.116213
3818,0.249796,0.117506
3819,0.246685,0.117016
3820,0.260501,0.116943
3821,0.268477,0.117036
3822,0.243355,0.117488
3823,0.266258,0.116102
3824,0.257855,0.116039
3825,0.255883,0.115391
3826,0.261633,0.117267
3827,0.260016,0.118310
3828,0.258876,0.117157
3829,0.247702,0.116004
3830,0.256597,0.116552
3831,0.250496,0.117183
3832,0.264468,0.116851
3833,0.264985,0.117394
3834,0.249348,0.116467
3835,0.263934,0.116808
3836,0.258503,0.116577
3837,0.271558,0.117114
3838,0.258347,0.115831
3839,0.259646,0.116941
3840,0.268010,0.117775
3841,0.254191,0.116567
3842,0.251974,0.116695
3843,0.255354,0.117772
3844,0.249263,0.116784
3845,0.253100,0.117069
3846,0.272454,0.116151
3847,0.261262,0.115930
3848,0.292359,0.117165
3849,0.262149,0.116634
3850,0.261945,0.116793
3851,0.272407,0.118150
3852,0.252275,0.116511
3853,0.258550,0.116795
3854,0.257702,0.116708
3855,0.263797,0.117518
3856,0.254201,0.115960
3857,0.247069,0.116149
3858,0.252125,0.116716
3859,0.264507,0.117011
3860,0.256378,0.117102
3861,0.266504,0.115908
3862,0.257529,0.117895
3863,0.262319,0.118742
3864,0.258262,0.116588
3865,0.264524,0.116435
3866,0.247612,0.117180
3867,0.249647,0.117308
3868,0.253258,0.116732
3869,0.250160,0.115478
3870,0.257708,0.116986
3871,0.259191,0.117832
3872,0.258189,0.116939
3873,0.252108,0.115614
3874,0.267586,0.116802
3875,0.254661,0.117029
3876,0.254411,0.117179
3877,0.260064,0.116978
3878,0.252743,0.116027
3879,0.263327,0.117810
3880,0.258788,0.116552
3881,0.256430,0.116533
3882,0.257823,0.115913
3883,0.255765,0.117621
3884,0.259390,0.118444
3885,0.251655,0.116891
3886,0.263619,0.116853
3887,0.262235,0.118425
3888,0.266571,0.117295
3889,0.254960,0.116638
3890,0.259869,0.115156
3891,0.257509,0.116745
3892,0.251583,0.117416
3893,0.249063,0.117172
3894,0.257063,0.117159
3895,0.268025,0.115992
3896,0.263537,0.116541
3897,0.251889,0.117899
3898,0.285759,0.116825
3899,0.264422,0.117162
3900,0.259022,0.117479
3901,0.255413,0.116616
3902,0.247441,0.117416
3903,0.243144,0.117005
3904,0.249962,0.117423
3905,0.257093,0.116442
3906,0.252133,0.117036
3907,0.257678,0.118749
3908,0.261723,0.117107
3909,0.256731,0.117269
3910,0.252049,0.117763
3911,0.249757,0.117244
3912,0.257198,0.117068
3913,0.256195,0.115239
3914,0.258993,0.116251
3915,0.256127,0.117715
3916,0.259636,0.116908
3917,0.254656,0.117239
3918,0.251976,0.115207
3919,0.248428,0.117432
3920,0.259566,0.116948
3921,0.256314,0.116888
3922,0.255116,0.116851
3923,0.260880,0.118025
3924,0.256445,0.116654
3925,0.251897,0.115834
3926,0.277487,0.115520
3927,0.254721,0.117083
3928,0.262922,0.118786
3929,0.258759,0.118012
3930,0.269520,0.116581
3931,0.281451,0.117093
3932,0.254213,0.117936
3933,0.257890,0.116749
3934,0.256243,0.116958
3935,0.283856,0.117348
3936,0.266852,0.117630
3937,0.252949,0.116028
3938,0.257801,0.116186
3939,0.263273,0.117319
3940,0.261470,0.117188
3941,0.256876,0.117943
3942,0.253112,0.116644
3943,0.266921,0.117170
3944,0.264526,0.117510
3945,0.246099,0.116888
3946,0.263927,0.115544
3947,0.250669,0.115836
3948,0.253092,0.116771
3949,0.259573,0.117921
3950,0.260336,0.115787
3951,0.269231,0.118010
3952,0.254453,0.116748
3953,0.272846,0.116432
3954,0.274600,0.117543
3955,0.263364,0.117574
3956,0.262896,0.117060
3957,0.263801,0.116029
3958,0.260324,0.116718
3959,0.259883,0.117336
3960,0.252826,0.117301
3961,0.252097,0.116602
3962,0.264228,0.117007
3963,0.258951,0.117057
3964,0.250974,0.117119
3965,0.262026,0.116218
3966,0.259399,0.117063
3967,0.255003,0.118273
3968,0.247597,0.117315
3969,0.264902,0.117063
3970,0.257282,0.118663
3971,0.263026,0.116498
3972,0.258102,0.116850
3973,0.258239,0.116345
3974,0.267102,0.117047
3975,0.260330,0.118222
3976,0.258361,0.117426
3977,0.253611,0.116091
3978,0.258649,0.118454
3979,0.256649,0.118519
3980,0.258203,0.116546
3981,0.265967,0.118500
3982,0.248936,0.118301
3983,0.265249,0.118399
3984,0.266022,0.116447
3985,0.273033,0.117750
3986,0.252140,0.117597
3987,0.264736,0.116176
3988,0.269721,0.116595
3989,0.253568,0.117529
3990,0.251132,0.115226
3991,0.264907,0.116212
3992,0.269305,0.115883
3993,0.252600,0.117194
3994,0.266477,0.117641
3995,0.244939,0.116664
3996,0.260486,0.116534
3997,0.258003,0.117796
3998,0.258918,0.116770
3999,0.242251,0.117311
4000,0.264292,0.115004
4001,0.273144,0.116896
4002,0.262745,0.115850
4003,0.265164,0.117415
4004,0.267012,0.118035
4005,0.254909,0.116828
4006,0.257124,0.117108
4007,0.250724,0.117449
4008,0.259438,0.116534
4009,0.263696,0.116837
4010,0.257573,0.115558
4011,0.266678,0.116095
4012,0.259838,0.116829
4013,0.263719,0.117043
4014,0.258487,0.117033
4015,0.260551,0.117804
4016,0.254491,0.115911
4017,0.256939,0.116710
4018,0.257058,0.115801
4019,0.260032,0.117584
4020,0.263399,0.117791
4021,0.254859,0.116382
4022,0.255489,0.116209
4023,0.253984,0.117501
4024,0.258179,0.116874
4025,0.263835,0.116433
4026,0.265595,0.116694
4027,0.262562,0.116601
4028,0.259461,0.116575
4029,0.254171,0.117271
4030,0.263795,0.115284
4031,0.257141,0.116152
4032,0.253047,0.117188
4033,0.253584,0.115474
4034,0.253506,0.116725
4035,0.256901,0.117095
4036,0.263041,0.115329
4037,0.258122,0.116928
4038,0.260879,0.116998
4039,0.257671,0.117131
4040,0.259905,0.115787
4041,0.253529,0.116869
4042,0.254243,0.115440
4043,0.266547,0.117057
4044,0.262784,0.115610
4045,0.270763,0.117391
4046,0.261859,0.116018
4047,0.253368,0.115269
4048,0.261074,0.117008
4049,0.261096,0.115782
4050,0.258055,0.115735
4051,0.257188,0.116291
4052,0.264591,0.117296
4053,0.251199,0.116171
4054,0.261385,0.116543
4055,0.250811,0.115398
4056,0.269398,0.116927
4057,0.249527,0.115762
4058,0.250591,0.116038
4059,0.261310,0.115919
4060,0.265975,0.115475
4061,0.264017,0.115836
4062,0.268754,0.115762
4063,0.261095,0.115690
4064,0.244900,0.115805
4065,0.260121,0.115379
4066,0.258118,0.116617
4067,0.240332,0.115513
4068,0.254715,0.116493
4069,0.266338,0.116535
4070,0.255753,0.115300
4071,0.260918,0.116984
4072,0.263014,0.116311
4073,0.263894,0.114627
4074,0.275180,0.116117
4075,0.253319,0.116530
4076,0.250896,0.114696
4077,0.264190,0.116577
4078,0.262417,0.116033
4079,0.246097,0.117473
4080,0.264712,0.116127
4081,0.251698,0.117160
4082,0.266594,0.116353
4083,0.253101,0.116094
4084,0.248118,0.116063
4085,0.259905,0.116954
4086,0.257258,0.116646
4087,0.253576,0.116968
4088,0.253216,0.116349
4089,0.256139,0.116755
4090,0.259535,0.116448
4091,0.253389,0.117227
4092,0.266877,0.116609
4093,0.264667,0.116265
4094,0.257951,0.116873
4095,0.268110,0.116226
4096,0.255525,0.117180
4097,0.251674,0.118027
4098,0.264318,0.117562
4099,0.271688,0.117158
4100,0.261544,0.117675
4101,0.252601,0.116928
4102,0.258252,0.116508
4103,0.258282,0.117180
4104,0.256279,0.117242
4105,0.258555,0.115646
4106,0.257004,0.115818
4107,0.260826,0.116927
4108,0.261151,0.117235
4109,0.264867,0.116862
4110,0.265124,0.117383
4111,0.271930,0.115992
4112,0.263828,0.116018
4113,0.253090,0.115788
4114,0.264060,0.117045
4115,0.259400,0.116754
4116,0.259923,0.115976
4117,0.267304,0.118209
4118,0.265732,0.117134
4119,0.257974,0.116142
4120,0.262025,0.116079
4121,0.259519,0.115824
4122,0.275403,0.116990
4123,0.271742,0.118031
4124,0.257991,0.116643
4125,0.259360,0.116712
4126,0.265700,0.117282
4127,0.255995,0.115939
4128,0.261758,0.116505
4129,0.286582,0.116057
4130,0.279883,0.116088
4131,0.255948,0.118105
4132,0.277468,0.117233
4133,0.262189,0.115486
4134,0.277295,0.116482
4135,0.262924,0.116937
4136,0.259421,0.115766
4137,0.268792,0.116215
4138,0.269658,0.116418
4139,0.258093,0.117283
4140,0.259081,0.117259
4141,0.258928,0.115372
4142,0.265266,0.116359
4143,0.262005,0.117211
4144,0.273431,0.117217
4145,0.271524,0.115532
4146,0.262860,0.116057
4147,0.264958,0.116674
4148,0.252813,0.116973
4149,0.266120,0.116932
4150,0.263339,0.117036
4151,0.256447,0.117160
4152,0.251803,0.118023
4153,0.256288,0.117248
4154,0.267322,0.115437
4155,0.272914,0.116757
4156,0.260899,0.117090
4157,0.253940,0.117259
4158,0.256317,0.114989
4159,0.265315,0.116164
4160,0.254852,0.117623
4161,0.272478,0.117305
4162,0.258146,0.115674
4163,0.266053,0.116365
4164,0.258053,0.117138
4165,0.253714,0.116627
4166,0.260968,0.115359
4167,0.259608,0.116549
4168,0.251014,0.117294
4169,0.263802,0.117170
4170,0.255247,0.116263
4171,0.263945,0.116211
4172,0.260623,0.117306
4173,0.253521,0.117151
4174,0.273488,0.115607
4175,0.255252,0.116101
4176,0.262413,0.117564
4177,0.259140,0.117143
4178,0.259695,0.116329
4179,0.257428,0.116053
4180,0.273454,0.116481
4181,0.255060,0.116925
4182,0.255335,0.115564
4183,0.264717,0.116640
4184,0.268197,0.117168
4185,0.260896,0.118133
4186,0.271010,0.117249
4187,0.257570,0.115269
4188,0.294456,0.115892
4189,0.262994,0.117287
4190,0.258603,0.116646
4191,0.254038,0.116294
4192,0.251162,0.117384
4193,0.261269,0.117127
4194,0.261471,0.115382
4195,0.262800,0.116990
4196,0.252625,0.117066
4197,0.251212,0.116153
4198,0.273534,0.115033
4199,0.257011,0.116857
4200,0.273330,0.117669
4201,0.262108,0.116668
4202,0.252950,0.118077
4203,0.259937,0.117412
4204,0.264350,0.117106
4205,0.263139,0.117716
4206,0.255628,0.116965
4207,0.256758,0.116225
4208,0.265793,0.115639
4209,0.267512,0.116795
4210,0.265853,0.117754
4211,0.272117,0.117543
4212,0.258372,0.116200
4213,0.271187,0.116605
4214,0.250807,0.116911
4215,0.263851,0.117435
4216,0.270797,0.117396
4217,0.262100,0.115402
4218,0.270188,0.116647
4219,0.255007,0.116852
4220,0.261916,0.117040
4221,0.260930,0.115877
4222,0.268288,0.117365
4223,0.264602,0.118163
4224,0.255374,0.116852
4225,0.260034,0.116738
4226,0.254767,0.117580
4227,0.251482,0.116687
4228,0.277258,0.116411
4229,0.271291,0.115770
4230,0.263026,0.116665
4231,0.252808,0.117992
4232,0.265336,0.115442
4233,0.266559,0.116361
4234,0.256355,0.117491
4235,0.260985,0.117388
4236,0.264078,0.116467
4237,0.260886,0.114967
4238,0.262200,0.116870
4239,0.264091,0.117660
4240,0.260203,0.117041
4241,0.254012,0.115933
4242,0.252941,0.116174
4243,0.264858,0.116881
4244,0.266804,0.117175
4245,0.257377,0.117202
4246,0.257236,0.115399
4247,0.261295,0.117323
4248,0.260950,0.116968
4249,0.250467,0.116914
4250,0.268706,0.115516
4251,0.259482,0.118331
4252,0.270215,0.116467
4253,0.271767,0.116935
4254,0.266214,0.116836
4255,0.260302,0.117638
4256,0.266230,0.116506
4257,0.260508,0.117140
4258,0.270957,0.116514
4259,0.260293,0.117330
4260,0.258689,0.116105
4261,0.256007,0.117226
4262,0.275071,0.118153
4263,0.264951,0.116505
4264,0.274147,0.116357
4265,0.262045,0.117482
4266,0.269072,0.116397
4267,0.262567,0.115910
4268,0.272151,0.115305
4269,0.258312,0.116724
4270,0.263909,0.117702
4271,0.262532,0.117129
4272,0.260519,0.116377
4273,0.259778,0.116186
4274,0.259728,0.116805
4275,0.272154,0.117240
4276,0.256739,0.117055
4277,0.260456,0.115658
4278,0.257870,0.116747
4279,0.267033,0.116891
4280,0.265902,0.116882
4281,0.261091,0.115905
4282,0.254241,0.116039
4283,0.260383,0.116308
4284,0.262860,0.116948
4285,0.260656,0.116861
4286,0.268493,0.117201
4287,0.270536,0.117037
4288,0.270988,0.116541
4289,0.260641,0.116341
4290,0.262685,0.116741
4291,0.261637,0.117160
4292,0.260481,0.116549
4293,0.256250,0.116240
4294,0.270862,0.116914
4295,0.262972,0.117307
4296,0.264140,0.116042
4297,0.275926,0.116041
4298,0.262062,0.115951
4299,0.255166,0.117646
4300,0.260152,0.116823
4301,0.252666,0.118533
4302,0.250963,0.117054
4303,0.255700,0.116925
4304,0.256707,0.117060
4305,0.262779,0.116049
4306,0.259713,0.116616
4307,0.263994,0.116240
4308,0.269872,0.117071
4309,0.255036,0.117608
4310,0.264093,0.117219
4311,0.268446,0.117421
4312,0.252120,0.117231
4313,0.268413,0.115888
4314,0.250881,0.115412
4315,0.254125,0.116056
4316,0.257061,0.116839
4317,0.270541,0.117424
4318,0.255741,0.115628
4319,0.268986,0.116856
4320,0.268822,0.117154
4321,0.250128,0.115971
4322,0.260241,0.115281
4323,0.266644,0.116149
4324,0.276419,0.116526
4325,0.269302,0.117337
4326,0.254189,0.116413
4327,0.257559,0.116281
4328,0.264384,0.116935
4329,0.261501,0.117354
4330,0.266472,0.116809
4331,0.256222,0.117106
4332,0.267959,0.117199
4333,0.260792,0.117695
4334,0.267173,0.116393
4335,0.256991,0.116974
4336,0.264602,0.115871
4337,0.264890,0.116966
4338,0.266577,0.117509
4339,0.267755,0.116963
4340,0.253181,0.115784
4341,0.250643,0.116907
4342,0.259693,0.116933
4343,0.271888,0.117294
4344,0.276221,0.115139
4345,0.267037,0.116041
4346,0.258065,0.117572
4347,0.261437,0.117135
4348,0.266024,0.116906
4349,0.268209,0.115421
4350,0.274824,0.116682
4351,0.265461,0.118823
4352,0.273332,0.117426
4353,0.261391,0.117043
4354,0.270496,0.116597
4355,0.257321,0.116809
4356,0.264136,0.117271
4357,0.273372,0.117174
4358,0.278597,0.116859
4359,0.272501,0.116642
4360,0.269404,0.118367
4361,0.260481,0.117931
4362,0.257958,0.116204
4363,0.256255,0.116411
4364,0.273616,0.116781
4365,0.266668,0.117040
4366,0.268651,0.117328
4367,0.263193,0.117177
4368,0.262269,0.116503
4369,0.250271,0.116869
4370,0.251634,0.116283
4371,0.259890,0.116986
4372,0.267777,0.116417
4373,0.262040,0.117838
4374,0.255857,0.118255
4375,0.257710,0.117143
4376,0.256415,0.116550
4377,0.268045,0.116823
4378,0.264450,0.116665
4379,0.262478,0.117167
4380,0.268069,0.116770
4381,0.270337,0.115811
4382,0.278864,0.116311
4383,0.264670,0.116828
4384,0.258782,0.116845
4385,0.270219,0.115799
4386,0.268053,0.116803
4387,0.264829,0.117924
4388,0.256281,0.116959
4389,0.252367,0.116443
4390,0.260313,0.117106
4391,0.279951,0.117269
4392,0.254553,0.116795
4393,0.270010,0.115516
4394,0.258090,0.116314
4395,0.261589,0.117536
4396,0.261575,0.116901
4397,0.270876,0.116184
4398,0.261547,0.116054
4399,0.260398,0.117082
4400,0.269463,0.116963
4401,0.264520,0.118572
4402,0.258401,0.117758
4403,0.271359,0.117841
4404,0.257842,0.116424
4405,0.268027,0.117729
4406,0.257647,0.117487
4407,0.265454,0.117607
4408,0.276444,0.116168
4409,0.267653,0.117818
4410,0.257763,0.118915
4411,0.258445,0.117470
4412,0.264937,0.116175
4413,0.259987,0.116943
4414,0.262960,0.117023
4415,0.269825,0.117439
4416,0.264328,0.117238
4417,0.260136,0.115777
4418,0.269042,0.116732
4419,0.272343,0.117104
4420,0.274183,0.116956
4421,0.270751,0.116326
4422,0.262130,0.116586
4423,0.256777,0.116888
4424,0.272392,0.117578
4425,0.269277,0.117049
4426,0.275015,0.117575
4427,0.274303,0.117483
4428,0.259826,0.117219
4429,0.265931,0.116597
4430,0.271752,0.117653
4431,0.275879,0.118988
4432,0.262561,0.118133
4433,0.272637,0.117665
4434,0.281382,0.116457
4435,0.272247,0.118757
4436,0.260407,0.118110
4437,0.256947,0.116127
4438,0.261821,0.116922
4439,0.253804,0.118414
4440,0.270025,0.117189
4441,0.260086,0.118320
4442,0.261029,0.117789
4443,0.269957,0.121237
4444,0.259170,0.122389
4445,0.268809,0.120868
4446,0.268112,0.118830
4447,0.272294,0.119663
4448,0.270481,0.119279
4449,0.269009,0.118424
4450,0.260013,0.117120
4451,0.261022,0.119810
4452,0.268368,0.117162
4453,0.260114,0.117565
4454,0.247052,0.117267
4455,0.280318,0.117774
4456,0.275584,0.118045
4457,0.266603,0.118718
4458,0.249767,0.115340
4459,0.272137,0.116421
4460,0.257238,0.115419
4461,0.262117,0.117191
4462,0.255836,0.118042
4463,0.268930,0.118012
4464,0.255616,0.117406
4465,0.266334,0.116833
4466,0.277119,0.116450
4467,0.267443,0.117396
4468,0.259229,0.117432
4469,0.261015,0.116426
4470,0.273738,0.117310
4471,0.286376,0.116656
4472,0.265252,0.116784
4473,0.265296,0.116076
4474,0.261692,0.116834
4475,0.272700,0.117862
4476,0.258420,0.116996
4477,0.291013,0.117955
4478,0.260977,0.118113
4479,0.261810,0.118404
4480,0.266686,0.116168
4481,0.267149,0.115204
4482,0.262276,0.116525
4483,0.270157,0.117948
4484,0.256977,0.117662
4485,0.262953,0.116197
4486,0.276895,0.116838
4487,0.267925,0.117322
4488,0.282200,0.117341
4489,0.262084,0.115425
4490,0.264777,0.115820
4491,0.259203,0.117840
4492,0.272249,0.117199
4493,0.281316,0.117085
4494,0.274213,0.115010
4495,0.260095,0.116093
4496,0.263702,0.116963
4497,0.271452,0.117206
4498,0.261579,0.117524
4499,0.256384,0.119518
4500,0.262094,0.117552
4501,0.258623,0.119994
4502,0.265199,0.119199
4503,0.285885,0.119547
4504,0.270484,0.119029
4505,0.259098,0.120826
4506,0.277570,0.123071
4507,0.265213,0.120295
4508,0.275748,0.119913
4509,0.262292,0.120643
4510,0.269067,0.119698
4511,0.264233,0.122639
4512,0.253227,0.122998
4513,0.263961,0.121338
4514,0.257875,0.121648
4515,0.269837,0.122853
4516,0.265509,0.122228
4517,0.279084,0.121934
4518,0.262397,0.118360
4519,0.274038,0.120198
4520,0.256215,0.118811
4521,0.268210,0.116039
4522,0.262403,0.117227
4523,0.272461,0.116958
4524,0.272858,0.116716
4525,0.264885,0.117231
4526,0.260417,0.115614
4527,0.270750,0.117402
4528,0.263500,0.118284
4529,0.264181,0.116641
4530,0.262596,0.116886
4531,0.260805,0.117824
4532,0.272740,0.117276
4533,0.259012,0.116797
4534,0.265529,0.115249
4535,0.266665,0.116752
4536,0.260703,0.117857
4537,0.263322,0.117180
4538,0.267239,0.116750
4539,0.272263,0.116154
4540,0.262524,0.116645
4541,0.257000,0.116747
4542,0.267763,0.116898
4543,0.263551,0.117537
4544,0.262225,0.117604
4545,0.259257,0.117480
4546,0.254569,0.119622
4547,0.262409,0.119857
4548,0.274013,0.119092
4549,0.263548,0.117585
4550,0.262679,0.118094
4551,0.285259,0.119826
4552,0.262065,0.122044
4553,0.256372,0.121049
4554,0.264925,0.121524
4555,0.257290,0.121157
4556,0.273285,0.122683
4557,0.275925,0.121987
4558,0.263983,0.120058
4559,0.258821,0.121170
4560,0.269944,0.122938
4561,0.270047,0.118972
4562,0.258947,0.121841
4563,0.260537,0.121795
4564,0.275559,0.122149
4565,0.262294,0.118999
4566,0.274892,0.120538
4567,0.268512,0.119005
4568,0.270088,0.116850
4569,0.259947,0.117836
4570,0.280308,0.119040
4571,0.266392,0.119068
4572,0.255916,0.118228
4573,0.266966,0.117318
4574,0.252737,0.117652
4575,0.270036,0.117193
4576,0.260108,0.117326
4577,0.262359,0.116125
4578,0.260801,0.116398
4579,0.266656,0.117765
4580,0.262930,0.116644
4581,0.263178,0.117025
4582,0.262228,0.115336
4583,0.269295,0.116743
4584,0.276826,0.116016
4585,0.265049,0.117281
4586,0.258849,0.116936
4587,0.267855,0.118249
4588,0.271509,0.116549
4589,0.274183,0.116659
4590,0.262410,0.115454
4591,0.276548,0.117274
4592,0.276224,0.117746
4593,0.265745,0.116241
4594,0.255266,0.116419
4595,0.263474,0.117780
4596,0.260131,0.117134
4597,0.265993,0.116051
4598,0.270552,0.115378
4599,0.273066,0.116908
4600,0.269973,0.117800
4601,0.266980,0.117718
4602,0.269638,0.116473
4603,0.266054,0.117635
4604,0.265029,0.117100
4605,0.259041,0.117484
4606,0.260276,0.115448
4607,0.262687,0.116752
4608,0.263037,0.115436
4609,0.275134,0.116870
4610,0.268578,0.117304
4611,0.257640,0.116643
4612,0.261473,0.117263
4613,0.262810,0.117699
4614,0.256913,0.116808
4615,0.259222,0.117445
4616,0.266123,0.115448
4617,0.266165,0.115944
4618,0.270374,0.117056
4619,0.259662,0.117431
4620,0.268961,0.116161
4621,0.278457,0.116514
4622,0.272489,0.116716
4623,0.258381,0.117226
4624,0.262242,0.117291
4625,0.271594,0.115398
4626,0.265411,0.116816
4627,0.275535,0.117327
4628,0.262737,0.116939
4629,0.271761,0.115718
4630,0.267697,0.116231
4631,0.273158,0.117459
4632,0.283808,0.117151
4633,0.257641,0.116951
4634,0.267132,0.117826
4635,0.270320,0.116362
4636,0.276395,0.116517
4637,0.257817,0.115384
4638,0.262116,0.116708
4639,0.271092,0.117464
4640,0.269265,0.116000
4641,0.265109,0.116058
4642,0.264513,0.116892
4643,0.260425,0.117184
4644,0.275060,0.117247
4645,0.276286,0.117172
4646,0.263183,0.115931
4647,0.261147,0.117091
4648,0.269024,0.116415
4649,0.259521,0.117005
4650,0.270215,0.116014
4651,0.269532,0.118670
4652,0.268588,0.117088
4653,0.259260,0.116887
4654,0.265416,0.117165
4655,0.264828,0.115198
4656,0.260996,0.116031
4657,0.261951,0.117409
4658,0.279060,0.117135
4659,0.268960,0.117404
4660,0.265078,0.116361
4661,0.267797,0.117738
4662,0.269152,0.116436
4663,0.264520,0.116748
4664,0.266139,0.117447
4665,0.259411,0.118853
4666,0.273806,0.116780
4667,0.264549,0.118335
4668,0.267957,0.117278
4669,0.265181,0.118516
4670,0.259739,0.119772
4671,0.259463,0.118072
4672,0.262693,0.117501
4673,0.268357,0.117428
4674,0.259453,0.117969
4675,0.265593,0.118958
4676,0.270094,0.117978
4677,0.265478,0.117065
4678,0.263982,0.118926
4679,0.275872,0.116955
4680,0.278482,0.116866
4681,0.261825,0.116416
4682,0.267435,0.117035
4683,0.269276,0.117224
4684,0.279661,0.115686
4685,0.281590,0.116256
4686,0.261300,0.117604
4687,0.274115,0.117171
4688,0.273034,0.116984
4689,0.265187,0.115405
4690,0.267426,0.116741
4691,0.280854,0.117091
4692,0.261174,0.117215
4693,0.257709,0.117137
4694,0.269902,0.117377
4695,0.264366,0.117028
4696,0.270770,0.116181
4697,0.267576,0.115776
4698,0.273677,0.116812
4699,0.273393,0.117946
4700,0.269765,0.116863
4701,0.274755,0.118784
4702,0.265606,0.117181
4703,0.275249,0.117221
4704,0.262823,0.117355
4705,0.259605,0.116719
4706,0.269227,0.116531
4707,0.259864,0.116239
4708,0.263251,0.116998
4709,0.268932,0.117455
4710,0.272393,0.115938
4711,0.267170,0.117357
4712,0.278430,0.117270
4713,0.276045,0.116989
4714,0.283273,0.117227
4715,0.266415,0.117489
4716,0.281801,0.116131
4717,0.272738,0.117518
4718,0.271623,0.116907
4719,0.271588,0.116936
4720,0.281625,0.116000
4721,0.276751,0.116508
4722,0.268551,0.116649
4723,0.260593,0.117411
4724,0.267177,0.115305
4725,0.270198,0.116996
4726,0.269185,0.116608
4727,0.257871,0.117294
4728,0.262700,0.115113
4729,0.282144,0.116234
4730,0.278666,0.116919
4731,0.274467,0.117465
4732,0.267408,0.117983
4733,0.270376,0.117731
4734,0.261740,0.115914
4735,0.273918,0.116379
4736,0.275681,0.115528
4737,0.273632,0.117161
4738,0.273344,0.117347
4739,0.270400,0.117424
4740,0.275880,0.116291
4741,0.291839,0.116797
4742,0.288390,0.117456
4743,0.273566,0.117204
4744,0.272449,0.117168
4745,0.267672,0.115880
4746,0.269068,0.116475
4747,0.267570,0.116548
4748,0.305691,0.116761
4749,0.271828,0.115576
4750,0.273204,0.116999
4751,0.258294,0.118314
4752,0.272391,0.116303
4753,0.263507,0.116590
4754,0.264561,0.117080
4755,0.262311,0.117328
4756,0.265249,0.117583
4757,0.263429,0.116349
4758,0.266940,0.115683
4759,0.270098,0.116260
4760,0.270007,0.117549
4761,0.264978,0.117484
4762,0.276040,0.117037
4763,0.269387,0.116814
4764,0.269591,0.116230
4765,0.254183,0.117141
4766,0.267862,0.116462
4767,0.265298,0.117289
4768,0.257385,0.116932
4769,0.270178,0.116847
4770,0.277424,0.116408
4771,0.257048,0.117271
4772,0.266953,0.116389
4773,0.268608,0.117049
4774,0.255103,0.117299
4775,0.254917,0.116351
4776,0.259136,0.115816
4777,0.260668,0.116425
4778,0.269992,0.117677
4779,0.264283,0.117445
4780,0.262328,0.116084
4781,0.275399,0.116634
4782,0.278059,0.116824
4783,0.272404,0.117282
4784,0.260171,0.117369
4785,0.260886,0.115787
4786,0.263911,0.116542
4787,0.272170,0.117012
4788,0.272966,0.116926
4789,0.273525,0.115975
4790,0.268743,0.116823
4791,0.271379,0.118504
4792,0.269788,0.116915
4793,0.266746,0.116391
4794,0.269370,0.117354
4795,0.260965,0.117373
4796,0.281501,0.117043
4797,0.271230,0.116331
4798,0.262495,0.115968
4799,0.265776,0.117550
4800,0.269557,0.117010
4801,0.274334,0.118866
4802,0.267962,0.116749
4803,0.262022,0.116741
4804,0.259481,0.117601
4805,0.263255,0.117185
4806,0.252333,0.117053
4807,0.267248,0.115460
4808,0.267912,0.116296
4809,0.260469,0.117277
4810,0.257247,0.116875
4811,0.267043,0.117562
4812,0.268819,0.115465
4813,0.260845,0.116641
4814,0.283716,0.119005
4815,0.262783,0.117096
4816,0.278003,0.116647
4817,0.271845,0.117099
4818,0.268582,0.116943
4819,0.272366,0.116228
4820,0.279207,0.115438
4821,0.275365,0.116588
4822,0.267655,0.117691
4823,0.266675,0.116878
4824,0.268400,0.115800
4825,0.277309,0.116690
4826,0.280603,0.117274
4827,0.270522,0.117044
4828,0.282747,0.117126
4829,0.268090,0.116545
4830,0.268531,0.116637
4831,0.273730,0.117201
4832,0.273883,0.116955
4833,0.271705,0.115747
4834,0.265294,0.116132
4835,0.274512,0.116954
4836,0.264198,0.116996
4837,0.261854,0.116826
4838,0.276527,0.117441
4839,0.266311,0.116412
4840,0.270425,0.116489
4841,0.269162,0.115878
4842,0.269958,0.117121
4843,0.262489,0.118120
4844,0.267463,0.116642
4845,0.283047,0.116580
4846,0.276618,0.117244
4847,0.260886,0.117609
4848,0.266474,0.117142
4849,0.274299,0.116143
4850,0.278608,0.115758
4851,0.277532,0.117447
4852,0.272100,0.117297
4853,0.250756,0.118469
4854,0.272458,0.117068
4855,0.266378,0.116588
4856,0.265245,0.116795
4857,0.269631,0.116701
4858,0.267420,0.116909
4859,0.270059,0.117379
4860,0.265115,0.117101
4861,0.273788,0.117303
4862,0.287153,0.116389
4863,0.272698,0.116708
4864,0.264077,0.116193
4865,0.273192,0.116986
4866,0.284893,0.117822
4867,0.269533,0.117459
4868,0.270996,0.116961
4869,0.275282,0.116213
4870,0.270973,0.116635
4871,0.256831,0.117811
4872,0.264483,0.116969
4873,0.270992,0.116958
4874,0.283314,0.116740
4875,0.270070,0.116816
4876,0.274458,0.116143
4877,0.295153,0.115879
4878,0.287290,0.116842
4879,0.266282,0.118037
4880,0.278860,0.117444
4881,0.262012,0.116280
4882,0.284971,0.116569
4883,0.266700,0.117392
4884,0.283992,0.117129
4885,0.265191,0.117281
4886,0.274624,0.116399
4887,0.267169,0.117081
4888,0.295108,0.116188
4889,0.261250,0.116790
4890,0.269052,0.115906
4891,0.262257,0.117633
4892,0.268316,0.117854
4893,0.261848,0.116473
4894,0.263797,0.117060
4895,0.283218,0.118437
4896,0.278160,0.117249
4897,0.271173,0.117351
4898,0.260609,0.117337
4899,0.272838,0.116684
4900,0.260528,0.116610
4901,0.278684,0.118538
4902,0.271732,0.117607
4903,0.266525,0.117691
4904,0.266020,0.117266
4905,0.281438,0.116292
4906,0.258460,0.116901
4907,0.272601,0.118326
4908,0.272836,0.116870
4909,0.271450,0.116892
4910,0.264216,0.117389
4911,0.266968,0.116816
4912,0.267567,0.116171
4913,0.256849,0.115635
4914,0.257285,0.117887
4915,0.282656,0.117948
4916,0.267477,0.116898
4917,0.270752,0.115549
4918,0.272318,0.117706
4919,0.274171,0.117016
4920,0.260588,0.116698
4921,0.259903,0.117336
4922,0.266890,0.116888
4923,0.283240,0.117730
4924,0.261373,0.117021
4925,0.273154,0.116446
4926,0.272734,0.115543
4927,0.270862,0.117187
4928,0.277463,0.117699
4929,0.270905,0.116977
4930,0.264403,0.115860
4931,0.263571,0.117549
4932,0.281237,0.117808
4933,0.283730,0.118357
4934,0.267051,0.117175
4935,0.270523,0.117272
4936,0.273491,0.118084
4937,0.261553,0.116837
4938,0.275687,0.115662
4939,0.269733,0.115871
4940,0.267714,0.116568
4941,0.278203,0.117353
4942,0.275162,0.116931
4943,0.286463,0.117186
4944,0.274904,0.115309
4945,0.258333,0.117032
4946,0.262703,0.116650
4947,0.288632,0.117598
4948,0.270433,0.116862
4949,0.275732,0.117554
4950,0.278469,0.116167
4951,0.266286,0.118250
4952,0.274859,0.116920
4953,0.273290,0.117158
4954,0.273360,0.116152
4955,0.274584,0.118735
4956,0.273263,0.117840
4957,0.263831,0.116356
4958,0.272900,0.116010
4959,0.268167,0.117350
4960,0.270567,0.117314
4961,0.270743,0.117267
4962,0.332412,0.117116
4963,0.261924,0.116705
4964,0.268469,0.117105
4965,0.260800,0.116268
4966,0.270476,0.116448
4967,0.279392,0.116408
4968,0.260219,0.118132
4969,0.270218,0.118557
4970,0.275011,0.117074
4971,0.286682,0.116272
4972,0.265495,0.116325
4973,0.274210,0.117940
4974,0.268009,0.116722
4975,0.268663,0.117362
4976,0.274792,0.116758
4977,0.274998,0.117654
4978,0.268668,0.116077
4979,0.276478,0.115781
4980,0.278446,0.115400
4981,0.271229,0.117973
4982,0.265404,0.118375
4983,0.269801,0.117706
4984,0.262497,0.116638
4985,0.264128,0.116198
4986,0.273871,0.116850
4987,0.273180,0.117246
4988,0.269891,0.117329
4989,0.274705,0.116805
4990,0.277174,0.116857
4991,0.270471,0.116346
4992,0.280305,0.116187
4993,0.275939,0.116245
4994,0.260550,0.117158
4995,0.280699,0.118177
4996,0.271637,0.117094
4997,0.258432,0.117228
4998,0.283528,0.116918
4999,0.280534,0.117940
5000,0.276526,0.118551
