step,grad_norm,step_time
1,1.294182,0.136780
2,1.302665,0.116717
3,1.293247,0.116638
4,1.216705,0.116934
5,1.311256,0.120279
6,1.332290,0.117883
7,1.345840,0.119546
8,1.386748,0.120213
9,1.514410,0.118657
10,1.574374,0.116787
11,1.682745,0.117737
12,1.813182,0.117804
13,1.924355,0.118867
14,1.883363,0.118385
15,1.931950,0.118409
16,1.922329,0.120197
17,1.765015,0.119381
18,1.674154,0.117759
19,1.741315,0.117370
20,1.599644,0.117434
21,1.565326,0.118023
22,1.497631,0.118682
23,1.295774,0.118230
24,1.137492,0.119456
25,1.029727,0.119244
26,0.943869,0.117985
27,0.983534,0.118015
28,0.854193,0.117773
29,0.689785,0.117859
30,0.731607,0.118848
31,0.526989,0.118609
32,0.561840,0.119652
33,0.536885,0.118955
34,0.534445,0.118464
35,0.539546,0.118330
36,0.477596,0.117348
37,0.476760,0.118335
38,0.474390,0.118510
39,0.467129,0.118570
40,0.577369,0.118879
41,0.434908,0.118868
42,0.553887,0.118877
43,0.461980,0.118203
44,0.458069,0.117695
45,0.503917,0.117795
46,0.417219,0.118135
47,0.546317,0.118425
48,0.459888,0.118597
49,0.507282,0.118778
50,0.493042,0.118976
51,0.419014,0.118113
52,0.529473,0.117663
53,0.591789,0.117960
54,0.514125,0.117754
55,0.478107,0.118865
56,0.407320,0.118964
57,0.424233,0.118937
58,0.539620,0.118757
59,0.522060,0.118290
60,0.467458,0.118238
61,0.449553,0.118338
62,0.501594,0.117653
63,0.456591,0.118304
64,0.571214,0.118319
65,0.483472,0.118760
66,0.564268,0.119166
67,0.514296,0.118981
68,0.477764,0.118686
69,0.504893,0.118024
70,0.449541,0.118473
71,0.408826,0.118900
72,0.490017,0.118358
73,0.395283,0.118620
74,0.444762,0.118998
75,0.417053,0.118930
76,0.433658,0.119235
77,0.438295,0.118276
78,0.467985,0.118382
79,0.460999,0.118725
80,0.507194,0.118127
81,0.803472,0.118514
82,0.446330,0.118611
83,0.677134,0.118724
84,0.453130,0.118759
85,0.493425,0.117995
86,0.471450,0.118704
87,0.552482,0.118933
88,0.456177,0.118446
89,0.489211,0.118458
90,0.480029,0.118492
91,0.568077,0.119051
92,0.445166,0.118549
93,0.529285,0.118340
94,0.512982,0.118156
95,0.565092,0.118439
96,0.425376,0.118200
97,0.499973,0.118519
98,0.535426,0.118790
99,0.556140,0.118583
100,0.490071,0.118490
101,0.433070,0.119720
102,0.504761,0.118018
103,0.493785,0.117594
104,0.473915,0.119035
105,0.473487,0.118774
106,0.476741,0.118519
107,0.477288,0.118030
108,0.466912,0.117323
109,0.458872,0.119442
110,0.508129,0.119043
111,0.532579,0.118214
112,0.498862,0.118587
113,0.503881,0.118374
114,0.531785,0.118993
115,0.461505,0.118601
116,0.490693,0.117981
117,0.475748,0.118805
118,0.476719,0.118631
119,0.492562,0.118703
120,0.489842,0.119100
121,0.499305,0.118210
122,0.457063,0.118399
123,0.498101,0.118854
124,0.462348,0.118101
125,0.445310,0.118854
126,0.459300,0.118678
127,0.446943,0.118371
128,0.445148,0.118908
129,0.458947,0.118353
130,0.440138,0.118391
131,0.419833,0.118525
132,0.447687,0.118394
133,0.421354,0.118974
134,0.477723,0.118276
135,0.436519,0.118594
136,0.438227,0.118647
137,0.432522,0.118070
138,0.473562,0.117902
139,0.457320,0.118118
140,0.480370,0.118499
141,0.481996,0.118498
142,0.449961,0.118819
143,0.441080,0.118763
144,0.467676,0.118281
145,0.479409,0.118028
146,0.467179,0.118452
147,0.413954,0.118731
148,0.434390,0.118622
149,0.478767,0.118407
150,0.460823,0.117903
151,0.463828,0.119049
152,0.485493,0.117742
153,0.497131,0.118787
154,0.515070,0.118837
155,0.545136,0.118648
156,0.506763,0.118590
157,0.497313,0.117334
158,0.462551,0.118911
159,0.460411,0.119178
160,0.479579,0.118045
161,0.501073,0.118213
162,0.476752,0.118156
163,0.473025,0.118780
164,0.465235,0.119341
165,0.487451,0.117883
166,0.509244,0.118422
167,0.457932,0.118775
168,0.484248,0.118485
169,0.465758,0.118944
170,0.500053,0.118407
171,0.548275,0.118293
172,0.412551,0.118804
173,0.479852,0.118313
174,0.575639,0.119145
175,0.476728,0.118404
176,0.544300,0.118588
177,0.476341,0.118836
178,0.421319,0.118342
179,0.445486,0.118702
180,0.426202,0.118772
181,0.416601,0.118399
182,0.439279,0.118814
183,0.436112,0.118572
184,0.469590,0.118456
185,0.420711,0.118426
186,0.459233,0.118440
187,0.514425,0.118432
188,0.465543,0.118456
189,0.529628,0.118130
190,0.467425,0.118832
191,0.532743,0.118797
192,0.436240,0.118352
193,0.481291,0.118406
194,0.475828,0.118071
195,0.470236,0.118819
196,0.521354,0.118526
197,0.465335,0.118589
198,0.438670,0.118571
199,0.447406,0.117632
200,0.441488,0.118819
201,0.426419,0.119748
202,0.457216,0.118771
203,0.425069,0.118971
204,0.494391,0.118647
205,0.456971,0.118718
206,0.446816,0.118084
207,0.507412,0.118388
208,0.420514,0.118390
209,0.475828,0.118555
210,0.468639,0.118194
211,0.473898,0.118381
212,0.429014,0.118542
213,0.451667,0.119023
214,0.439279,0.118160
215,0.420759,0.118681
216,0.446466,0.118504
217,0.409748,0.118488
218,0.437636,0.119190
219,0.420336,0.118314
220,0.432355,0.118591
221,0.433300,0.119012
222,0.433613,0.118142
223,0.468137,0.119069
224,0.400856,0.118204
225,0.396059,0.119500
226,0.409684,0.119168
227,0.449609,0.118605
228,0.428051,0.118789
229,0.498172,0.118112
230,0.419659,0.118393
231,0.461886,0.118396
232,0.431941,0.117774
233,0.434143,0.118830
234,0.425506,0.118843
235,0.448128,0.118593
236,0.443032,0.119064
237,0.425107,0.118091
238,0.395888,0.118872
239,0.428070,0.118798
240,0.399571,0.118189
241,0.403284,0.118461
242,0.408734,0.118935
243,0.388275,0.118730
244,0.398785,0.118991
245,0.394149,0.118733
246,0.419997,0.118590
247,0.423422,0.118808
248,0.411892,0.118101
249,0.397662,0.119098
250,0.380317,0.119003
251,0.413031,0.119789
252,0.422029,0.118356
253,0.414358,0.119121
254,0.463398,0.118245
255,0.403145,0.117719
256,0.384988,0.118982
257,0.392420,0.119012
258,0.435269,0.118142
259,0.427959,0.118654
260,0.380873,0.117670
261,0.413307,0.119373
262,0.377609,0.118624
263,0.388077,0.118107
264,0.388930,0.119037
265,0.387863,0.118530
266,0.390603,0.118976
267,0.386721,0.118807
268,0.381599,0.118246
269,0.390236,0.118511
270,0.410304,0.117892
271,0.400130,0.118381
272,0.416198,0.119038
273,0.422958,0.119162
274,0.396416,0.118882
275,0.461006,0.118870
276,0.387007,0.118432
277,0.406977,0.118797
278,0.389842,0.118299
279,0.387264,0.118152
280,0.382546,0.118762
281,0.382998,0.118593
282,0.425177,0.119012
283,0.408386,0.118501
284,0.429603,0.118659
285,0.388604,0.118743
286,0.428834,0.118468
287,0.411031,0.118533
288,0.397457,0.119157
289,0.410390,0.118538
290,0.382523,0.119336
291,0.395494,0.118582
292,0.368978,0.118507
293,0.383706,0.118582
294,0.360085,0.118440
295,0.369396,0.118481
296,0.398017,0.117885
297,0.367939,0.118366
298,0.400752,0.118832
299,0.368340,0.119105
300,0.367294,0.118698
301,0.356211,0.119543
302,0.363003,0.118599
303,0.380550,0.118536
304,0.394391,0.118246
305,0.366476,0.118724
306,0.425251,0.118856
307,0.384592,0.118423
308,0.350050,0.118915
309,0.393893,0.118411
310,0.392231,0.118634
311,0.376562,0.118816
312,0.362692,0.118735
313,0.399431,0.118751
314,0.421427,0.117591
315,0.352397,0.118729
316,0.420011,0.119219
317,0.355519,0.118792
318,0.505463,0.119062
319,0.450847,0.117677
320,0.376928,0.119231
321,0.398573,0.119237
322,0.366507,0.118492
323,0.366811,0.118552
324,0.368408,0.118526
325,0.369091,0.119083
326,0.409386,0.119106
327,0.351432,0.118091
328,0.360531,0.118122
329,0.378399,0.118522
330,0.357127,0.118713
331,0.339429,0.118734
332,0.371122,0.118363
333,0.359145,0.118736
334,0.353973,0.118793
335,0.352971,0.118585
336,0.384171,0.118572
337,0.345716,0.118356
338,0.352946,0.118311
339,0.360207,0.118583
340,0.375521,0.118943
341,0.377306,0.119180
342,0.355993,0.118618
343,0.367298,0.118637
344,0.377580,0.118598
345,0.382952,0.118586
346,0.399677,0.118985
347,0.381265,0.118175
348,0.400759,0.118682
349,0.374555,0.118916
350,0.376442,0.118467
351,0.401921,0.120247
352,0.330243,0.118178
353,0.396145,0.118830
354,0.365125,0.118570
355,0.394234,0.118585
356,0.395503,0.118747
357,0.367330,0.118363
358,0.390873,0.119211
359,0.354045,0.118930
360,0.381336,0.118521
361,0.360885,0.118362
362,0.343943,0.118425
363,0.359098,0.118213
364,0.369308,0.118742
365,0.338969,0.119269
366,0.345383,0.118493
367,0.381355,0.118849
368,0.360199,0.118078
369,0.355364,0.118895
370,0.366399,0.118624
371,0.329303,0.118660
372,0.364069,0.118931
373,0.342289,0.117487
374,0.341615,0.119143
375,0.332263,0.119153
376,0.356708,0.118318
377,0.341669,0.118569
378,0.356740,0.118288
379,0.354204,0.119055
380,0.363640,0.118279
381,0.354168,0.118466
382,0.335881,0.118671
383,0.356383,0.118465
384,0.339815,0.118690
385,0.343994,0.118835
386,0.357209,0.118302
387,0.345022,0.118789
388,0.346760,0.118015
389,0.373261,0.118652
390,0.350295,0.119302
391,0.354213,0.118452
392,0.340758,0.119052
393,0.358191,0.118511
394,0.390286,0.118416
395,0.364055,0.119347
396,0.362580,0.118037
397,0.359569,0.118445
398,0.363944,0.118879
399,0.339909,0.118515
400,0.350432,0.118854
401,0.334003,0.119857
402,0.336900,0.118765
403,0.340296,0.118130
404,0.339172,0.118767
405,0.359158,0.118932
406,0.352910,0.119639
407,0.325625,0.119067
408,0.360559,0.118130
409,0.348097,0.119129
410,0.380040,0.119053
411,0.350300,0.117969
412,0.320833,0.118377
413,0.353482,0.118712
414,0.367190,0.119660
415,0.332878,0.118191
416,0.375607,0.118020
417,0.332048,0.118954
418,0.348229,0.118875
419,0.329720,0.118516
420,0.344964,0.118573
421,0.342553,0.118753
422,0.316507,0.119008
423,0.368751,0.118952
424,0.355089,0.118404
425,0.344326,0.118499
426,0.367647,0.118393
427,0.344083,0.117349
428,0.340690,0.118743
429,0.336188,0.119091
430,0.335276,0.118978
431,0.322154,0.118746
432,0.319445,0.117711
433,0.318311,0.118807
434,0.317129,0.118581
435,0.319202,0.118276
436,0.343826,0.118006
437,0.325986,0.118456
438,0.330374,0.119172
439,0.328261,0.119029
440,0.333705,0.118383
441,0.326384,0.118497
442,0.328572,0.118031
443,0.318178,0.118550
444,0.342803,0.118723
445,0.340896,0.118642
446,0.373864,0.118647
447,0.331768,0.118754
448,0.351303,0.118740
449,0.367310,0.118809
450,0.340456,0.118102
451,0.369670,0.119850
452,0.364848,0.119146
453,0.369390,0.118602
454,0.378272,0.118659
455,0.333445,0.118342
456,0.338345,0.118892
457,0.331558,0.118063
458,0.337753,0.118010
459,0.317393,0.119187
460,0.330333,0.118185
461,0.310645,0.119081
462,0.330799,0.118521
463,0.318721,0.118929
464,0.333214,0.118877
465,0.325455,0.117984
466,0.333791,0.117893
467,0.329576,0.118475
468,0.311531,0.118361
469,0.332162,0.118677
470,0.317449,0.118609
471,0.316365,0.119470
472,0.337688,0.118956
473,0.308898,0.118752
474,0.350784,0.118668
475,0.330991,0.118328
476,0.306563,0.117961
477,0.309093,0.118709
478,0.317072,0.118961
479,0.299942,0.119402
480,0.325059,0.119089
481,0.315059,0.118177
482,0.313946,0.118925
483,0.301052,0.118549
484,0.315281,0.118249
485,0.304993,0.118472
486,0.327299,0.117987
487,0.311485,0.119212
488,0.336915,0.118849
489,0.298044,0.118431
490,0.321027,0.118619
491,0.313824,0.117731
492,0.337671,0.118491
493,0.330525,0.118734
494,0.354092,0.118231
495,0.347826,0.118840
496,0.298039,0.118408
497,0.360072,0.118791
498,0.308395,0.119323
499,0.352680,0.118492
500,0.308139,0.118576
501,0.309753,0.119777
502,0.340691,0.118672
503,0.318288,0.118568
504,0.316743,0.118877
505,0.319057,0.118992
506,0.333589,0.118562
507,0.331403,0.118629
508,0.293153,0.118492
509,0.330038,0.118767
510,0.325091,0.119004
511,0.309868,0.118422
512,0.329229,0.118790
513,0.310499,0.119022
514,0.319725,0.118539
515,0.311213,0.118893
516,0.340486,0.118069
517,0.308512,0.119149
518,0.320206,0.118986
519,0.328928,0.118591
520,0.311133,0.118790
521,0.338081,0.118974
522,0.297608,0.118412
523,0.327889,0.118692
524,0.333651,0.117990
525,0.316572,0.119118
526,0.317445,0.118536
527,0.311266,0.118886
528,0.298649,0.118873
529,0.324556,0.118390
530,0.312667,0.118673
531,0.340911,0.118394
532,0.299295,0.117951
533,0.338769,0.118243
534,0.306976,0.118418
535,0.321519,0.118635
536,0.309826,0.119251
537,0.310447,0.118790
538,0.333527,0.119252
539,0.341793,0.118507
540,0.305723,0.117872
541,0.344973,0.118601
542,0.305799,0.119111
543,0.297429,0.118504
544,0.346431,0.118474
545,0.292849,0.118046
546,0.299658,0.119424
547,0.334502,0.119151
548,0.295989,0.118699
549,0.298384,0.118697
550,0.312397,0.117805
551,0.291324,0.118574
552,0.320311,0.117660
553,0.312654,0.119945
554,0.329503,0.118801
555,0.306272,0.118984
556,0.312629,0.118621
557,0.346358,0.117721
558,0.286345,0.119437
559,0.307218,0.119154
560,0.306199,0.118288
561,0.293915,0.118528
562,0.300264,0.118541
563,0.294660,0.119085
564,0.305729,0.119018
565,0.292319,0.117493
566,0.293842,0.119365
567,0.311092,0.119157
568,0.303576,0.118219
569,0.289243,0.118958
570,0.295512,0.118260
571,0.334818,0.118596
572,0.309469,0.118839
573,0.359370,0.118233
574,0.307587,0.118548
575,0.304929,0.119198
576,0.371148,0.118558
577,0.298383,0.118591
578,0.333049,0.118368
579,0.339718,0.119230
580,0.301241,0.118592
581,0.327863,0.118533
582,0.327994,0.118920
583,0.283624,0.118724
584,0.310927,0.119041
585,0.286922,0.118273
586,0.308371,0.118285
587,0.307995,0.119155
588,0.291542,0.118541
589,0.312767,0.118609
590,0.298699,0.118527
591,0.300438,0.118889
592,0.302836,0.118839
593,0.284680,0.118483
594,0.281891,0.118286
595,0.286828,0.118666
596,0.309534,0.118822
597,0.295460,0.118432
598,0.294471,0.118690
599,0.288507,0.119012
600,0.288439,0.118782
601,0.314461,0.119248
602,0.283549,0.118132
603,0.272773,0.118886
604,0.298563,0.118092
605,0.288072,0.118606
606,0.290768,0.118445
607,0.295688,0.119206
608,0.293803,0.118874
609,0.282332,0.118979
610,0.301739,0.118669
611,0.283536,0.117810
612,0.310798,0.118612
613,0.325921,0.118621
614,0.289009,0.118698
615,0.292780,0.118541
616,0.299948,0.118066
617,0.307256,0.119107
618,0.283343,0.118754
619,0.313600,0.118420
620,0.307347,0.118073
621,0.313830,0.117846
622,0.295557,0.118597
623,0.308720,0.119062
624,0.294665,0.118414
625,0.334949,0.118897
626,0.293615,0.118805
627,0.312797,0.119318
628,0.325067,0.119088
629,0.292329,0.118375
630,0.336007,0.118625
631,0.309269,0.118722
632,0.302234,0.118224
633,0.373351,0.119072
634,0.281806,0.118589
635,0.317291,0.118450
636,0.313683,0.118998
637,0.280705,0.118402
638,0.282676,0.118752
639,0.339489,0.118559
640,0.319614,0.118659
641,0.287144,0.118719
642,0.304099,0.117910
643,0.292878,0.118999
644,0.292445,0.118647
645,0.296978,0.118366
646,0.302216,0.118849
647,0.298444,0.118638
648,0.299624,0.118364
649,0.284787,0.118218
650,0.282725,0.118743
651,0.291153,0.119584
652,0.287943,0.118164
653,0.292338,0.118816
654,0.280906,0.118135
655,0.284161,0.118161
656,0.287938,0.118557
657,0.280751,0.118658
658,0.316503,0.118677
659,0.274169,0.119312
660,0.281169,0.118194
661,0.308944,0.119612
662,0.287321,0.118862
663,0.289204,0.118868
664,0.297535,0.118061
665,0.296624,0.118077
666,0.279998,0.118901
667,0.276860,0.119065
668,0.304010,0.118313
669,0.286025,0.119121
670,0.295147,0.118285
671,0.274392,0.119261
672,0.280089,0.119194
673,0.282637,0.118237
674,0.278583,0.118345
675,0.278228,0.118051
676,0.288676,0.118848
677,0.277423,0.118829
678,0.282961,0.118589
679,0.268826,0.119014
680,0.276221,0.118239
681,0.295304,0.118586
682,0.283541,0.118654
683,0.300628,0.117996
684,0.299734,0.118428
685,0.303849,0.118624
686,0.307102,0.118584
687,0.288742,0.118829
688,0.327404,0.118561
689,0.296208,0.118563
690,0.282627,0.118706
691,0.300130,0.118253
692,0.304636,0.118694
693,0.265541,0.118198
694,0.322568,0.118696
695,0.289551,0.119178
696,0.280722,0.118686
697,0.290169,0.119120
698,0.288463,0.118299
699,0.286558,0.118250
700,0.276149,0.118561
701,0.287473,0.119579
702,0.280824,0.119030
703,0.294788,0.118828
704,0.285137,0.119017
705,0.290097,0.118735
706,0.305463,0.118022
707,0.284750,0.118102
708,0.281026,0.117926
709,0.326308,0.118573
710,0.284090,0.118950
711,0.311296,0.119160
712,0.290897,0.119178
713,0.286163,0.119228
714,0.287851,0.118176
715,0.294910,0.118652
716,0.259474,0.118531
717,0.292532,0.118659
718,0.270876,0.118488
719,0.264658,0.117729
720,0.272029,0.119695
721,0.315426,0.119460
722,0.273306,0.118707
723,0.277306,0.118464
724,0.285750,0.117421
725,0.266607,0.119089
726,0.276210,0.118739
727,0.285688,0.118210
728,0.275646,0.119056
729,0.312165,0.118323
730,0.305662,0.119280
731,0.279737,0.119016
732,0.318897,0.118008
733,0.288288,0.117824
734,0.274059,0.117984
735,0.318757,0.118679
736,0.292343,0.119042
737,0.286315,0.118600
738,0.313247,0.118924
739,0.272990,0.118551
740,0.288926,0.118214
741,0.279473,0.118334
742,0.268608,0.118260
743,0.272367,0.118638
744,0.270732,0.119250
745,0.265618,0.118369
746,0.267736,0.119240
747,0.271199,0.118397
748,0.259113,0.118544
749,0.268846,0.118605
750,0.270769,0.117825
751,0.273946,0.120665
752,0.291190,0.118744
753,0.262678,0.118655
754,0.300199,0.118013
755,0.297685,0.118688
756,0.272349,0.118023
757,0.268553,0.117938
758,0.281487,0.118820
759,0.265803,0.118823
760,0.273091,0.119581
761,0.282218,0.119009
762,0.264790,0.118460
763,0.297745,0.118496
764,0.277473,0.118628
765,0.283196,0.118504
766,0.260344,0.118517
767,0.277381,0.118258
768,0.272075,0.118428
769,0.291716,0.119326
770,0.258840,0.119077
771,0.260695,0.118460
772,0.265324,0.118315
773,0.272195,0.117865
774,0.289220,0.118788
775,0.268371,0.118730
776,0.274398,0.118517
777,0.289020,0.119085
778,0.277320,0.118442
779,0.302455,0.119347
780,0.262601,0.118781
781,0.274221,0.118592
782,0.286501,0.118439
783,0.290014,0.117650
784,0.267888,0.118755
785,0.338282,0.119073
786,0.302666,0.118239
787,0.272764,0.118863
788,0.320204,0.118618
789,0.279853,0.119314
790,0.284518,0.118445
791,0.272041,0.117908
792,0.253144,0.118436
793,0.278489,0.118794
794,0.284238,0.118554
795,0.276274,0.119789
796,0.287081,0.118244
797,0.282757,0.119181
798,0.274531,0.118526
799,0.287060,0.118325
800,0.288476,0.118791
801,0.272009,0.119879
802,0.352228,0.119041
803,0.271952,0.118088
804,0.265012,0.118609
805,0.267316,0.118888
806,0.267697,0.118213
807,0.278778,0.118771
808,0.258440,0.118346
809,0.259838,0.119157
810,0.282527,0.118912
811,0.257978,0.118145
812,0.262088,0.119064
813,0.258136,0.118531
814,0.266719,0.118567
815,0.260000,0.118181
816,0.265419,0.117993
817,0.254047,0.118636
818,0.277805,0.119014
819,0.279405,0.118870
820,0.276482,0.119039
821,0.274350,0.118260
822,0.275880,0.118172
823,0.268851,0.118508
824,0.259806,0.118323
825,0.276334,0.118584
826,0.265102,0.118480
827,0.269915,0.117937
828,0.250528,0.119586
829,0.274445,0.119096
830,0.256340,0.118422
831,0.261826,0.118553
832,0.264823,0.117879
833,0.258515,0.119080
834,0.255738,0.119052
835,0.254678,0.118210
836,0.263748,0.119060
837,0.268946,0.118141
838,0.262616,0.118246
839,0.250914,0.118837
840,0.297383,0.118138
841,0.272522,0.118247
842,0.260430,0.118232
843,0.284570,0.118505
844,0.266795,0.119160
845,0.275156,0.118723
846,0.275371,0.118582
847,0.247320,0.118758
848,0.301117,0.118361
849,0.272404,0.118538
850,0.257606,0.118670
851,0.282861,0.119503
852,0.297560,0.118611
853,0.259859,0.118938
854,0.270998,0.118409
855,0.271777,0.117981
856,0.278461,0.118894
857,0.266338,0.118371
858,0.271937,0.118386
859,0.265269,0.119006
860,0.259137,0.118426
861,0.267326,0.119449
862,0.260331,0.118459
863,0.265981,0.118297
864,0.284640,0.119096
865,0.280294,0.118733
866,0.258219,0.118443
867,0.277599,0.118393
868,0.319659,0.118545
869,0.266455,0.118986
870,0.272112,0.118153
871,0.245850,0.118303
872,0.251580,0.118516
873,0.269957,0.119171
874,0.259318,0.118455
875,0.275948,0.118600
876,0.275819,0.117829
877,0.275243,0.119308
878,0.310871,0.119241
879,0.265473,0.118531
880,0.275648,0.118509
881,0.262170,0.117785
882,0.270306,0.118899
883,0.257471,0.118867
884,0.255491,0.118207
885,0.259761,0.118437
886,0.273286,0.118151
887,0.284255,0.118923
888,0.267083,0.118778
889,0.255933,0.118295
890,0.277798,0.118734
891,0.272013,0.118076
892,0.267310,0.118689
893,0.257879,0.118924
894,0.266146,0.119115
895,0.269981,0.118442
896,0.258801,0.118007
897,0.258537,0.118904
898,0.264077,0.119164
899,0.277700,0.117909
900,0.281988,0.118353
901,0.253972,0.119617
902,0.274940,0.118477
903,0.270589,0.118173
904,0.256641,0.118513
905,0.267427,0.119523
906,0.272270,0.118037
907,0.261566,0.118531
908,0.267955,0.118573
909,0.271902,0.119177
910,0.250945,0.118909
911,0.294061,0.118382
912,0.272598,0.118301
913,0.257866,0.119382
914,0.275355,0.118568
915,0.288625,0.118752
916,0.261111,0.118186
917,0.261150,0.118884
918,0.297133,0.118631
919,0.265413,0.118324
920,0.288031,0.118639
921,0.254831,0.118682
922,0.256446,0.118327
923,0.269229,0.118582
924,0.258881,0.118895
925,0.255512,0.118033
926,0.252978,0.118632
927,0.256389,0.118770
928,0.266861,0.118571
929,0.252224,0.118316
930,0.263320,0.117818
931,0.247738,0.119091
932,0.256206,0.119071
933,0.254473,0.118790
934,0.259294,0.118352
935,0.254719,0.117259
936,0.253339,0.119052
937,0.279193,0.119253
938,0.258200,0.118121
939,0.263155,0.118610
940,0.258802,0.118246
941,0.245541,0.119089
942,0.253777,0.118713
943,0.261790,0.117864
944,0.241548,0.118704
945,0.254008,0.119096
946,0.260537,0.118653
947,0.243808,0.118750
948,0.276518,0.118439
949,0.247479,0.119334
950,0.257808,0.118109
951,0.243083,0.119686
952,0.268685,0.118718
953,0.248842,0.118996
954,0.256434,0.119164
955,0.242833,0.118789
956,0.299456,0.119022
957,0.263134,0.118166
958,0.294561,0.117707
959,0.255084,0.119172
960,0.263362,0.118716
961,0.282936,0.119256
962,0.253537,0.118892
963,0.284183,0.118725
964,0.252905,0.119118
965,0.266132,0.118227
966,0.259063,0.118135
967,0.251203,0.118114
968,0.265016,0.118247
969,0.285788,0.119346
970,0.267083,0.118998
971,0.245714,0.118700
972,0.293840,0.119023
973,0.260803,0.118276
974,0.263314,0.118372
975,0.258605,0.117978
976,0.266791,0.118389
977,0.282435,0.118808
978,0.272257,0.118538
979,0.264888,0.118610
980,0.258876,0.119249
981,0.276988,0.119001
982,0.274765,0.118464
983,0.254145,0.118161
984,0.275546,0.117767
985,0.253136,0.119179
986,0.252550,0.118735
987,0.264635,0.118908
988,0.262734,0.118500
989,0.250575,0.117819
990,0.257605,0.119020
991,0.256237,0.119146
992,0.270434,0.118219
993,0.259141,0.118658
994,0.256493,0.117741
995,0.249678,0.119590
996,0.243467,0.118927
997,0.252484,0.117853
998,0.256045,0.118645
999,0.253243,0.118365
1000,0.253409,0.118599
1001,0.259649,0.119560
1002,0.238301,0.118990
1003,0.257936,0.119046
1004,0.240375,0.118511
1005,0.253207,0.118336
1006,0.252571,0.118674
1007,0.241872,0.118631
1008,0.253052,0.118537
1009,0.242253,0.118278
1010,0.260339,0.118767
1011,0.256490,0.119367
1012,0.257173,0.118381
1013,0.255619,0.119011
1014,0.253014,0.118421
1015,0.239979,0.118494
1016,0.247848,0.118888
1017,0.260328,0.118565
1018,0.250071,0.119046
1019,0.267174,0.118498
1020,0.263581,0.119015
1021,0.281552,0.118591
1022,0.256769,0.117702
1023,0.268231,0.118587
1024,0.258738,0.118698
1025,0.242826,0.118485
1026,0.258011,0.118731
1027,0.236841,0.118551
1028,0.240669,0.119274
1029,0.251621,0.118754
1030,0.244974,0.118237
1031,0.263321,0.118362
1032,0.263611,0.118474
1033,0.242865,0.118170
1034,0.250256,0.118888
1035,0.270325,0.118865
1036,0.256120,0.118568
1037,0.255269,0.118646
1038,0.315476,0.117846
1039,0.252949,0.119033
1040,0.251268,0.118877
1041,0.254342,0.118190
1042,0.248188,0.118380
1043,0.252011,0.117994
1044,0.256759,0.119386
1045,0.244266,0.119216
1046,0.244056,0.118379
1047,0.258154,0.118943
1048,0.256941,0.117832
1049,0.250656,0.118575
1050,0.257813,0.118864
1051,0.247371,0.119537
1052,0.245570,0.118817
1053,0.256525,0.118709
1054,0.252037,0.118296
1055,0.248867,0.118005
1056,0.244420,0.118887
1057,0.243047,0.118852
1058,0.249083,0.118374
1059,0.250992,0.118763
1060,0.268775,0.118838
1061,0.251727,0.118683
1062,0.263081,0.119058
1063,0.258618,0.118125
1064,0.252467,0.118469
1065,0.258008,0.118911
1066,0.242466,0.118404
1067,0.254265,0.119028
1068,0.242078,0.118860
1069,0.250167,0.118754
1070,0.252716,0.118860
1071,0.263896,0.117982
1072,0.257103,0.118728
1073,0.275078,0.118756
1074,0.247630,0.118550
1075,0.249293,0.118873
1076,0.273949,0.118531
1077,0.244317,0.119019
1078,0.260461,0.118169
1079,0.253377,0.118062
1080,0.234108,0.118171
1081,0.260462,0.118715
1082,0.262992,0.118677
1083,0.245710,0.118895
1084,0.242413,0.119009
1085,0.266307,0.118533
1086,0.247508,0.118254
1087,0.273103,0.117748
1088,0.254979,0.118688
1089,0.245238,0.118885
1090,0.248862,0.118962
1091,0.238904,0.118852
1092,0.240312,0.118740
1093,0.249236,0.118929
1094,0.241038,0.118879
1095,0.258118,0.118495
1096,0.249598,0.118295
1097,0.248423,0.117867
1098,0.251118,0.119162
1099,0.244716,0.119167
1100,0.239033,0.119035
1101,0.237620,0.119857
1102,0.246540,0.118250
1103,0.249358,0.118144
1104,0.239247,0.118026
1105,0.236074,0.119401
1106,0.252771,0.119233
1107,0.241297,0.118606
1108,0.252507,0.119011
1109,0.253595,0.118546
1110,0.242261,0.118583
1111,0.248966,0.118534
1112,0.245156,0.118033
1113,0.245333,0.119327
1114,0.252488,0.118494
1115,0.247160,0.119038
1116,0.230487,0.119054
1117,0.243270,0.118540
1118,0.246700,0.118510
1119,0.251241,0.118397
1120,0.247849,0.118558
1121,0.259546,0.119422
1122,0.236614,0.118462
1123,0.252739,0.118867
1124,0.255206,0.119003
1125,0.233404,0.118450
1126,0.243360,0.119005
1127,0.241421,0.118523
1128,0.230869,0.118484
1129,0.247738,0.119041
1130,0.234945,0.118790
1131,0.244948,0.119176
1132,0.235414,0.118760
1133,0.245685,0.118725
1134,0.257705,0.118629
1135,0.240743,0.118005
1136,0.240950,0.118683
1137,0.261791,0.118919
1138,0.241236,0.118982
1139,0.267133,0.118898
1140,0.252998,0.118521
1141,0.232444,0.119216
1142,0.241649,0.118578
1143,0.245167,0.118242
1144,0.242048,0.118855
1145,0.232584,0.118856
1146,0.252496,0.118937
1147,0.249496,0.118904
1148,0.242420,0.118404
1149,0.248694,0.118934
1150,0.245068,0.118732
1151,0.242889,0.119708
1152,0.248406,0.118510
1153,0.235052,0.118995
1154,0.249769,0.118909
1155,0.246684,0.118596
1156,0.237512,0.118910
1157,0.242265,0.118336
1158,0.234183,0.117352
1159,0.247220,0.119275
1160,0.249234,0.118975
1161,0.238757,0.119379
1162,0.234291,0.118877
1163,0.237356,0.117720
1164,0.241004,0.119622
1165,0.241974,0.118732
1166,0.228450,0.118149
1167,0.240342,0.118630
1168,0.273286,0.117865
1169,0.247601,0.119108
1170,0.260225,0.119225
1171,0.231929,0.118572
1172,0.240990,0.118812
1173,0.242203,0.118126
1174,0.241654,0.118702
1175,0.245863,0.118684
1176,0.261929,0.118188
1177,0.237015,0.118569
1178,0.245534,0.118769
1179,0.233094,0.118931
1180,0.240867,0.119058
1181,0.234955,0.118345
1182,0.245130,0.118736
1183,0.241004,0.118619
1184,0.262314,0.118453
1185,0.245611,0.119675
1186,0.247138,0.118329
1187,0.261817,0.118990
1188,0.236458,0.118462
1189,0.250396,0.118551
1190,0.250884,0.119372
1191,0.245545,0.118809
1192,0.259414,0.118507
1193,0.256451,0.118835
1194,0.230451,0.118799
1195,0.238599,0.118721
1196,0.251438,0.118272
1197,0.242061,0.118382
1198,0.230561,0.118889
1199,0.260376,0.118322
1200,0.248887,0.118829
1201,0.248602,0.119996
1202,0.245188,0.118562
1203,0.237486,0.117972
1204,0.230929,0.118631
1205,0.246826,0.118769
1206,0.261924,0.118605
1207,0.259525,0.118613
1208,0.258190,0.118306
1209,0.240299,0.119586
1210,0.244260,0.118495
1211,0.251442,0.118554
1212,0.238659,0.118508
1213,0.238093,0.118908
1214,0.232015,0.118723
1215,0.235292,0.118666
1216,0.230597,0.119241
1217,0.238537,0.119666
1218,0.241017,0.119166
1219,0.227332,0.118698
1220,0.236151,0.118355
1221,0.253894,0.118379
1222,0.232185,0.118416
1223,0.241301,0.118723
1224,0.246955,0.118785
1225,0.238798,0.119305
1226,0.241874,0.118604
1227,0.248600,0.117632
1228,0.239683,0.118863
1229,0.235107,0.118861
1230,0.244764,0.118386
1231,0.250907,0.118313
1232,0.234114,0.117697
1233,0.235732,0.119542
1234,0.226619,0.119501
1235,0.232008,0.117843
1236,0.245162,0.118366
1237,0.240132,0.118136
1238,0.242934,0.119307
1239,0.234755,0.118878
1240,0.243572,0.118118
1241,0.229300,0.119379
1242,0.241061,0.118582
1243,0.265144,0.118957
1244,0.249232,0.118701
1245,0.238034,0.118305
1246,0.229574,0.118837
1247,0.245385,0.117789
1248,0.258341,0.118429
1249,0.240931,0.119322
1250,0.266043,0.118627
1251,0.257970,0.119896
1252,0.247513,0.118481
1253,0.293383,0.117648
1254,0.260682,0.117923
1255,0.228891,0.118589
1256,0.270092,0.119332
1257,0.238801,0.118811
1258,0.246057,0.118731
1259,0.266871,0.120010
1260,0.286363,0.118801
1261,0.245362,0.118676
1262,0.263053,0.117912
1263,0.272164,0.118432
1264,0.274982,0.118776
1265,0.235528,0.118400
1266,0.257475,0.118722
1267,0.244152,0.119545
1268,0.233705,0.119555
1269,0.238800,0.119087
1270,0.224300,0.118208
1271,0.244361,0.118155
1272,0.226889,0.118624
1273,0.235296,0.118687
1274,0.238192,0.118641
1275,0.245587,0.118939
1276,0.224961,0.119029
1277,0.236597,0.118788
1278,0.252113,0.118738
1279,0.232962,0.118057
1280,0.236976,0.118040
1281,0.242642,0.118107
1282,0.248764,0.118642
1283,0.245876,0.119018
1284,0.240464,0.118559
1285,0.252033,0.119045
1286,0.241687,0.118131
1287,0.242173,0.118461
1288,0.226547,0.118921
1289,0.247015,0.118292
1290,0.231118,0.118454
1291,0.228397,0.117765
1292,0.229765,0.118892
1293,0.234441,0.119324
1294,0.239120,0.118865
1295,0.230348,0.118666
1296,0.234264,0.117648
1297,0.243502,0.119353
1298,0.263575,0.119021
1299,0.239127,0.117836
1300,0.245561,0.118525
1301,0.246908,0.119849
1302,0.229918,0.118416
1303,0.249247,0.117681
1304,0.234629,0.119062
1305,0.232525,0.118819
1306,0.246094,0.118191
1307,0.222629,0.118577
1308,0.228843,0.118427
1309,0.237046,0.119418
1310,0.229056,0.118825
1311,0.225423,0.118527
1312,0.242089,0.118706
1313,0.235296,0.118901
1314,0.227038,0.118558
1315,0.243762,0.118646
1316,0.236317,0.117946
1317,0.240331,0.119314
1318,0.239646,0.119234
1319,0.244140,0.118539
1320,0.226740,0.118922
1321,0.230050,0.118549
1322,0.232193,0.118807
1323,0.233311,0.118839
1324,0.230198,0.118290
1325,0.258456,0.117981
1326,0.231193,0.119460
1327,0.230011,0.118798
1328,0.241172,0.118498
1329,0.229159,0.118848
1330,0.240953,0.119033
1331,0.225878,0.118935
1332,0.242464,0.118164
1333,0.239790,0.118199
1334,0.227777,0.118920
1335,0.240140,0.118761
1336,0.240732,0.118679
1337,0.243991,0.119306
1338,0.229338,0.118540
1339,0.231748,0.118514
1340,0.254878,0.117967
1341,0.244566,0.118185
1342,0.249603,0.119608
1343,0.236144,0.118875
1344,0.232203,0.118579
1345,0.231056,0.118261
1346,0.239016,0.119509
1347,0.230567,0.119248
1348,0.244012,0.118458
1349,0.240701,0.117954
1350,0.238675,0.117665
1351,0.240559,0.119520
1352,0.236536,0.118053
1353,0.235057,0.119693
1354,0.231056,0.120199
1355,0.238082,0.118516
1356,0.234644,0.118325
1357,0.243135,0.117197
1358,0.235233,0.119244
1359,0.232230,0.119284
1360,0.245653,0.118533
1361,0.232166,0.119023
1362,0.247333,0.118618
1363,0.237155,0.119064
1364,0.238183,0.118905
1365,0.239846,0.117833
1366,0.250148,0.118132
1367,0.219283,0.118354
1368,0.229672,0.119008
1369,0.252185,0.119081
1370,0.230383,0.118927
1371,0.246387,0.119154
1372,0.232423,0.118523
1373,0.222453,0.118549
1374,0.226861,0.118596
1375,0.233095,0.117990
1376,0.241216,0.118146
1377,0.229293,0.119055
1378,0.241581,0.118940
1379,0.245019,0.119345
1380,0.243699,0.118970
1381,0.234466,0.118826
1382,0.239669,0.118787
1383,0.235800,0.118300
1384,0.250164,0.118595
1385,0.238401,0.118387
1386,0.226389,0.118495
1387,0.242802,0.119647
1388,0.251187,0.118582
1389,0.232955,0.118875
1390,0.253283,0.118613
1391,0.249127,0.118771
1392,0.237682,0.118778
1393,0.235729,0.117982
1394,0.258715,0.118567
1395,0.241812,0.119332
1396,0.259439,0.118715
1397,0.242339,0.118600
1398,0.225429,0.118408
1399,0.233053,0.118466
1400,0.267447,0.119143
1401,0.253667,0.119687
1402,0.216604,0.118542
1403,0.288690,0.118957
1404,0.254481,0.118406
1405,0.241707,0.118709
1406,0.275355,0.117974
1407,0.234793,0.119084
1408,0.231270,0.118929
1409,0.268438,0.119052
1410,0.244690,0.118769
1411,0.243015,0.118185
1412,0.240667,0.118600
1413,0.243668,0.119265
1414,0.242941,0.118589
1415,0.234807,0.118782
1416,0.258815,0.118289
1417,0.260924,0.119309
1418,0.224210,0.119343
1419,0.264657,0.118195
1420,0.259714,0.118417
1421,0.233632,0.118490
1422,0.232947,0.118965
1423,0.233279,0.119272
1424,0.250995,0.118252
1425,0.242736,0.118858
1426,0.247866,0.118494
1427,0.250909,0.119106
1428,0.236252,0.119185
1429,0.237510,0.118617
1430,0.246316,0.118784
1431,0.226509,0.119026
1432,0.237044,0.118904
1433,0.238386,0.119187
1434,0.237940,0.118506
1435,0.233574,0.118660
1436,0.227772,0.118084
1437,0.215886,0.118524
1438,0.246648,0.118832
1439,0.245699,0.118613
1440,0.223185,0.119030
1441,0.233954,0.118550
1442,0.241194,0.118952
1443,0.227854,0.119024
1444,0.247292,0.118131
1445,0.240875,0.118035
1446,0.232763,0.118805
1447,0.229464,0.118538
1448,0.235518,0.119002
1449,0.251090,0.118460
1450,0.236791,0.118788
1451,0.225627,0.119024
1452,0.247271,0.118289
1453,0.246904,0.118530
1454,0.233373,0.118645
1455,0.224667,0.118705
1456,0.259243,0.118535
1457,0.230508,0.119002
1458,0.239543,0.119201
1459,0.250815,0.118771
1460,0.244947,0.118162
1461,0.221008,0.118177
1462,0.257076,0.119447
1463,0.224259,0.118754
1464,0.229822,0.118214
1465,0.223411,0.118603
1466,0.232026,0.119165
1467,0.221759,0.119681
1468,0.245840,0.118271
1469,0.223484,0.118691
1470,0.220413,0.118202
1471,0.234718,0.119205
1472,0.254136,0.119019
1473,0.225157,0.118783
1474,0.231936,0.118842
1475,0.226751,0.118365
1476,0.248889,0.118605
1477,0.237301,0.119241
1478,0.229933,0.118533
1479,0.244939,0.118387
1480,0.269347,0.117692
1481,0.230571,0.119245
1482,0.267808,0.119027
1483,0.248715,0.118546
1484,0.233406,0.118730
1485,0.254468,0.117720
1486,0.230577,0.119131
1487,0.228820,0.119047
1488,0.222774,0.118328
1489,0.229360,0.118789
1490,0.254351,0.118442
1491,0.239537,0.119337
1492,0.223176,0.118896
1493,0.227350,0.117862
1494,0.247212,0.118409
1495,0.224850,0.118264
1496,0.242624,0.118473
1497,0.225772,0.118783
1498,0.228898,0.118499
1499,0.217285,0.119224
1500,0.232179,0.118870
1501,0.234755,0.119548
1502,0.239694,0.118585
1503,0.218884,0.118583
1504,0.233457,0.118392
1505,0.236430,0.118682
1506,0.231488,0.118666
1507,0.228845,0.119100
1508,0.228600,0.118404
1509,0.241254,0.119331
1510,0.223814,0.118562
1511,0.233470,0.118185
1512,0.218150,0.118425
1513,0.217313,0.118457
1514,0.219782,0.119049
1515,0.232183,0.118947
1516,0.224040,0.118659
1517,0.234759,0.119394
1518,0.250594,0.119283
1519,0.225466,0.119019
1520,0.229619,0.117989
1521,0.230884,0.118488
1522,0.222215,0.119162
1523,0.223728,0.118604
1524,0.232905,0.118702
1525,0.227553,0.118522
1526,0.233424,0.119394
1527,0.210925,0.118896
1528,0.232988,0.118190
1529,0.234191,0.118198
1530,0.226588,0.118875
1531,0.232061,0.119049
1532,0.242001,0.118471
1533,0.226805,0.118439
1534,0.227076,0.118305
1535,0.224940,0.118735
1536,0.232170,0.119039
1537,0.230211,0.118232
1538,0.224791,0.118852
1539,0.231117,0.118254
1540,0.240748,0.119347
1541,0.231684,0.118856
1542,0.246474,0.118640
1543,0.222990,0.118875
1544,0.224963,0.117713
1545,0.226796,0.118574
1546,0.236214,0.118915
1547,0.230294,0.118410
1548,0.218633,0.119008
1549,0.245764,0.117728
1550,0.224680,0.119421
1551,0.222862,0.119756
1552,0.222864,0.118717
1553,0.236304,0.118926
1554,0.221399,0.118040
1555,0.225398,0.118704
1556,0.225035,0.117976
1557,0.230055,0.119099
1558,0.227445,0.119069
1559,0.217121,0.118471
1560,0.221438,0.118868
1561,0.229675,0.118749
1562,0.232509,0.118219
1563,0.233271,0.118550
1564,0.229019,0.118232
1565,0.223827,0.118728
1566,0.240086,0.119375
1567,0.241241,0.118765
1568,0.225676,0.119138
1569,0.240058,0.119150
1570,0.240159,0.118497
1571,0.235208,0.118699
1572,0.247003,0.117860
1573,0.234823,0.118767
1574,0.230275,0.118569
1575,0.242237,0.119123
1576,0.228151,0.118425
1577,0.235518,0.118864
1578,0.240118,0.118768
1579,0.222060,0.118618
1580,0.222239,0.118305
1581,0.245909,0.118492
1582,0.236248,0.118741
1583,0.231932,0.118471
1584,0.244252,0.119139
1585,0.263450,0.118968
1586,0.216897,0.118705
1587,0.234229,0.118267
1588,0.233169,0.118583
1589,0.242650,0.118520
1590,0.233203,0.119025
1591,0.238863,0.118483
1592,0.236474,0.118911
1593,0.227394,0.118546
1594,0.233606,0.118729
1595,0.242458,0.119400
1596,0.238729,0.118307
1597,0.229000,0.117973
1598,0.230001,0.117723
1599,0.248154,0.119153
1600,0.225120,0.119392
1601,0.230950,0.119794
1602,0.232222,0.120116
1603,0.234651,0.117977
1604,0.238930,0.118435
1605,0.219329,0.118128
1606,0.226889,0.119066
1607,0.234146,0.119149
1608,0.220122,0.118477
1609,0.222291,0.118728
1610,0.225570,0.118669
1611,0.233414,0.118213
1612,0.217778,0.118707
1613,0.218165,0.118319
1614,0.224633,0.118824
1615,0.229569,0.118568
1616,0.219924,0.118856
1617,0.226410,0.118925
1618,0.218380,0.119243
1619,0.230464,0.118306
1620,0.218844,0.118181
1621,0.228972,0.118564
1622,0.223187,0.119169
1623,0.233096,0.118826
1624,0.225117,0.118844
1625,0.221374,0.118714
1626,0.227713,0.118859
1627,0.225610,0.118689
1628,0.241656,0.118442
1629,0.229297,0.118148
1630,0.222651,0.118722
1631,0.219884,0.118528
1632,0.228050,0.118859
1633,0.226596,0.118697
1634,0.218473,0.118973
1635,0.228731,0.118652
1636,0.245408,0.118348
1637,0.238691,0.118846
1638,0.248930,0.118561
1639,0.231025,0.118307
1640,0.228336,0.118721
1641,0.245200,0.118843
1642,0.226978,0.118642
1643,0.220741,0.118372
1644,0.245302,0.118996
1645,0.226148,0.118458
1646,0.220073,0.118205
1647,0.233335,0.118593
1648,0.224679,0.118803
1649,0.215441,0.119219
1650,0.230455,0.118784
1651,0.234684,0.120163
1652,0.218651,0.118247
1653,0.233647,0.118523
1654,0.243925,0.118580
1655,0.231555,0.118685
1656,0.223687,0.119375
1657,0.239453,0.118595
1658,0.229413,0.118578
1659,0.222814,0.118803
1660,0.242231,0.118296
1661,0.219993,0.119174
1662,0.233781,0.118653
1663,0.221852,0.118234
1664,0.221488,0.118810
1665,0.222466,0.118704
1666,0.223813,0.119342
1667,0.221680,0.118953
1668,0.222597,0.118605
1669,0.213295,0.117893
1670,0.232884,0.118780
1671,0.219745,0.119080
1672,0.214962,0.118302
1673,0.228293,0.118951
1674,0.229776,0.118207
1675,0.231708,0.118940
1676,0.220452,0.119196
1677,0.221742,0.118587
1678,0.228018,0.118474
1679,0.219982,0.118322
1680,0.231025,0.118939
1681,0.227606,0.118812
1682,0.228938,0.118811
1683,0.229828,0.118749
1684,0.218360,0.118021
1685,0.229836,0.118602
1686,0.225830,0.118966
1687,0.223873,0.118441
1688,0.236200,0.118716
1689,0.220676,0.118833
1690,0.233911,0.118596
1691,0.217482,0.119090
1692,0.225742,0.118709
1693,0.228387,0.118184
1694,0.217957,0.118306
1695,0.236796,0.118289
1696,0.228029,0.118578
1697,0.220283,0.119600
1698,0.232431,0.119123
1699,0.225225,0.118736
1700,0.240845,0.118560
1701,0.224497,0.119919
1702,0.231768,0.118454
1703,0.238686,0.118793
1704,0.215601,0.118440
1705,0.237540,0.118557
1706,0.236795,0.118861
1707,0.219623,0.118204
1708,0.215765,0.118201
1709,0.222076,0.118708
1710,0.239985,0.118922
1711,0.225770,0.119228
1712,0.224327,0.118402
1713,0.244842,0.118451
1714,0.225873,0.119172
1715,0.218904,0.118728
1716,0.235063,0.118358
1717,0.239648,0.118442
1718,0.224369,0.118510
1719,0.253298,0.119210
1720,0.217221,0.119263
1721,0.229360,0.118547
1722,0.244885,0.118702
1723,0.227496,0.118124
1724,0.240297,0.118502
1725,0.262637,0.119062
1726,0.213188,0.118236
1727,0.224850,0.118359
1728,0.246092,0.118369
1729,0.213521,0.118569
1730,0.220199,0.119111
1731,0.224169,0.118518
1732,0.223474,0.118664
1733,0.219468,0.118433
1734,0.221056,0.118781
1735,0.221306,0.118760
1736,0.225132,0.118484
1737,0.232564,0.118732
1738,0.222621,0.117764
1739,0.235528,0.118961
1740,0.221793,0.118842
1741,0.222063,0.118589
1742,0.237802,0.118679
1743,0.222121,0.118284
1744,0.224401,0.118830
1745,0.232147,0.118819
1746,0.237172,0.118248
1747,0.226868,0.118453
1748,0.229674,0.118698
1749,0.248469,0.118505
1750,0.234560,0.118925
1751,0.228893,0.119607
1752,0.250837,0.118674
1753,0.220717,0.118371
1754,0.211710,0.117968
1755,0.226605,0.118931
1756,0.245266,0.118661
1757,0.222169,0.118711
1758,0.228850,0.118864
1759,0.225255,0.119327
1760,0.227276,0.119050
1761,0.221828,0.118616
1762,0.231140,0.118437
1763,0.258571,0.118913
1764,0.213019,0.119001
1765,0.218766,0.119003
1766,0.241788,0.117912
1767,0.224359,0.119029
1768,0.227295,0.118964
1769,0.238957,0.118991
1770,0.240426,0.119242
1771,0.228632,0.118174
1772,0.237734,0.118565
1773,0.232962,0.118909
1774,0.226917,0.118812
1775,0.222471,0.118426
1776,0.229131,0.118514
1777,0.240977,0.118481
1778,0.261331,0.119009
1779,0.230379,0.118731
1780,0.233682,0.118403
1781,0.256342,0.118470
1782,0.219529,0.118146
1783,0.216239,0.118784
1784,0.252315,0.118740
1785,0.235733,0.118682
1786,0.225654,0.118829
1787,0.235665,0.117818
1788,0.224813,0.119148
1789,0.244671,0.119209
1790,0.238015,0.118351
1791,0.222377,0.118546
1792,0.214470,0.118045
1793,0.228626,0.119113
1794,0.227769,0.119031
1795,0.219378,0.118403
1796,0.225250,0.118644
1797,0.218231,0.118467
1798,0.224592,0.118540
1799,0.223141,0.119148
1800,0.225357,0.118300
1801,0.223174,0.120082
1802,0.223484,0.118420
1803,0.220352,0.118331
1804,0.223508,0.118215
1805,0.213488,0.118793
1806,0.220305,0.118999
1807,0.220369,0.118291
1808,0.221989,0.118720
1809,0.218003,0.119312
1810,0.209268,0.118457
1811,0.218878,0.119485
1812,0.217163,0.118277
1813,0.224336,0.119167
1814,0.223139,0.119960
1815,0.220679,0.119303
1816,0.226626,0.119518
1817,0.229891,0.121068
1818,0.221823,0.119614
1819,0.230905,0.119232
1820,0.219896,0.118645
1821,0.219096,0.118622
1822,0.244059,0.118606
1823,0.227755,0.118156
1824,0.233097,0.118269
1825,0.228530,0.118505
1826,0.213931,0.118951
1827,0.207732,0.118717
1828,0.220450,0.118316
1829,0.230869,0.118637
1830,0.211046,0.118673
1831,0.221079,0.118645
1832,0.225347,0.118315
1833,0.220802,0.118439
1834,0.218328,0.119448
1835,0.225816,0.118531
1836,0.240325,0.118720
1837,0.224937,0.118336
1838,0.242179,0.118380
1839,0.223046,0.119321
1840,0.221139,0.117923
1841,0.234656,0.118336
1842,0.247183,0.118675
1843,0.223514,0.118669
1844,0.209968,0.118724
1845,0.212522,0.118623
1846,0.233828,0.118300
1847,0.223094,0.119215
1848,0.221640,0.118810
1849,0.213017,0.118316
1850,0.226257,0.118636
1851,0.238980,0.119539
1852,0.235521,0.117773
1853,0.231083,0.118050
1854,0.217132,0.119288
1855,0.217780,0.119286
1856,0.215951,0.118846
1857,0.222356,0.118345
1858,0.223975,0.118284
1859,0.230318,0.119514
1860,0.232599,0.119682
1861,0.227992,0.118412
1862,0.219595,0.118576
1863,0.228845,0.118163
1864,0.223976,0.118785
1865,0.221340,0.118886
1866,0.215971,0.118397
1867,0.225114,0.118916
1868,0.217415,0.118536
1869,0.227623,0.118495
1870,0.216045,0.118620
1871,0.219057,0.118638
1872,0.224005,0.118107
1873,0.218522,0.118468
1874,0.218481,0.118588
1875,0.223150,0.118874
1876,0.227541,0.118463
1877,0.212678,0.118301
1878,0.224770,0.118762
1879,0.217338,0.118796
1880,0.228429,0.118469
1881,0.228748,0.118012
1882,0.211308,0.118380
1883,0.224714,0.119439
1884,0.216090,0.118498
1885,0.218230,0.118381
1886,0.218899,0.118551
1887,0.214654,0.118736
1888,0.222808,0.118509
1889,0.219519,0.118201
1890,0.210636,0.118920
1891,0.211913,0.118838
1892,0.209277,0.118502
1893,0.205307,0.118868
1894,0.214943,0.118365
1895,0.210404,0.118596
1896,0.211150,0.118139
1897,0.217851,0.118438
1898,0.217944,0.118714
1899,0.226325,0.119189
1900,0.229314,0.118727
1901,0.228786,0.119739
1902,0.221922,0.118182
1903,0.221028,0.118284
1904,0.223893,0.118701
1905,0.232258,0.118461
1906,0.233466,0.119047
1907,0.232259,0.118303
1908,0.234087,0.118937
1909,0.236731,0.119478
1910,0.213113,0.118571
1911,0.234301,0.118507
1912,0.223751,0.117905
1913,0.217108,0.118971
1914,0.219514,0.119296
1915,0.215102,0.118614
1916,0.214453,0.118595
1917,0.222413,0.118105
1918,0.220806,0.118928
1919,0.215439,0.118879
1920,0.219923,0.118076
1921,0.245856,0.118824
1922,0.224851,0.118399
1923,0.240817,0.119056
1924,0.219613,0.119128
1925,0.228644,0.118005
1926,0.216192,0.118351
1927,0.222845,0.118317
1928,0.255024,0.118355
1929,0.227655,0.118949
1930,0.236171,0.118426
1931,0.230504,0.119214
1932,0.239338,0.119013
1933,0.223014,0.118638
1934,0.249641,0.118590
1935,0.255551,0.118384
1936,0.215741,0.118169
1937,0.230146,0.118402
1938,0.229024,0.118606
1939,0.225773,0.118922
1940,0.230949,0.118564
1941,0.222469,0.118527
1942,0.211990,0.118935
1943,0.238916,0.118270
1944,0.218390,0.118803
1945,0.250450,0.118116
1946,0.223303,0.118390
1947,0.216649,0.119493
1948,0.220966,0.118386
1949,0.225944,0.118219
1950,0.225597,0.119015
1951,0.258378,0.119999
1952,0.214969,0.118163
1953,0.212238,0.118753
1954,0.224778,0.119203
1955,0.231194,0.118529
1956,0.209166,0.118292
1957,0.211894,0.118501
1958,0.236367,0.118953
1959,0.223212,0.118701
1960,0.210496,0.118388
1961,0.222416,0.118177
1962,0.229802,0.118955
1963,0.229381,0.119075
1964,0.216968,0.118508
1965,0.227440,0.118295
1966,0.237771,0.117776
1967,0.224234,0.119141
1968,0.224552,0.119557
1969,0.227593,0.118920
1970,0.235727,0.118877
1971,0.229604,0.118301
1972,0.225386,0.118900
1973,0.230928,0.118757
1974,0.204023,0.118222
1975,0.224725,0.118735
1976,0.226015,0.117966
1977,0.238260,0.118962
1978,0.212269,0.118994
1979,0.213658,0.118714
1980,0.215167,0.118714
1981,0.242328,0.117800
1982,0.227270,0.118274
1983,0.204975,0.118718
1984,0.215122,0.118422
1985,0.224273,0.118682
1986,0.212480,0.118500
1987,0.222704,0.118787
1988,0.217754,0.118769
1989,0.214715,0.118581
1990,0.230622,0.118510
1991,0.212700,0.118553
1992,0.219860,0.118555
1993,0.213123,0.118644
1994,0.215611,0.118868
1995,0.213281,0.118268
1996,0.220095,0.118876
1997,0.215194,0.118421
1998,0.226821,0.118744
1999,0.211863,0.118873
2000,0.217719,0.118336
2001,0.211806,0.115786
2002,0.255609,0.117192
2003,0.216133,0.117497
2004,0.213154,0.117297
2005,0.227548,0.117744
2006,0.235140,0.117778
2007,0.215715,0.117402
2008,0.229725,0.119351
2009,0.229824,0.120670
2010,0.211889,0.120390
2011,0.219716,0.119419
2012,0.223142,0.118149
2013,0.222190,0.117449
2014,0.225702,0.117723
2015,0.226769,0.117863
2016,0.245406,0.118569
2017,0.219010,0.119908
2018,0.229308,0.119849
2019,0.223680,0.119953
2020,0.232476,0.118790
2021,0.217961,0.117900
2022,0.240345,0.118100
2023,0.225847,0.117878
2024,0.213943,0.118500
2025,0.240076,0.119360
2026,0.245364,0.119617
2027,0.228485,0.120194
2028,0.220022,0.119046
2029,0.248577,0.118263
2030,0.227982,0.118244
2031,0.229628,0.118268
2032,0.222458,0.117865
2033,0.241232,0.118593
2034,0.235284,0.119389
2035,0.224255,0.119497
2036,0.235568,0.119815
2037,0.221506,0.119097
2038,0.221478,0.117915
2039,0.253777,0.118355
2040,0.228922,0.118294
2041,0.212336,0.119095
2042,0.243197,0.118727
2043,0.230088,0.119122
2044,0.222390,0.119044
2045,0.214462,0.118836
2046,0.229226,0.118572
2047,0.226986,0.118171
2048,0.264495,0.118000
2049,0.231876,0.118027
2050,0.218393,0.118919
2051,0.212766,0.119680
2052,0.214590,0.118790
2053,0.220988,0.118729
2054,0.217718,0.118416
2055,0.222712,0.118245
2056,0.209172,0.117868
2057,0.232607,0.118785
2058,0.222152,0.119158
2059,0.209348,0.119506
2060,0.215180,0.118968
2061,0.216317,0.118376
2062,0.224676,0.119211
2063,0.217509,0.118667
2064,0.223866,0.117824
2065,0.217690,0.118570
2066,0.222751,0.118467
2067,0.221077,0.119215
2068,0.222822,0.118919
2069,0.218579,0.118453
2070,0.221507,0.118381
2071,0.216283,0.118319
2072,0.216039,0.118466
2073,0.238672,0.118359
2074,0.225595,0.118513
2075,0.213426,0.118382
2076,0.223815,0.119096
2077,0.231756,0.118741
2078,0.217494,0.119059
2079,0.218134,0.118176
2080,0.235169,0.118316
2081,0.220580,0.118482
2082,0.221414,0.117980
2083,0.225661,0.118813
2084,0.224962,0.118483
2085,0.229067,0.118843
2086,0.215839,0.119175
2087,0.226274,0.118387
2088,0.230819,0.118615
2089,0.219694,0.118782
2090,0.224391,0.118056
2091,0.228804,0.118670
2092,0.219014,0.118839
2093,0.211711,0.118838
2094,0.217428,0.118791
2095,0.214231,0.119386
2096,0.210972,0.118529
2097,0.216068,0.118972
2098,0.224584,0.118286
2099,0.225307,0.118310
2100,0.231377,0.118923
2101,0.237344,0.119462
2102,0.215149,0.119352
2103,0.211065,0.118111
2104,0.223396,0.118430
2105,0.212503,0.117339
2106,0.219804,0.118808
2107,0.216595,0.119361
2108,0.219560,0.118528
2109,0.219138,0.119368
2110,0.232118,0.118117
2111,0.246063,0.118704
2112,0.218608,0.119121
2113,0.246572,0.118290
2114,0.250546,0.118626
2115,0.210522,0.118340
2116,0.231906,0.119043
2117,0.229204,0.119286
2118,0.210918,0.118498
2119,0.233972,0.118743
2120,0.232629,0.118121
2121,0.215631,0.118098
2122,0.222781,0.118222
2123,0.248313,0.118779
2124,0.212746,0.118367
2125,0.224682,0.118814
2126,0.219976,0.119064
2127,0.218549,0.118645
2128,0.211836,0.118573
2129,0.217967,0.117939
2130,0.221614,0.117561
2131,0.230741,0.118958
2132,0.215420,0.118774
2133,0.218244,0.118665
2134,0.218884,0.118133
2135,0.218240,0.119437
2136,0.228250,0.118556
2137,0.215130,0.118844
2138,0.215014,0.117574
2139,0.234535,0.118352
2140,0.229461,0.119121
2141,0.238398,0.119010
2142,0.219744,0.118850
2143,0.219036,0.119371
2144,0.233636,0.118418
2145,0.230167,0.118867
2146,0.225817,0.117759
2147,0.224819,0.118104
2148,0.230103,0.118728
2149,0.232028,0.118984
2150,0.235482,0.118720
2151,0.220175,0.119910
2152,0.214853,0.118431
2153,0.238443,0.118040
2154,0.222530,0.117953
2155,0.222340,0.118871
2156,0.222797,0.119318
2157,0.235504,0.118352
2158,0.226172,0.118482
2159,0.222596,0.118143
2160,0.230148,0.118897
2161,0.230097,0.118654
2162,0.222530,0.118401
2163,0.223813,0.118510
2164,0.254403,0.118003
2165,0.225515,0.118551
2166,0.220674,0.119254
2167,0.255056,0.118535
2168,0.209026,0.119107
2169,0.227603,0.118084
2170,0.234167,0.118860
2171,0.220173,0.119184
2172,0.221188,0.118471
2173,0.215827,0.118790
2174,0.229559,0.118429
2175,0.212048,0.118467
2176,0.214481,0.118827
2177,0.227143,0.118508
2178,0.216516,0.118355
2179,0.221640,0.119585
2180,0.223447,0.119027
2181,0.218667,0.119464
2182,0.225549,0.118958
2183,0.221188,0.118928
2184,0.219687,0.117769
2185,0.229819,0.119090
2186,0.223722,0.118641
2187,0.227318,0.118669
2188,0.211644,0.118623
2189,0.218109,0.118628
2190,0.218448,0.118277
2191,0.234731,0.118467
2192,0.222242,0.118463
2193,0.215504,0.118761
2194,0.219966,0.118774
2195,0.225063,0.118068
2196,0.220212,0.118519
2197,0.221702,0.118771
2198,0.227393,0.118519
2199,0.235438,0.118129
2200,0.229026,0.118231
2201,0.213597,0.119913
2202,0.219997,0.118562
2203,0.217758,0.118390
2204,0.206678,0.118591
2205,0.221684,0.119004
2206,0.207197,0.118402
2207,0.223885,0.118484
2208,0.234680,0.117789
2209,0.221384,0.119429
2210,0.229711,0.119214
2211,0.239958,0.118912
2212,0.212584,0.118629
2213,0.222421,0.117945
2214,0.228454,0.119403
2215,0.219282,0.119365
2216,0.223200,0.118179
2217,0.245209,0.118644
2218,0.220469,0.118607
2219,0.226349,0.119047
2220,0.215473,0.118927
2221,0.216274,0.118345
2222,0.229281,0.119081
2223,0.239510,0.118166
2224,0.216068,0.118722
2225,0.209279,0.118551
2226,0.223609,0.118651
2227,0.226235,0.118824
2228,0.236017,0.118287
2229,0.232781,0.118376
2230,0.218603,0.118863
2231,0.224062,0.118544
2232,0.223921,0.118449
2233,0.230767,0.118227
2234,0.213972,0.118704
2235,0.222486,0.118788
2236,0.245004,0.118701
2237,0.213756,0.118539
2238,0.222585,0.120027
2239,0.216582,0.119611
2240,0.240402,0.119496
2241,0.219917,0.119023
2242,0.222683,0.119128
2243,0.220464,0.119303
2244,0.220259,0.119432
2245,0.221141,0.118978
2246,0.224716,0.119400
2247,0.203176,0.118939
2248,0.220596,0.118684
2249,0.216108,0.118429
2250,0.223543,0.118456
2251,0.218006,0.118535
2252,0.218322,0.118580
2253,0.220543,0.118882
2254,0.222367,0.118932
2255,0.219324,0.119191
2256,0.225035,0.118339
2257,0.211150,0.118052
2258,0.221026,0.118515
2259,0.213557,0.118262
2260,0.221173,0.118722
2261,0.215069,0.118865
2262,0.215085,0.119139
2263,0.214916,0.119060
2264,0.209184,0.118724
2265,0.219645,0.118885
2266,0.233982,0.118421
2267,0.217921,0.118085
2268,0.219634,0.118335
2269,0.245944,0.118837
2270,0.209262,0.118683
2271,0.210920,0.119002
2272,0.240325,0.118813
2273,0.224645,0.118481
2274,0.223984,0.119476
2275,0.210794,0.117984
2276,0.219749,0.118295
2277,0.227164,0.118067
2278,0.218760,0.118647
2279,0.217005,0.119202
2280,0.223953,0.119184
2281,0.248035,0.118821
2282,0.222028,0.118106
2283,0.222727,0.118514
2284,0.216215,0.118857
2285,0.232028,0.118735
2286,0.221602,0.118606
2287,0.228796,0.118205
2288,0.219611,0.118869
2289,0.225853,0.119168
2290,0.220803,0.118360
2291,0.228076,0.118485
2292,0.214787,0.117576
2293,0.216897,0.119499
2294,0.251963,0.118618
2295,0.220848,0.118141
2296,0.225235,0.118786
2297,0.222769,0.118341
2298,0.221504,0.118557
2299,0.220571,0.119125
2300,0.220316,0.118432
2301,0.207649,0.119359
2302,0.236924,0.118044
2303,0.229527,0.118375
2304,0.227319,0.118568
2305,0.224951,0.118577
2306,0.231753,0.118630
2307,0.220508,0.118401
2308,0.212234,0.118309
2309,0.218807,0.118649
2310,0.244057,0.118712
2311,0.229513,0.118968
2312,0.254870,0.118436
2313,0.226678,0.118337
2314,0.222564,0.118966
2315,0.204727,0.118450
2316,0.218312,0.118920
2317,0.217717,0.118875
2318,0.224568,0.118743
2319,0.217097,0.118917
2320,0.225256,0.118025
2321,0.218155,0.118064
2322,0.223277,0.118494
2323,0.237128,0.118306
2324,0.226522,0.118798
2325,0.216452,0.119184
2326,0.215384,0.118341
2327,0.223630,0.119311
2328,0.214401,0.119003
2329,0.224893,0.118032
2330,0.212812,0.118274
2331,0.217331,0.118161
2332,0.221413,0.118820
2333,0.216255,0.119810
2334,0.226025,0.118525
2335,0.217709,0.118803
2336,0.211518,0.117907
2337,0.223561,0.118578
2338,0.216918,0.118798
2339,0.217635,0.118219
2340,0.222561,0.118260
2341,0.220738,0.118274
2342,0.216825,0.118880
2343,0.211732,0.119015
2344,0.204064,0.118776
2345,0.217290,0.118197
2346,0.220207,0.117888
2347,0.228718,0.118709
2348,0.220442,0.118794
2349,0.222519,0.118422
2350,0.213920,0.118300
2351,0.216312,0.119838
2352,0.224518,0.118196
2353,0.220160,0.117998
2354,0.224331,0.118363
2355,0.227064,0.118765
2356,0.217716,0.118661
2357,0.232904,0.118454
2358,0.224919,0.118531
2359,0.230819,0.118674
2360,0.215921,0.118434
2361,0.209884,0.118508
2362,0.212238,0.118089
2363,0.213063,0.119015
2364,0.222962,0.118389
2365,0.219129,0.118795
2366,0.207503,0.118473
2367,0.219175,0.118527
2368,0.213153,0.118692
2369,0.215601,0.117976
2370,0.217213,0.118530
2371,0.209938,0.119190
2372,0.208090,0.118723
2373,0.223589,0.119044
2374,0.218894,0.118581
2375,0.211033,0.118600
2376,0.216193,0.118405
2377,0.223987,0.118229
2378,0.216753,0.117929
2379,0.210473,0.118369
2380,0.208837,0.118523
2381,0.207975,0.119244
2382,0.217167,0.119218
2383,0.213972,0.118709
2384,0.218899,0.118485
2385,0.224750,0.117977
2386,0.222982,0.118344
2387,0.222946,0.118602
2388,0.241433,0.118725
2389,0.210824,0.118767
2390,0.220344,0.117962
2391,0.221389,0.118792
2392,0.225224,0.118895
2393,0.212001,0.118441
2394,0.219717,0.118176
2395,0.218419,0.117717
2396,0.212324,0.118696
2397,0.214500,0.118703
2398,0.216315,0.118327
2399,0.234960,0.118684
2400,0.220293,0.118416
2401,0.225793,0.119422
2402,0.235868,0.117631
2403,0.220128,0.118568
2404,0.212096,0.118876
2405,0.217176,0.118700
2406,0.225056,0.118508
2407,0.228845,0.118226
2408,0.231005,0.118576
2409,0.229559,0.119025
2410,0.225260,0.118390
2411,0.228067,0.118243
2412,0.224252,0.118480
2413,0.212506,0.118742
2414,0.222070,0.118928
2415,0.218133,0.118486
2416,0.227021,0.118717
2417,0.228507,0.118945
2418,0.243411,0.118717
2419,0.227981,0.118417
2420,0.221856,0.118356
2421,0.229255,0.118553
2422,0.231742,0.118715
2423,0.221190,0.118358
2424,0.224176,0.118587
2425,0.223751,0.118448
2426,0.239292,0.119201
2427,0.216769,0.118640
2428,0.224764,0.118330
2429,0.214585,0.118342
2430,0.228028,0.118918
2431,0.221503,0.118632
2432,0.222847,0.118555
2433,0.212601,0.118316
2434,0.232873,0.117948
2435,0.216793,0.118865
2436,0.219518,0.119101
2437,0.237923,0.118344
2438,0.213420,0.118711
2439,0.228961,0.118117
2440,0.211579,0.118743
2441,0.222244,0.118727
2442,0.215686,0.117791
2443,0.216943,0.119054
2444,0.223847,0.118691
2445,0.212279,0.118937
2446,0.222939,0.119170
2447,0.231731,0.118808
2448,0.227151,0.118488
2449,0.214934,0.117786
2450,0.221024,0.118267
2451,0.216996,0.119724
2452,0.210351,0.118873
2453,0.217282,0.118841
2454,0.209333,0.118527
2455,0.227469,0.118518
2456,0.216673,0.118376
2457,0.220915,0.118248
2458,0.205756,0.118515
2459,0.200001,0.119244
2460,0.229146,0.118498
2461,0.232477,0.118965
2462,0.215041,0.118601
2463,0.237701,0.118736
2464,0.231660,0.117792
2465,0.213926,0.118057
2466,0.225155,0.118657
2467,0.220717,0.118783
2468,0.478737,0.119236
2469,0.224756,0.119379
2470,0.217730,0.118165
2471,0.234035,0.119253
2472,0.237505,0.118334
2473,0.239340,0.117977
2474,0.222314,0.118779
2475,0.226589,0.118994
2476,0.222180,0.119463
2477,0.240754,0.118903
2478,0.237965,0.118513
2479,0.214433,0.118866
2480,0.217140,0.118044
2481,0.220600,0.118114
2482,0.219970,0.118303
2483,0.217918,0.117973
2484,0.209676,0.118891
2485,0.219244,0.119770
2486,0.215691,0.118834
2487,0.267601,0.118779
2488,0.217837,0.118121
2489,0.214635,0.118146
2490,0.215285,0.119247
2491,0.217238,0.118253
2492,0.216047,0.118458
2493,0.225041,0.118310
2494,0.223310,0.118706
2495,0.224245,0.119297
2496,0.213748,0.118292
2497,0.210922,0.118476
2498,0.226319,0.118046
2499,0.237449,0.118672
2500,0.223130,0.119313
2501,0.217542,0.119891
2502,0.222769,0.118481
2503,0.229110,0.118662
2504,0.226340,0.118536
2505,0.229471,0.117797
2506,0.229951,0.118856
2507,0.213831,0.119129
2508,0.227665,0.118424
2509,0.223650,0.118870
2510,0.238458,0.118632
2511,0.221109,0.118764
2512,0.242589,0.118649
2513,0.222382,0.118129
2514,0.216902,0.118383
2515,0.226139,0.119038
2516,0.242873,0.118603
2517,0.225649,0.119015
2518,0.219404,0.118859
2519,0.223109,0.118393
2520,0.248140,0.119015
2521,0.227600,0.118168
2522,0.232168,0.118186
2523,0.228632,0.119210
2524,0.206052,0.118549
2525,0.210163,0.118935
2526,0.213469,0.118705
2527,0.227378,0.119029
2528,0.208584,0.118968
2529,0.215752,0.118182
2530,0.210553,0.118238
2531,0.223153,0.118705
2532,0.230486,0.118554
2533,0.212531,0.118872
2534,0.231989,0.118688
2535,0.223730,0.119063
2536,0.218008,0.118454
2537,0.210202,0.118580
2538,0.238109,0.118353
2539,0.226002,0.118848
2540,0.218261,0.118083
2541,0.228327,0.118485
2542,0.216410,0.118823
2543,0.218186,0.118655
2544,0.223177,0.119066
2545,0.224979,0.118545
2546,0.221411,0.118433
2547,0.229224,0.118268
2548,0.241260,0.118870
2549,0.227648,0.118745
2550,0.225893,0.118798
2551,0.212107,0.119874
2552,0.214894,0.118596
2553,0.217056,0.118379
2554,0.221026,0.117899
2555,0.215833,0.119420
2556,0.225608,0.119272
2557,0.221144,0.118651
2558,0.221147,0.118560
2559,0.214282,0.117988
2560,0.217364,0.118961
2561,0.220785,0.119729
2562,0.222527,0.118131
2563,0.228147,0.118454
2564,0.210575,0.118661
2565,0.227178,0.118864
2566,0.215365,0.118793
2567,0.208633,0.118773
2568,0.222638,0.118159
2569,0.238078,0.118465
2570,0.235085,0.118464
2571,0.235197,0.118853
2572,0.226081,0.118616
2573,0.220605,0.118400
2574,0.210310,0.118610
2575,0.232449,0.118599
2576,0.228927,0.118848
2577,0.218991,0.118275
2578,0.217545,0.118402
2579,0.232864,0.119077
2580,0.219546,0.118325
2581,0.216694,0.118330
2582,0.217716,0.118726
2583,0.206135,0.118780
2584,0.219379,0.118934
2585,0.222452,0.118109
2586,0.215671,0.118432
2587,0.211225,0.118732
2588,0.218419,0.118675
2589,0.227928,0.118689
2590,0.223011,0.118135
2591,0.212579,0.118942
2592,0.215816,0.119059
2593,0.222140,0.118426
2594,0.226865,0.118139
2595,0.240857,0.118519
2596,0.208598,0.118942
2597,0.230612,0.119223
2598,0.244308,0.119364
2599,0.219168,0.118580
2600,0.211790,0.118993
2601,0.237297,0.119917
2602,0.233884,0.118409
2603,0.205642,0.118507
2604,0.221473,0.118647
2605,0.226516,0.119156
2606,0.216555,0.118315
2607,0.216526,0.118436
2608,0.238587,0.118126
2609,0.217105,0.118634
2610,0.216663,0.118874
2611,0.232898,0.118887
2612,0.236747,0.118546
2613,0.214179,0.118253
2614,0.227463,0.118766
2615,0.258196,0.118822
2616,0.214524,0.118597
2617,0.220531,0.118983
2618,0.225342,0.117953
2619,0.215074,0.119185
2620,0.224820,0.118777
2621,0.241157,0.118533
2622,0.208889,0.118632
2623,0.206481,0.118092
2624,0.222261,0.118523
2625,0.215622,0.118953
2626,0.224519,0.117991
2627,0.232952,0.118513
2628,0.208516,0.118830
2629,0.243707,0.118555
2630,0.219790,0.119387
2631,0.223318,0.118890
2632,0.229282,0.117883
2633,0.230129,0.118741
2634,0.220968,0.118974
2635,0.224468,0.118500
2636,0.216697,0.118462
2637,0.214373,0.118300
2638,0.224083,0.118812
2639,0.213326,0.119355
2640,0.206952,0.118806
2641,0.227726,0.118558
2642,0.245928,0.117773
2643,0.221651,0.118668
2644,0.207408,0.118459
2645,0.226762,0.118801
2646,0.254887,0.118431
2647,0.221567,0.118745
2648,0.213684,0.119520
2649,0.227670,0.118381
2650,0.220291,0.118350
2651,0.228277,0.119631
2652,0.218446,0.118349
2653,0.231793,0.118857
2654,0.217575,0.119142
2655,0.210166,0.119149
2656,0.221676,0.118633
2657,0.219767,0.117795
2658,0.222241,0.118134
2659,0.204295,0.119923
2660,0.209371,0.118672
2661,0.219588,0.118457
2662,0.220673,0.118249
2663,0.222089,0.119239
2664,0.219272,0.119981
2665,0.216930,0.117776
2666,0.224443,0.118048
2667,0.212046,0.118693
2668,0.208017,0.119238
2669,0.224553,0.119390
2670,0.242144,0.118380
2671,0.225292,0.118879
2672,0.213423,0.118265
2673,0.236040,0.118605
2674,0.233693,0.118673
2675,0.221302,0.118318
2676,0.219943,0.118512
2677,0.222802,0.118372
2678,0.222248,0.118714
2679,0.220456,0.118829
2680,0.206587,0.118692
2681,0.241750,0.118815
2682,0.217694,0.117809
2683,0.228327,0.118692
2684,0.217835,0.118608
2685,0.209321,0.118749
2686,0.212240,0.118303
2687,0.217741,0.118140
2688,0.224851,0.119197
2689,0.224618,0.118925
2690,0.219375,0.118539
2691,0.219117,0.118259
2692,0.223223,0.118363
2693,0.214481,0.118744
2694,0.223440,0.118662
2695,0.208577,0.118380
2696,0.218633,0.119095
2697,0.220426,0.119026
2698,0.228084,0.118787
2699,0.209218,0.118244
2700,0.210099,0.117878
2701,0.218196,0.120046
2702,0.213875,0.118176
2703,0.211269,0.118672
2704,0.206850,0.118788
2705,0.206385,0.118773
2706,0.204211,0.118878
2707,0.217990,0.117565
2708,0.218607,0.118682
2709,0.227996,0.119833
2710,0.218723,0.118150
2711,0.222676,0.118661
2712,0.201337,0.118639
2713,0.221658,0.119129
2714,0.237057,0.118708
2715,0.216326,0.117860
2716,0.218561,0.118099
2717,0.221268,0.119450
2718,0.209995,0.119382
2719,0.225402,0.118585
2720,0.209479,0.118456
2721,0.216282,0.118036
2722,0.209502,0.118834
2723,0.214524,0.118899
2724,0.206032,0.118012
2725,0.210909,0.118710
2726,0.223189,0.118323
2727,0.228224,0.119084
2728,0.215356,0.119173
2729,0.205856,0.117784
2730,0.220451,0.118788
2731,0.231100,0.118299
2732,0.214284,0.118529
2733,0.214241,0.118906
2734,0.225941,0.118847
2735,0.212688,0.119322
2736,0.215639,0.118721
2737,0.227242,0.118928
2738,0.225540,0.118612
2739,0.217662,0.118194
2740,0.212166,0.118103
2741,0.204282,0.118076
2742,0.218083,0.118693
2743,0.231215,0.118910
2744,0.217842,0.118521
2745,0.232399,0.118592
2746,0.220751,0.118641
2747,0.223764,0.118574
2748,0.227848,0.118380
2749,0.216821,0.118244
2750,0.224252,0.118667
2751,0.208825,0.119398
2752,0.222195,0.118201
2753,0.219146,0.118373
2754,0.222106,0.118268
2755,0.205767,0.118721
2756,0.220285,0.118483
2757,0.223182,0.118722
2758,0.208229,0.119180
2759,0.213688,0.119018
2760,0.217871,0.118855
2761,0.209052,0.118736
2762,0.215223,0.118335
2763,0.220888,0.118933
2764,0.212578,0.118249
2765,0.225923,0.119653
2766,0.210564,0.118969
2767,0.211082,0.119560
2768,0.216821,0.119485
2769,0.218121,0.118620
2770,0.214252,0.118057
2771,0.216844,0.118860
2772,0.225198,0.119192
2773,0.217004,0.118503
2774,0.211486,0.118682
2775,0.230429,0.118166
2776,0.209963,0.118754
2777,0.212329,0.119302
2778,0.242018,0.118418
2779,0.218852,0.118800
2780,0.220157,0.117712
2781,0.219796,0.119682
2782,0.215758,0.118981
2783,0.230444,0.118995
2784,0.229372,0.118286
2785,0.228737,0.117185
2786,0.217193,0.119238
2787,0.209371,0.119431
2788,0.211673,0.118296
2789,0.204063,0.118872
2790,0.209307,0.117869
2791,0.211225,0.119160
2792,0.210426,0.119069
2793,0.222161,0.117933
2794,0.206988,0.117991
2795,0.226004,0.118265
2796,0.212639,0.119032
2797,0.236436,0.118987
2798,0.219892,0.118450
2799,0.256028,0.118910
2800,0.226973,0.118904
2801,0.216685,0.118890
2802,0.218632,0.118319
2803,0.240883,0.119412
2804,0.208436,0.119225
2805,0.231828,0.118714
2806,0.218952,0.118910
2807,0.208963,0.119243
2808,0.222248,0.118451
2809,0.228306,0.118885
2810,0.216036,0.117996
2811,0.225116,0.118803
2812,0.219177,0.118730
2813,0.225322,0.119139
2814,0.223839,0.118758
2815,0.222500,0.120085
2816,0.210463,0.120595
2817,0.237647,0.120752
2818,0.220934,0.119881
2819,0.235472,0.120321
2820,0.230128,0.118472
2821,0.224492,0.118685
2822,0.213266,0.118645
2823,0.218985,0.118797
2824,0.225420,0.118921
2825,0.224174,0.119117
2826,0.223112,0.118623
2827,0.212346,0.118574
2828,0.212416,0.118736
2829,0.209493,0.118849
2830,0.213451,0.118888
2831,0.226378,0.118618
2832,0.218446,0.118783
2833,0.230173,0.118695
2834,0.218839,0.118785
2835,0.213966,0.118447
2836,0.233272,0.118217
2837,0.232939,0.118999
2838,0.208476,0.118681
2839,0.208772,0.118433
2840,0.227459,0.118893
2841,0.221459,0.118304
2842,0.219704,0.118863
2843,0.230976,0.118243
2844,0.238312,0.118435
2845,0.225395,0.118486
2846,0.226735,0.118655
2847,0.203740,0.118084
2848,0.263755,0.118982
2849,0.217252,0.118505
2850,0.218398,0.118611
2851,0.223607,0.119952
2852,0.233328,0.118272
2853,0.207568,0.118614
2854,0.210746,0.118258
2855,0.235448,0.118728
2856,0.244421,0.118510
2857,0.237753,0.118152
2858,0.229868,0.119218
2859,0.217117,0.119239
2860,0.219254,0.118891
2861,0.224259,0.118662
2862,0.220061,0.118697
2863,0.221544,0.119290
2864,0.218171,0.118123
2865,0.219575,0.118256
2866,0.213412,0.118174
2867,0.209036,0.119773
2868,0.213606,0.119034
2869,0.224200,0.118758
2870,0.222055,0.118277
2871,0.211269,0.118350
2872,0.218347,0.118471
2873,0.230732,0.119103
2874,0.219501,0.118607
2875,0.226213,0.118863
2876,0.217195,0.118168
2877,0.215924,0.118910
2878,0.227850,0.118877
2879,0.222308,0.118636
2880,0.220789,0.118274
2881,0.220140,0.117564
2882,0.218838,0.118948
2883,0.215991,0.119175
2884,0.223669,0.118461
2885,0.222029,0.118673
2886,0.216924,0.118526
2887,0.228524,0.118697
2888,0.227049,0.118532
2889,0.218648,0.118107
2890,0.216720,0.118260
2891,0.214829,0.118852
2892,0.218712,0.118687
2893,0.223901,0.118836
2894,0.236473,0.118730
2895,0.220269,0.118231
2896,0.216970,0.118683
2897,0.226517,0.118402
2898,0.216589,0.118304
2899,0.226716,0.119143
2900,0.233590,0.118350
2901,0.223842,0.119755
2902,0.210217,0.118456
2903,0.237133,0.118532
2904,0.223500,0.118396
2905,0.221310,0.118636
2906,0.212705,0.119006
2907,0.220123,0.118512
2908,0.213408,0.119041
2909,0.227897,0.118939
2910,0.225142,0.118334
2911,0.218184,0.118550
2912,0.219538,0.118472
2913,0.236725,0.118283
2914,0.215149,0.118436
2915,0.220200,0.118644
2916,0.212424,0.119222
2917,0.213816,0.119557
2918,0.230102,0.118917
2919,0.220641,0.118675
2920,0.227413,0.118477
2921,0.206455,0.118801
2922,0.213325,0.118975
2923,0.218054,0.118108
2924,0.211149,0.118747
2925,0.208388,0.118162
2926,0.224882,0.119508
2927,0.213038,0.119125
2928,0.208548,0.118660
2929,0.234008,0.118187
2930,0.208690,0.118074
2931,0.222121,0.118783
2932,0.211531,0.119308
2933,0.224770,0.118860
2934,0.221603,0.119325
2935,0.226712,0.117944
2936,0.214327,0.118707
2937,0.209209,0.118834
2938,0.214986,0.118352
2939,0.227806,0.118512
2940,0.227503,0.118157
2941,0.237589,0.119259
2942,0.216266,0.119232
2943,0.226321,0.118617
2944,0.233598,0.118738
2945,0.213217,0.117896
2946,0.229719,0.118554
2947,0.221440,0.118270
2948,0.229272,0.118216
2949,0.231560,0.118782
2950,0.223074,0.119363
2951,0.227590,0.119590
2952,0.229302,0.118065
2953,0.222941,0.118665
2954,0.227417,0.117996
2955,0.228511,0.117975
2956,0.221147,0.118415
2957,0.221867,0.119268
2958,0.213666,0.119017
2959,0.234309,0.119135
2960,0.228603,0.118459
2961,0.214730,0.118533
2962,0.214100,0.118669
2963,0.231661,0.118372
2964,0.229607,0.118106
2965,0.214814,0.119323
2966,0.219159,0.118714
2967,0.225771,0.118916
2968,0.227935,0.118290
2969,0.225697,0.119011
2970,0.222980,0.119527
2971,0.210250,0.118647
2972,0.216741,0.118846
2973,0.227004,0.119220
2974,0.218771,0.119339
2975,0.217736,0.119057
2976,0.218602,0.119462
2977,0.218263,0.118688
2978,0.224953,0.118796
2979,0.218816,0.118378
2980,0.215278,0.118462
2981,0.250539,0.118536
2982,0.221174,0.118936
2983,0.228860,0.119066
2984,0.225140,0.118341
2985,0.230934,0.118975
2986,0.223867,0.118979
2987,0.210025,0.119406
2988,0.228329,0.118720
2989,0.224489,0.118815
2990,0.221022,0.118520
2991,0.232222,0.118596
2992,0.244985,0.118424
2993,0.203084,0.118305
2994,0.223539,0.118452
2995,0.240255,0.118325
2996,0.212764,0.118903
2997,0.209345,0.118486
2998,0.220897,0.118862
2999,0.226619,0.118770
3000,0.207258,0.118532
3001,0.226135,0.118688
3002,0.212811,0.118507
3003,0.215732,0.118991
3004,0.225646,0.118207
3005,0.218783,0.118651
3006,0.208104,0.118214
3007,0.219639,0.118716
3008,0.218591,0.119394
3009,0.211229,0.118610
3010,0.210595,0.118425
3011,0.222570,0.117790
3012,0.221615,0.118952
3013,0.253847,0.119602
3014,0.218601,0.118356
3015,0.241873,0.118589
3016,0.231420,0.117969
3017,0.214014,0.119184
3018,0.224970,0.119154
3019,0.226568,0.118311
3020,0.232813,0.118690
3021,0.215555,0.118218
3022,0.225372,0.119121
3023,0.209653,0.118619
3024,0.235464,0.117907
3025,0.220878,0.118428
3026,0.228844,0.118272
3027,0.221629,0.118883
3028,0.235176,0.119108
3029,0.231376,0.118584
3030,0.220686,0.118786
3031,0.219914,0.118398
3032,0.225285,0.118339
3033,0.229467,0.119059
3034,0.212004,0.118113
3035,0.223439,0.118232
3036,0.229253,0.118628
3037,0.228645,0.118489
3038,0.224833,0.118687
3039,0.241595,0.118477
3040,0.232551,0.118340
3041,0.230824,0.118735
3042,0.249598,0.118060
3043,0.213182,0.118785
3044,0.216319,0.118605
3045,0.213448,0.118709
3046,0.229452,0.119094
3047,0.207649,0.117964
3048,0.219593,0.118493
3049,0.232141,0.118759
3050,0.226524,0.118924
3051,0.225159,0.119681
3052,0.219118,0.119067
3053,0.217092,0.118811
3054,0.223839,0.118765
3055,0.215121,0.118351
3056,0.217898,0.118629
3057,0.217480,0.119022
3058,0.222686,0.118429
3059,0.212921,0.118873
3060,0.210909,0.118116
3061,0.220129,0.118653
3062,0.217067,0.118910
3063,0.215534,0.118611
3064,0.208537,0.118609
3065,0.219856,0.117952
3066,0.220071,0.118859
3067,0.235530,0.119152
3068,0.209350,0.118321
3069,0.220677,0.118526
3070,0.215405,0.118150
3071,0.216206,0.118746
3072,0.226702,0.119112
3073,0.223446,0.118561
3074,0.222665,0.118572
3075,0.247454,0.118537
3076,0.217852,0.119172
3077,0.210187,0.118836
3078,0.236524,0.118742
3079,0.220343,0.118286
3080,0.209028,0.118451
3081,0.224778,0.118475
3082,0.210060,0.119027
3083,0.219434,0.118809
3084,0.222742,0.118510
3085,0.206963,0.118182
3086,0.225285,0.118973
3087,0.220066,0.118930
3088,0.228350,0.118767
3089,0.212082,0.118153
3090,0.212820,0.118429
3091,0.250027,0.118775
3092,0.223579,0.119047
3093,0.220751,0.118602
3094,0.221701,0.118427
3095,0.222029,0.118719
3096,0.219111,0.118712
3097,0.214915,0.118194
3098,0.227766,0.118643
3099,0.219660,0.118732
3100,0.234232,0.118856
3101,0.218169,0.119231
3102,0.214254,0.118796
3103,0.233557,0.118643
3104,0.222177,0.118612
3105,0.225802,0.118881
3106,0.227442,0.118570
3107,0.231367,0.119400
3108,0.214641,0.118391
3109,0.216631,0.118661
3110,0.222974,0.118449
3111,0.213424,0.118855
3112,0.213713,0.118529
3113,0.230932,0.118396
3114,0.228011,0.118357
3115,0.209557,0.118798
3116,0.214238,0.118996
3117,0.226659,0.118594
3118,0.215675,0.118673
3119,0.222914,0.118321
3120,0.222209,0.118829
3121,0.223305,0.119031
3122,0.220110,0.118860
3123,0.219209,0.118898
3124,0.224408,0.118037
3125,0.227903,0.118539
3126,0.234311,0.119475
3127,0.225816,0.118417
3128,0.237239,0.118673
3129,0.221727,0.118082
3130,0.212749,0.118614
3131,0.213139,0.119292
3132,0.211063,0.118567
3133,0.222655,0.118355
3134,0.226052,0.118194
3135,0.218602,0.118823
3136,0.211383,0.118650
3137,0.214576,0.118662
3138,0.225548,0.118884
3139,0.222519,0.117923
3140,0.236340,0.118303
3141,0.223669,0.118883
3142,0.209675,0.119517
3143,0.230313,0.118907
3144,0.231483,0.118016
3145,0.215937,0.118665
3146,0.216178,0.118982
3147,0.228742,0.118537
3148,0.222608,0.118693
3149,0.221602,0.118529
3150,0.215758,0.118722
3151,0.214517,0.119079
3152,0.204991,0.118592
3153,0.211832,0.118962
3154,0.219067,0.118566
3155,0.240175,0.118154
3156,0.216583,0.118421
3157,0.229403,0.118706
3158,0.220158,0.118692
3159,0.211976,0.118543
3160,0.208932,0.118110
3161,0.217325,0.119593
3162,0.226877,0.118845
3163,0.219119,0.118555
3164,0.221429,0.118833
3165,0.212682,0.118738
3166,0.217459,0.118800
3167,0.217631,0.118132
3168,0.220159,0.118830
3169,0.216403,0.118407
3170,0.213034,0.119491
3171,0.215349,0.118577
3172,0.227164,0.118486
3173,0.223859,0.119176
3174,0.218406,0.119016
3175,0.221123,0.119400
3176,0.211264,0.118533
3177,0.215212,0.118586
3178,0.217221,0.118806
3179,0.218485,0.118528
3180,0.236184,0.118762
3181,0.209395,0.118521
3182,0.222969,0.118609
3183,0.225885,0.118286
3184,0.218620,0.118882
3185,0.210979,0.118953
3186,0.225605,0.118764
3187,0.226259,0.118429
3188,0.229823,0.117749
3189,0.225050,0.118857
3190,0.221677,0.119225
3191,0.217402,0.118799
3192,0.208155,0.119081
3193,0.218026,0.118254
3194,0.228414,0.118992
3195,0.242568,0.120111
3196,0.212375,0.119261
3197,0.211159,0.119321
3198,0.217631,0.118648
3199,0.218944,0.119081
3200,0.215855,0.119879
3201,0.236773,0.119664
3202,0.212831,0.119130
3203,0.215408,0.117971
3204,0.225292,0.118500
3205,0.213288,0.118562
3206,0.216295,0.118800
3207,0.229883,0.118818
3208,0.233200,0.118536
3209,0.215742,0.119123
3210,0.223087,0.118571
3211,0.234459,0.118174
3212,0.222886,0.118901
3213,0.214447,0.118407
3214,0.213916,0.118258
3215,0.241589,0.118902
3216,0.231011,0.118734
3217,0.217311,0.119179
3218,0.226475,0.118201
3219,0.234127,0.118041
3220,0.234398,0.118690
3221,0.220938,0.118267
3222,0.212633,0.118498
3223,0.220466,0.118364
3224,0.216356,0.118997
3225,0.230955,0.118678
3226,0.224181,0.118324
3227,0.218221,0.118261
3228,0.214291,0.118645
3229,0.231907,0.118831
3230,0.201523,0.118528
3231,0.230407,0.118380
3232,0.220539,0.118459
3233,0.223735,0.119376
3234,0.225087,0.118993
3235,0.217675,0.118494
3236,0.230952,0.118726
3237,0.231401,0.117883
3238,0.231180,0.118554
3239,0.214367,0.118874
3240,0.230523,0.118610
3241,0.229983,0.119020
3242,0.215740,0.117896
3243,0.228774,0.119098
3244,0.245808,0.119271
3245,0.223838,0.118272
3246,0.221135,0.118198
3247,0.247939,0.118465
3248,0.222427,0.118478
3249,0.220035,0.119032
3250,0.219997,0.118167
3251,0.227416,0.119891
3252,0.221608,0.118173
3253,0.224576,0.118362
3254,0.221234,0.118537
3255,0.211670,0.118813
3256,0.209733,0.118803
3257,0.208689,0.118351
3258,0.214805,0.118314
3259,0.215491,0.118888
3260,0.210183,0.118472
3261,0.215649,0.118651
3262,0.210188,0.118192
3263,0.209591,0.118691
3264,0.215141,0.118977
3265,0.212448,0.118503
3266,0.222606,0.118692
3267,0.223947,0.118370
3268,0.228094,0.118612
3269,0.235459,0.118481
3270,0.236635,0.117806
3271,0.260695,0.118687
3272,0.215986,0.118369
3273,0.209977,0.118847
3274,0.204401,0.118657
3275,0.209854,0.118457
3276,0.220956,0.118672
3277,0.212172,0.118868
3278,0.217370,0.118422
3279,0.219317,0.118258
3280,0.218525,0.118483
3281,0.213810,0.117791
3282,0.217852,0.118907
3283,0.214071,0.119411
3284,0.225891,0.118862
3285,0.222795,0.118747
3286,0.225601,0.117879
3287,0.206966,0.119624
3288,0.223738,0.118854
3289,0.214483,0.118020
3290,0.213854,0.117899
3291,0.216232,0.117796
3292,0.213341,0.119331
3293,0.218020,0.119071
3294,0.222508,0.118374
3295,0.211568,0.118686
3296,0.228844,0.118426
3297,0.222010,0.118784
3298,0.210656,0.118348
3299,0.215318,0.117709
3300,0.198820,0.118632
3301,0.221496,0.119847
3302,0.207965,0.118415
3303,0.201060,0.118762
3304,0.212658,0.118699
3305,0.216824,0.118417
3306,0.218679,0.117886
3307,0.209238,0.119334
3308,0.214938,0.118317
3309,0.219769,0.118881
3310,0.225594,0.118994
3311,0.214571,0.118547
3312,0.213357,0.118525
3313,0.230863,0.118750
3314,0.230937,0.117839
3315,0.227177,0.118866
3316,0.220659,0.118067
3317,0.231601,0.118756
3318,0.226473,0.119325
3319,0.223699,0.118456
3320,0.220973,0.118412
3321,0.218993,0.118660
3322,0.212201,0.118386
3323,0.211561,0.118290
3324,0.215291,0.118242
3325,0.230679,0.118595
3326,0.233444,0.119031
3327,0.240701,0.118628
3328,0.210949,0.118594
3329,0.226562,0.118658
3330,0.224178,0.117864
3331,0.227215,0.118508
3332,0.225401,0.119047
3333,0.226063,0.118214
3334,0.216039,0.118560
3335,0.223853,0.117762
3336,0.220947,0.119137
3337,0.226442,0.118988
3338,0.224844,0.118366
3339,0.214739,0.118440
3340,0.217934,0.118143
3341,0.232434,0.118746
3342,0.217704,0.118841
3343,0.224761,0.118487
3344,0.230658,0.118996
3345,0.229410,0.118151
3346,0.225529,0.119336
3347,0.221698,0.119060
3348,0.233701,0.118111
3349,0.221353,0.118407
3350,0.222237,0.118152
3351,0.212923,0.119891
3352,0.218011,0.118022
3353,0.233043,0.119431
3354,0.222498,0.118905
3355,0.227010,0.118416
3356,0.218605,0.118074
3357,0.227173,0.118212
3358,0.224975,0.118566
3359,0.216813,0.119130
3360,0.229606,0.118145
3361,0.211519,0.118622
3362,0.239599,0.118858
3363,0.221221,0.118561
3364,0.222914,0.118867
3365,0.230453,0.118183
3366,0.218352,0.119132
3367,0.220060,0.119870
3368,0.216956,0.117994
3369,0.217464,0.118256
3370,0.240529,0.118601
3371,0.216487,0.118769
3372,0.223101,0.118786
3373,0.240547,0.118017
3374,0.240231,0.118822
3375,0.221426,0.119258
3376,0.249329,0.118672
3377,0.238588,0.117862
3378,0.205889,0.118565
3379,0.225491,0.118980
3380,0.253218,0.118607
3381,0.223409,0.118473
3382,0.209925,0.118209
3383,0.208197,0.118806
3384,0.248087,0.118321
3385,0.218583,0.118567
3386,0.214990,0.119063
3387,0.224171,0.118705
3388,0.217792,0.118606
3389,0.233106,0.117870
3390,0.226725,0.118791
3391,0.217817,0.119417
3392,0.213883,0.118920
3393,0.226735,0.118501
3394,0.237625,0.117803
3395,0.225881,0.119292
3396,0.218973,0.118874
3397,0.231708,0.118313
3398,0.219204,0.118107
3399,0.225151,0.118411
3400,0.237874,0.119061
3401,0.223614,0.119204
3402,0.216474,0.119029
3403,0.212313,0.119488
3404,0.215309,0.118281
3405,0.213805,0.123037
3406,0.226976,0.118641
3407,0.250392,0.119182
3408,0.224377,0.119176
3409,0.233133,0.117780
3410,0.221647,0.118788
3411,0.221428,0.118336
3412,0.221079,0.120245
3413,0.229701,0.118956
3414,0.244949,0.118042
3415,0.220003,0.119183
3416,0.228800,0.118349
3417,0.218340,0.118799
3418,0.224684,0.118800
3419,0.219651,0.119115
3420,0.223566,0.118450
3421,0.224732,0.118386
3422,0.212387,0.118431
3423,0.224479,0.118899
3424,0.225374,0.118736
3425,0.208208,0.118848
3426,0.230529,0.118006
3427,0.221931,0.119504
3428,0.214630,0.119530
3429,0.232054,0.118099
3430,0.232941,0.117978
3431,0.223094,0.118054
3432,0.226957,0.118988
3433,0.225774,0.119039
3434,0.215405,0.118241
3435,0.215583,0.118653
3436,0.223180,0.119333
3437,0.213734,0.118928
3438,0.222857,0.124189
3439,0.213403,0.117106
3440,0.228442,0.117725
3441,0.232371,0.117167
3442,0.210377,0.119216
3443,0.226029,0.119292
3444,0.224989,0.118703
3445,0.215104,0.119528
3446,0.222788,0.118434
3447,0.230390,0.119046
3448,0.217705,0.118513
3449,0.210425,0.118010
3450,0.221401,0.117883
3451,0.222868,0.117709
3452,0.222653,0.119376
3453,0.220311,0.119274
3454,0.216277,0.118942
3455,0.219073,0.119517
3456,0.214252,0.117769
3457,0.223727,0.118188
3458,0.221544,0.117618
3459,0.209568,0.119559
3460,0.219396,0.120071
3461,0.222946,0.119082
3462,0.225762,0.118943
3463,0.216335,0.118169
3464,0.218147,0.118954
3465,0.234573,0.123985
3466,0.212471,0.117977
3467,0.217097,0.117440
3468,0.226631,0.117924
3469,0.220871,0.118720
3470,0.220094,0.119434
3471,0.213187,0.118069
3472,0.222993,0.119599
3473,0.217792,0.119223
3474,0.220759,0.118269
3475,0.216901,0.118026
3476,0.241348,0.117848
3477,0.237401,0.118275
3478,0.211294,0.118448
3479,0.224460,0.118702
3480,0.229286,0.119618
3481,0.223278,0.119451
3482,0.203261,0.118556
3483,0.217012,0.117944
3484,0.231428,0.118039
3485,0.210123,0.118421
3486,0.227675,0.118298
3487,0.228106,0.119308
3488,0.221460,0.118684
3489,0.228232,0.120052
3490,0.219273,0.119862
3491,0.219741,0.118208
3492,0.227891,0.118490
3493,0.218419,0.117643
3494,0.229568,0.119353
3495,0.234829,0.119033
3496,0.239350,0.118534
3497,0.218106,0.118972
3498,0.216564,0.118163
3499,0.239988,0.118907
3500,0.242751,0.118710
3501,0.234711,0.119613
3502,0.205204,0.118613
3503,0.226303,0.118759
3504,0.248288,0.118602
3505,0.224335,0.118066
3506,0.213406,0.119342
3507,0.237686,0.118221
3508,0.233214,0.118189
3509,0.214350,0.118923
3510,0.221204,0.118145
3511,0.240105,0.119096
3512,0.218728,0.118635
3513,0.223639,0.118163
3514,0.231186,0.118792
3515,0.219275,0.118039
3516,0.213777,0.118539
3517,0.232226,0.119235
3518,0.228633,0.118670
3519,0.215749,0.118814
3520,0.216553,0.118719
3521,0.242917,0.118442
3522,0.223823,0.118934
3523,0.217073,0.118152
3524,0.212633,0.118479
3525,0.236904,0.119208
3526,0.228424,0.118362
3527,0.218866,0.119061
3528,0.231732,0.118476
3529,0.251835,0.119102
3530,0.218121,0.119038
3531,0.217691,0.118150
3532,0.224503,0.118909
3533,0.241487,0.118461
3534,0.237547,0.118416
3535,0.224889,0.118980
3536,0.244387,0.118391
3537,0.226796,0.118755
3538,0.214767,0.118832
3539,0.216791,0.118477
3540,0.228846,0.118993
3541,0.248801,0.118688
3542,0.219452,0.118336
3543,0.231745,0.119025
3544,0.234729,0.118473
3545,0.240527,0.118285
3546,0.215071,0.118531
3547,0.266592,0.118541
3548,0.227768,0.118843
3549,0.212814,0.118934
3550,0.221235,0.118218
3551,0.227079,0.119545
3552,0.234935,0.118569
3553,0.218508,0.118464
3554,0.225955,0.117980
3555,0.242357,0.119249
3556,0.218485,0.119432
3557,0.217936,0.118682
3558,0.233993,0.118320
3559,0.218865,0.118153
3560,0.214984,0.118718
3561,0.234884,0.119099
3562,0.221157,0.118405
3563,0.220667,0.118201
3564,0.237043,0.118140
3565,0.233518,0.119140
3566,0.223919,0.118940
3567,0.219478,0.118785
3568,0.210135,0.118597
3569,0.215547,0.117737
3570,0.232959,0.119155
3571,0.219522,0.119038
3572,0.213230,0.117971
3573,0.256516,0.118889
3574,0.225200,0.118414
3575,0.213087,0.119312
3576,0.242402,0.118790
3577,0.214138,0.118158
3578,0.218911,0.118384
3579,0.213644,0.118606
3580,0.208180,0.118301
3581,0.225127,0.118891
3582,0.239651,0.118458
3583,0.214727,0.118605
3584,0.241743,0.118785
3585,0.222928,0.118532
3586,0.214103,0.118795
3587,0.221111,0.118227
3588,0.221039,0.118379
3589,0.223865,0.118301
3590,0.230181,0.119139
3591,0.229654,0.119065
3592,0.226316,0.118919
3593,0.236162,0.118774
3594,0.224463,0.118745
3595,0.232444,0.118081
3596,0.235381,0.119054
3597,0.219677,0.118379
3598,0.213722,0.118970
3599,0.227909,0.118790
3600,0.224512,0.118513
3601,0.209740,0.119409
3602,0.222141,0.118043
3603,0.229991,0.118130
3604,0.214322,0.118511
3605,0.223587,0.119107
3606,0.218027,0.118789
3607,0.228738,0.118722
3608,0.216386,0.118182
3609,0.219920,0.118646
3610,0.237879,0.118703
3611,0.234954,0.118585
3612,0.219808,0.118442
3613,0.214395,0.117359
3614,0.235394,0.118659
3615,0.219745,0.119522
3616,0.209135,0.118591
3617,0.216004,0.118408
3618,0.216045,0.117427
3619,0.230930,0.119762
3620,0.224783,0.119186
3621,0.233297,0.117769
3622,0.217677,0.118785
3623,0.217977,0.118563
3624,0.228910,0.119962
3625,0.213645,0.118757
3626,0.210268,0.117939
3627,0.220920,0.119179
3628,0.220641,0.119086
3629,0.232503,0.118618
3630,0.224750,0.119075
3631,0.219150,0.118301
3632,0.224445,0.118657
3633,0.213166,0.118045
3634,0.223315,0.118038
3635,0.216009,0.118939
3636,0.226981,0.118377
3637,0.225930,0.118684
3638,0.212018,0.118863
3639,0.230985,0.118427
3640,0.225080,0.118691
3641,0.216635,0.118456
3642,0.216700,0.118402
3643,0.225943,0.118999
3644,0.238598,0.118393
3645,0.231683,0.119626
3646,0.224599,0.118494
3647,0.220549,0.118726
3648,0.221573,0.119058
3649,0.227403,0.118123
3650,0.228121,0.118268
3651,0.241339,0.120277
3652,0.229557,0.119140
3653,0.243131,0.118514
3654,0.212789,0.119151
3655,0.229231,0.118837
3656,0.216720,0.117804
3657,0.227827,0.118551
3658,0.231058,0.118131
3659,0.220880,0.119221
3660,0.226670,0.119089
3661,0.248717,0.118830
3662,0.224727,0.118581
3663,0.220651,0.119084
3664,0.224687,0.118375
3665,0.240323,0.118043
3666,0.251569,0.118283
3667,0.225958,0.118435
3668,0.237592,0.118655
3669,0.227889,0.118949
3670,0.228324,0.118457
3671,0.236471,0.119000
3672,0.228391,0.118204
3673,0.247019,0.118511
3674,0.227574,0.118755
3675,0.237244,0.118976
3676,0.224871,0.118405
3677,0.220080,0.117656
3678,0.239765,0.119018
3679,0.215519,0.119235
3680,0.211445,0.118855
3681,0.225920,0.118580
3682,0.226019,0.117405
3683,0.211550,0.119595
3684,0.244756,0.119298
3685,0.222659,0.118042
3686,0.207219,0.118151
3687,0.219547,0.118227
3688,0.218498,0.119195
3689,0.223156,0.118992
3690,0.230290,0.117962
3691,0.218049,0.118534
3692,0.231761,0.119144
3693,0.220693,0.118690
3694,0.214230,0.118391
3695,0.227396,0.118010
3696,0.212077,0.118804
3697,0.218092,0.118759
3698,0.217072,0.118240
3699,0.217908,0.118547
3700,0.224099,0.119043
3701,0.210068,0.119382
3702,0.215844,0.118279
3703,0.231430,0.118803
3704,0.217934,0.119147
3705,0.245713,0.118284
3706,0.230208,0.118768
3707,0.218794,0.118603
3708,0.233019,0.118523
3709,0.239847,0.119145
3710,0.215370,0.118275
3711,0.222194,0.119063
3712,0.226728,0.118925
3713,0.221722,0.118516
3714,0.228728,0.118927
3715,0.214487,0.118423
3716,0.238181,0.119431
3717,0.232079,0.118844
3718,0.219348,0.118807
3719,0.216602,0.118410
3720,0.220997,0.118545
3721,0.210728,0.118712
3722,0.231401,0.118773
3723,0.226551,0.118489
3724,0.204727,0.118232
3725,0.226842,0.118579
3726,0.227118,0.118905
3727,0.218177,0.118845
3728,0.218229,0.118506
3729,0.213547,0.118411
3730,0.211470,0.118489
3731,0.221005,0.118402
3732,0.223386,0.118710
3733,0.217171,0.119205
3734,0.218530,0.118532
3735,0.231422,0.119061
3736,0.209930,0.118243
3737,0.226678,0.119220
3738,0.231799,0.119131
3739,0.221780,0.119219
3740,0.231391,0.119188
3741,0.224105,0.119152
3742,0.231865,0.118960
3743,0.232789,0.119102
3744,0.231192,0.119051
3745,0.233759,0.118556
3746,0.220753,0.118497
3747,0.232906,0.118319
3748,0.207952,0.119074
3749,0.232951,0.118695
3750,0.226801,0.118543
3751,0.219584,0.119742
3752,0.225150,0.118376
3753,0.221989,0.118340
3754,0.242851,0.118564
3755,0.230651,0.119499
3756,0.221400,0.118395
3757,0.210615,0.118413
3758,0.220926,0.118597
3759,0.234395,0.119509
3760,0.229646,0.119520
3761,0.208035,0.118472
3762,0.228453,0.118386
3763,0.220651,0.118113
3764,0.229404,0.118708
3765,0.230471,0.119058
3766,0.238309,0.118378
3767,0.227702,0.119062
3768,0.224405,0.117976
3769,0.235936,0.119388
3770,0.236973,0.118698
3771,0.224500,0.118245
3772,0.232299,0.118731
3773,0.226067,0.118405
3774,0.217623,0.119986
3775,0.230795,0.119136
3776,0.232390,0.118416
3777,0.224004,0.118540
3778,0.218848,0.118369
3779,0.220369,0.118432
3780,0.238402,0.118628
3781,0.243581,0.118818
3782,0.232091,0.118510
3783,0.233111,0.118888
3784,0.236368,0.118966
3785,0.240563,0.118692
3786,0.228874,0.118674
3787,0.263901,0.118661
3788,0.265141,0.118470
3789,0.223016,0.118953
3790,0.219929,0.119002
3791,0.233227,0.118929
3792,0.256845,0.118910
3793,0.243521,0.118610
3794,0.236306,0.118158
3795,0.244283,0.118608
3796,0.268295,0.118063
3797,0.227507,0.119194
3798,0.233371,0.118746
3799,0.260031,0.118875
3800,0.239636,0.118896
3801,0.219674,0.119382
3802,0.234001,0.118523
3803,0.234365,0.118280
3804,0.223379,0.118332
3805,0.225998,0.118764
3806,0.225869,0.118995
3807,0.231283,0.118983
3808,0.235993,0.118726
3809,0.223868,0.118525
3810,0.222269,0.118777
3811,0.226960,0.118257
3812,0.227714,0.118368
3813,0.229226,0.119115
3814,0.226937,0.120396
3815,0.216785,0.119656
3816,0.226661,0.118767
3817,0.228687,0.118842
3818,0.224561,0.118495
3819,0.222403,0.119039
3820,0.222991,0.118261
3821,0.236435,0.117997
3822,0.212576,0.118224
3823,0.235459,0.118859
3824,0.225308,0.119553
3825,0.228938,0.118630
3826,0.233751,0.118439
3827,0.238122,0.118376
3828,0.229839,0.118481
3829,0.214624,0.118968
3830,0.214873,0.118203
3831,0.216874,0.118680
3832,0.241817,0.118387
3833,0.233486,0.119285
3834,0.211682,0.118659
3835,0.221253,0.118390
3836,0.228096,0.118366
3837,0.261420,0.118017
3838,0.234048,0.118651
3839,0.245861,0.118904
3840,0.260082,0.118323
3841,0.217887,0.118851
3842,0.209775,0.118441
3843,0.225287,0.118969
3844,0.251623,0.118365
3845,0.225331,0.118168
3846,0.235662,0.118211
3847,0.230549,0.118627
3848,0.239772,0.118687
3849,0.225243,0.118811
3850,0.235021,0.118684
3851,0.225656,0.119291
3852,0.219552,0.118336
3853,0.230428,0.118689
3854,0.227429,0.118507
3855,0.215476,0.118400
3856,0.224060,0.118462
3857,0.215307,0.118476
3858,0.210137,0.118600
3859,0.236218,0.119083
3860,0.228323,0.118399
3861,0.229652,0.118961
3862,0.230570,0.118343
3863,0.246779,0.118580
3864,0.221752,0.118635
3865,0.237200,0.118417
3866,0.225701,0.118712
3867,0.224639,0.118531
3868,0.220056,0.118805
3869,0.227615,0.118774
3870,0.222755,0.118147
3871,0.218814,0.118211
3872,0.235000,0.118912
3873,0.239827,0.119843
3874,0.239696,0.118520
3875,0.219355,0.118422
3876,0.248957,0.118800
3877,0.224476,0.119048
3878,0.215099,0.118566
3879,0.230757,0.118485
3880,0.232851,0.118564
3881,0.234076,0.118229
3882,0.228609,0.118498
3883,0.216050,0.119329
3884,0.217877,0.118962
3885,0.220515,0.118755
3886,0.219230,0.118037
3887,0.223246,0.118407
3888,0.226637,0.118696
3889,0.219841,0.118706
3890,0.259581,0.118483
3891,0.226288,0.118107
3892,0.218278,0.118758
3893,0.222819,0.118483
3894,0.222919,0.118475
3895,0.228879,0.118697
3896,0.224654,0.117914
3897,0.226721,0.119020
3898,0.234991,0.118679
3899,0.228295,0.118546
3900,0.225961,0.118949
3901,0.225120,0.119665
3902,0.213655,0.118122
3903,0.212121,0.118195
3904,0.235903,0.118759
3905,0.219845,0.118502
3906,0.215409,0.118532
3907,0.214895,0.118248
3908,0.236029,0.118778
3909,0.220278,0.118974
3910,0.216433,0.118905
3911,0.216177,0.118899
3912,0.229463,0.118526
3913,0.225853,0.118634
3914,0.225855,0.119979
3915,0.238487,0.118263
3916,0.233524,0.118367
3917,0.233856,0.118734
3918,0.217556,0.119331
3919,0.233168,0.118437
3920,0.219464,0.118628
3921,0.219402,0.119254
3922,0.256692,0.118341
3923,0.228990,0.118523
3924,0.215799,0.118023
3925,0.216367,0.118427
3926,0.270400,0.118759
3927,0.225895,0.118393
3928,0.231414,0.118730
3929,0.226374,0.119410
3930,0.226659,0.119334
3931,0.243956,0.118556
3932,0.228051,0.118724
3933,0.220629,0.118228
3934,0.226015,0.118215
3935,0.236006,0.118658
3936,0.222246,0.118602
3937,0.240248,0.119496
3938,0.223186,0.118337
3939,0.220494,0.118295
3940,0.227515,0.118669
3941,0.215858,0.118312
3942,0.207476,0.122246
3943,0.233260,0.118340
3944,0.239635,0.117249
3945,0.208768,0.119141
3946,0.237777,0.119026
3947,0.220270,0.119500
3948,0.240695,0.118451
3949,0.220368,0.119144
3950,0.226197,0.121188
3951,0.238551,0.118648
3952,0.214038,0.119899
3953,0.241230,0.117716
3954,0.240041,0.118270
3955,0.227453,0.118917
3956,0.236230,0.119214
3957,0.236632,0.119951
3958,0.226594,0.118755
3959,0.230753,0.118667
3960,0.211608,0.118802
3961,0.224268,0.117346
3962,0.244679,0.122533
3963,0.228807,0.118477
3964,0.217419,0.118520
3965,0.225362,0.118586
3966,0.236574,0.118874
3967,0.232748,0.119026
3968,0.217378,0.119193
3969,0.223583,0.118215
3970,0.228984,0.117920
3971,0.229729,0.120521
3972,0.224147,0.117735
3973,0.223549,0.118442
3974,0.225323,0.118958
3975,0.230841,0.118892
3976,0.221023,0.118678
3977,0.221053,0.118596
3978,0.233174,0.118762
3979,0.219082,0.124819
3980,0.234722,0.118199
3981,0.229499,0.117632
3982,0.228929,0.118159
3983,0.240509,0.118636
3984,0.225274,0.118641
3985,0.241651,0.118502
3986,0.223796,0.118759
3987,0.220774,0.119514
3988,0.218805,0.120428
3989,0.223412,0.117961
3990,0.217717,0.118700
3991,0.217619,0.118228
3992,0.218699,0.118727
3993,0.233814,0.122472
3994,0.221429,0.117932
3995,0.215456,0.118640
3996,0.215188,0.118158
3997,0.213102,0.118188
3998,0.218425,0.118399
3999,0.215522,0.118216
4000,0.235250,0.118629
4001,0.231128,0.116351
4002,0.220312,0.119148
4003,0.225329,0.119281
4004,0.232600,0.117679
4005,0.222249,0.117834
4006,0.225737,0.118469
4007,0.220650,0.117965
4008,0.221736,0.119185
4009,0.243506,0.120187
4010,0.222636,0.119106
4011,0.236307,0.117956
4012,0.221306,0.117827
4013,0.228609,0.117898
4014,0.223645,0.117922
4015,0.231277,0.118276
4016,0.217654,0.119373
4017,0.237690,0.123941
4018,0.233497,0.118748
4019,0.216312,0.118532
4020,0.233310,0.117860
4021,0.234202,0.117465
4022,0.223838,0.118008
4023,0.229437,0.117719
4024,0.229145,0.118776
4025,0.238414,0.119135
4026,0.218791,0.118564
4027,0.219315,0.121160
4028,0.220882,0.118052
4029,0.239091,0.119495
4030,0.244453,0.117894
4031,0.209088,0.117550
4032,0.225946,0.118751
4033,0.232665,0.119435
4034,0.224825,0.119505
4035,0.223285,0.118382
4036,0.209255,0.117739
4037,0.229878,0.118500
4038,0.232987,0.117899
4039,0.216226,0.118411
4040,0.220105,0.118771
4041,0.216011,0.118885
4042,0.223851,0.120163
4043,0.220122,0.121514
4044,0.228052,0.118084
4045,0.234371,0.118089
4046,0.231769,0.117602
4047,0.216198,0.118221
4048,0.219131,0.118332
4049,0.218409,0.118897
4050,0.216869,0.119705
4051,0.224915,0.119166
4052,0.226158,0.118363
4053,0.213857,0.117698
4054,0.219147,0.118569
4055,0.226084,0.118740
4056,0.227591,0.118720
4057,0.217135,0.119191
4058,0.219975,0.119090
4059,0.219979,0.118938
4060,0.233276,0.117935
4061,0.219467,0.117991
4062,0.220320,0.117908
4063,0.220539,0.119345
4064,0.223859,0.118455
4065,0.223777,0.118896
4066,0.218048,0.118514
4067,0.214897,0.119089
4068,0.213033,0.118920
4069,0.223536,0.118175
4070,0.218716,0.118103
4071,0.229994,0.118428
4072,0.234015,0.118491
4073,0.238794,0.119139
4074,0.242312,0.118494
4075,0.228266,0.118905
4076,0.242535,0.117811
4077,0.250665,0.118453
4078,0.236568,0.118394
4079,0.225932,0.118278
4080,0.238298,0.118604
4081,0.221075,0.118034
4082,0.217557,0.119125
4083,0.216040,0.119157
4084,0.214284,0.118544
4085,0.227068,0.118486
4086,0.220854,0.117348
4087,0.225553,0.118706
4088,0.216970,0.118734
4089,0.219429,0.118336
4090,0.222144,0.119876
4091,0.222685,0.118899
4092,0.237140,0.118819
4093,0.224822,0.118660
4094,0.225112,0.118241
4095,0.222649,0.118170
4096,0.215260,0.118322
4097,0.231808,0.118209
4098,0.245371,0.118545
4099,0.235540,0.118587
4100,0.225176,0.118759
4101,0.232538,0.119734
4102,0.230226,0.117770
4103,0.230040,0.118813
4104,0.221225,0.118003
4105,0.225631,0.118474
4106,0.221365,0.118575
4107,0.240173,0.118371
4108,0.235826,0.118777
4109,0.218742,0.118845
4110,0.239216,0.118338
4111,0.234630,0.118798
4112,0.242180,0.118584
4113,0.222382,0.118232
4114,0.243362,0.117962
4115,0.221996,0.118366
4116,0.219017,0.118338
4117,0.226524,0.120095
4118,0.222019,0.118280
4119,0.222922,0.118244
4120,0.217758,0.118359
4121,0.218177,0.118439
4122,0.252444,0.118939
4123,0.225726,0.117849
4124,0.222202,0.118229
4125,0.227758,0.118597
4126,0.251704,0.119207
4127,0.234019,0.119612
4128,0.229020,0.118505
4129,0.224312,0.118413
4130,0.247506,0.117890
4131,0.231296,0.118483
4132,0.224106,0.119032
4133,0.245895,0.118632
4134,0.245999,0.118861
4135,0.250321,0.118467
4136,0.235237,0.119086
4137,0.271507,0.119127
4138,0.221332,0.118460
4139,0.215053,0.118560
4140,0.224802,0.117971
4141,0.226835,0.118935
4142,0.238049,0.118709
4143,0.227302,0.118797
4144,0.230157,0.118514
4145,0.226767,0.118371
4146,0.228340,0.118533
4147,0.236306,0.118956
4148,0.219786,0.118255
4149,0.239235,0.118466
4150,0.223087,0.118642
4151,0.227542,0.119285
4152,0.221328,0.118148
4153,0.232311,0.118896
4154,0.233755,0.118308
4155,0.239467,0.118589
4156,0.229134,0.117997
4157,0.221231,0.118416
4158,0.236271,0.118387
4159,0.221418,0.118945
4160,0.226699,0.118443
4161,0.231630,0.118437
4162,0.226488,0.118529
4163,0.227236,0.118445
4164,0.214054,0.118933
4165,0.211961,0.118078
4166,0.233612,0.118333
4167,0.228460,0.119557
4168,0.216507,0.118258
4169,0.254656,0.118894
4170,0.227603,0.118291
4171,0.232773,0.118951
4172,0.224211,0.118714
4173,0.216215,0.118345
4174,0.221360,0.117933
4175,0.217107,0.119393
4176,0.226889,0.119377
4177,0.239728,0.118555
4178,0.221002,0.118407
4179,0.219115,0.118727
4180,0.233516,0.118604
4181,0.224825,0.119018
4182,0.233003,0.118163
4183,0.220249,0.118413
4184,0.232373,0.118338
4185,0.234324,0.118840
4186,0.237383,0.118811
4187,0.251367,0.118589
4188,0.252935,0.118600
4189,0.223290,0.117907
4190,0.219083,0.118834
4191,0.220283,0.118970
4192,0.215368,0.118773
4193,0.233269,0.118657
4194,0.222074,0.118023
4195,0.240249,0.118808
4196,0.219846,0.119001
4197,0.218529,0.118438
4198,0.220874,0.118724
4199,0.242389,0.117944
4200,0.238304,0.118647
4201,0.225897,0.119722
4202,0.218729,0.118580
4203,0.234316,0.118805
4204,0.237362,0.118971
4205,0.240105,0.118134
4206,0.228727,0.118708
4207,0.244005,0.118652
4208,0.236185,0.118827
4209,0.233411,0.118784
4210,0.240453,0.118333
4211,0.233556,0.118929
4212,0.234462,0.118676
4213,0.240937,0.118560
4214,0.218730,0.117995
4215,0.225946,0.118591
4216,0.252123,0.118622
4217,0.226061,0.118623
4218,0.231969,0.118573
4219,0.233026,0.119214
4220,0.241219,0.118509
4221,0.219932,0.118659
4222,0.257900,0.119385
4223,0.233631,0.118304
4224,0.224412,0.118088
4225,0.234374,0.117952
4226,0.234425,0.118842
4227,0.217734,0.118579
4228,0.239233,0.118759
4229,0.225061,0.118991
4230,0.242315,0.118356
4231,0.230640,0.128673
4232,0.232287,0.117466
4233,0.229183,0.117717
4234,0.232265,0.118583
4235,0.224264,0.118450
4236,0.225992,0.117698
4237,0.222179,0.119103
4238,0.221010,0.119197
4239,0.225931,0.118699
4240,0.231796,0.118044
4241,0.225413,0.118223
4242,0.215280,0.117934
4243,0.233197,0.121155
4244,0.247692,0.118323
4245,0.220884,0.118459
4246,0.227405,0.119420
4247,0.228145,0.118428
4248,0.221086,0.118501
4249,0.214818,0.119238
4250,0.220810,0.118173
4251,0.225935,0.118652
4252,0.230566,0.118262
4253,0.238377,0.123079
4254,0.223475,0.118659
4255,0.225200,0.118586
4256,0.227288,0.118280
4257,0.230242,0.119044
4258,0.230778,0.118619
4259,0.230111,0.118862
4260,0.227699,0.118952
4261,0.231695,0.119388
4262,0.240335,0.118929
4263,0.231770,0.118893
4264,0.240645,0.118856
4265,0.260339,0.119164
4266,0.244498,0.117213
4267,0.234622,0.118288
4268,0.238812,0.119131
4269,0.238376,0.118603
4270,0.230745,0.118598
4271,0.240158,0.118342
4272,0.234940,0.118085
4273,0.217707,0.118589
4274,0.228939,0.118246
4275,0.221492,0.118169
4276,0.222683,0.118764
4277,0.230936,0.118083
4278,0.221746,0.118998
4279,0.217085,0.117187
4280,0.215361,0.118927
4281,0.236292,0.118709
4282,0.229300,0.118189
4283,0.231544,0.120823
4284,0.222768,0.119310
4285,0.238590,0.118648
4286,0.231619,0.118403
4287,0.232391,0.117691
4288,0.226979,0.118204
4289,0.229756,0.119849
4290,0.228256,0.119377
4291,0.229932,0.118270
4292,0.218688,0.118940
4293,0.223489,0.119548
4294,0.240548,0.118477
4295,0.242197,0.117947
4296,0.219378,0.118179
4297,0.243440,0.118486
4298,0.247277,0.119427
4299,0.222568,0.118556
4300,0.226648,0.118496
4301,0.221792,0.118810
4302,0.235379,0.117955
4303,0.227233,0.118015
4304,0.228120,0.118267
4305,0.245736,0.118718
4306,0.241425,0.119171
4307,0.226508,0.118521
4308,0.231284,0.118823
4309,0.219103,0.118103
4310,0.220814,0.118742
4311,0.227685,0.118061
4312,0.237674,0.119213
4313,0.245221,0.118684
4314,0.211156,0.118313
4315,0.214598,0.119206
4316,0.219212,0.118947
4317,0.239619,0.118030
4318,0.224661,0.118235
4319,0.240886,0.118992
4320,0.230999,0.119032
4321,0.220756,0.118854
4322,0.233553,0.118895
4323,0.229308,0.119856
4324,0.239460,0.118646
4325,0.231833,0.118217
4326,0.227007,0.117342
4327,0.224859,0.118560
4328,0.230082,0.118640
4329,0.234086,0.119317
4330,0.225212,0.119123
4331,0.218818,0.118939
4332,0.234906,0.119111
4333,0.223263,0.118217
4334,0.230065,0.117796
4335,0.224770,0.118959
4336,0.226086,0.118959
4337,0.225423,0.119103
4338,0.224472,0.119178
4339,0.234010,0.118940
4340,0.236922,0.119174
4341,0.211545,0.118296
4342,0.219225,0.118019
4343,0.235426,0.117930
4344,0.223026,0.118577
4345,0.219447,0.118441
4346,0.223529,0.118908
4347,0.247512,0.119155
4348,0.238414,0.118845
4349,0.233274,0.119199
4350,0.234177,0.118114
4351,0.228315,0.119605
4352,0.228961,0.118519
4353,0.223627,0.118551
4354,0.234554,0.118817
4355,0.221948,0.119399
4356,0.222141,0.119392
4357,0.217373,0.117808
4358,0.237940,0.117846
4359,0.224525,0.118226
4360,0.243592,0.118978
4361,0.227897,0.119067
4362,0.215344,0.118898
4363,0.221886,0.119119
4364,0.245020,0.118438
4365,0.236172,0.118593
4366,0.225398,0.118424
4367,0.224172,0.118239
4368,0.225825,0.118544
4369,0.221293,0.118297
4370,0.226131,0.119043
4371,0.226874,0.119074
4372,0.224093,0.118487
4373,0.231592,0.118788
4374,0.221091,0.118007
4375,0.213906,0.118468
4376,0.225823,0.118710
4377,0.230935,0.118822
4378,0.228535,0.118387
4379,0.226162,0.118608
4380,0.254619,0.118865
4381,0.232688,0.118885
4382,0.235376,0.118303
4383,0.236581,0.118224
4384,0.226499,0.118452
4385,0.230110,0.118573
4386,0.253129,0.118608
4387,0.230958,0.118195
4388,0.232731,0.118389
4389,0.224162,0.118900
4390,0.222195,0.118335
4391,0.252317,0.118204
4392,0.226048,0.118435
4393,0.231913,0.118796
4394,0.225776,0.118758
4395,0.227631,0.118050
4396,0.230259,0.118917
4397,0.226654,0.119004
4398,0.237170,0.118448
4399,0.234384,0.118485
4400,0.231403,0.118608
4401,0.226947,0.119543
4402,0.225754,0.118369
4403,0.238804,0.118668
4404,0.232647,0.118673
4405,0.219929,0.118730
4406,0.219426,0.118365
4407,0.225255,0.118677
4408,0.227744,0.118647
4409,0.227967,0.118588
4410,0.229724,0.119047
4411,0.230082,0.118600
4412,0.218096,0.118493
4413,0.221109,0.117847
4414,0.247987,0.118619
4415,0.214145,0.119213
4416,0.224515,0.118536
4417,0.227666,0.118472
4418,0.234441,0.117828
4419,0.222135,0.118900
4420,0.228140,0.118883
4421,0.222344,0.118553
4422,0.230270,0.118407
4423,0.227080,0.118331
4424,0.217600,0.118884
4425,0.236458,0.118870
4426,0.226912,0.118189
4427,0.242845,0.119085
4428,0.219931,0.118746
4429,0.237456,0.118536
4430,0.255948,0.118999
4431,0.231344,0.118669
4432,0.225491,0.118218
4433,0.247913,0.118098
4434,0.254392,0.118332
4435,0.250670,0.118922
4436,0.226227,0.118895
4437,0.230441,0.118432
4438,0.247196,0.118717
4439,0.220173,0.118655
4440,0.237251,0.118732
4441,0.220056,0.118088
4442,0.242477,0.117329
4443,0.234469,0.118986
4444,0.219616,0.118629
4445,0.236678,0.118724
4446,0.228591,0.119037
4447,0.229130,0.118696
4448,0.236212,0.118624
4449,0.235269,0.118567
4450,0.224561,0.118028
4451,0.231891,0.119818
4452,0.228653,0.118929
4453,0.231428,0.118412
4454,0.220384,0.119177
4455,0.239279,0.118854
4456,0.234058,0.117986
4457,0.243943,0.118067
4458,0.226581,0.119005
4459,0.237177,0.120295
4460,0.214642,0.118856
4461,0.230087,0.118224
4462,0.224041,0.118899
4463,0.222543,0.119256
4464,0.219097,0.118997
4465,0.225828,0.117750
4466,0.231349,0.118113
4467,0.225453,0.118769
4468,0.228582,0.118654
4469,0.230752,0.118545
4470,0.219911,0.118346
4471,0.230503,0.118896
4472,0.241681,0.118401
4473,0.257335,0.118587
4474,0.221107,0.118658
4475,0.247627,0.118670
4476,0.231035,0.118532
4477,0.231421,0.118006
4478,0.215566,0.118562
4479,0.227075,0.118931
4480,0.226899,0.118522
4481,0.227106,0.118283
4482,0.227111,0.117970
4483,0.240415,0.119050
4484,0.231488,0.118580
4485,0.225355,0.118504
4486,0.233029,0.118727
4487,0.221282,0.118299
4488,0.245836,0.118449
4489,0.237199,0.118740
4490,0.224348,0.118570
4491,0.226630,0.118634
4492,0.239002,0.118594
4493,0.228460,0.118374
4494,0.252439,0.118410
4495,0.228843,0.118633
4496,0.213302,0.118356
4497,0.244633,0.118763
4498,0.227914,0.118656
4499,0.230914,0.118458
4500,0.240162,0.118763
4501,0.221899,0.119216
4502,0.221122,0.118318
4503,0.251730,0.118528
4504,0.234782,0.119066
4505,0.235263,0.118692
4506,0.234292,0.118587
4507,0.231474,0.118739
4508,0.239379,0.118489
4509,0.250304,0.119188
4510,0.233510,0.118076
4511,0.230043,0.118968
4512,0.229335,0.118626
4513,0.247857,0.118636
4514,0.234218,0.118234
4515,0.241079,0.118395
4516,0.218417,0.118602
4517,0.240568,0.119242
4518,0.234217,0.119192
4519,0.236243,0.118442
4520,0.225935,0.118476
4521,0.227089,0.118172
4522,0.235321,0.118451
4523,0.227734,0.118718
4524,0.246037,0.118580
4525,0.241729,0.118830
4526,0.224824,0.118402
4527,0.234025,0.119411
4528,0.240564,0.119110
4529,0.224031,0.118667
4530,0.231897,0.118372
4531,0.218698,0.117729
4532,0.250113,0.118953
4533,0.231624,0.119164
4534,0.227255,0.118485
4535,0.242163,0.119231
4536,0.234570,0.118602
4537,0.221096,0.118809
4538,0.237121,0.118604
4539,0.233391,0.117775
4540,0.246727,0.118768
4541,0.228256,0.118722
4542,0.218566,0.118814
4543,0.222675,0.118694
4544,0.270540,0.118511
4545,0.241375,0.118731
4546,0.222597,0.118500
4547,0.238340,0.118286
4548,0.251336,0.118609
4549,0.217558,0.118543
4550,0.224681,0.118949
4551,0.249338,0.118986
4552,0.236469,0.117987
4553,0.231728,0.118719
4554,0.217805,0.118534
4555,0.228103,0.118626
4556,0.224999,0.118541
4557,0.226948,0.118856
4558,0.224492,0.118713
4559,0.232750,0.118421
4560,0.225823,0.118195
4561,0.244901,0.118542
4562,0.230501,0.118558
4563,0.226740,0.118982
4564,0.224337,0.118389
4565,0.222339,0.119041
4566,0.243051,0.118679
4567,0.235074,0.118673
4568,0.228996,0.118507
4569,0.228312,0.117998
4570,0.236061,0.118635
4571,0.227075,0.118932
4572,0.219466,0.118931
4573,0.231452,0.118640
4574,0.215705,0.118401
4575,0.228007,0.118365
4576,0.215732,0.118600
4577,0.224201,0.118855
4578,0.225403,0.118185
4579,0.222759,0.118515
4580,0.227406,0.118165
4581,0.231461,0.118853
4582,0.223118,0.130468
4583,0.245617,0.118123
4584,0.234120,0.118006
4585,0.238124,0.117979
4586,0.259879,0.117995
4587,0.254421,0.118167
4588,0.226152,0.118418
4589,0.247554,0.120528
4590,0.262954,0.122539
4591,0.249227,0.122666
4592,0.230932,0.119308
4593,0.238500,0.119030
4594,0.235147,0.118827
4595,0.267524,0.118524
4596,0.225612,0.118524
4597,0.241087,0.118238
4598,0.256089,0.118975
4599,0.269607,0.119460
4600,0.231543,0.119186
4601,0.220812,0.119290
4602,0.247386,0.117988
4603,0.235773,0.117875
4604,0.226404,0.118482
4605,0.220578,0.118469
4606,0.210756,0.119145
4607,0.223226,0.119080
4608,0.240904,0.118684
4609,0.238348,0.119264
4610,0.222943,0.118531
4611,0.226366,0.118926
4612,0.219673,0.118230
4613,0.217786,0.119354
4614,0.220204,0.119483
4615,0.213028,0.118642
4616,0.241072,0.119020
4617,0.220345,0.118554
4618,0.230484,0.118353
4619,0.241907,0.118420
4620,0.239608,0.118073
4621,0.229731,0.118505
4622,0.245416,0.118164
4623,0.235602,0.119088
4624,0.235455,0.119482
4625,0.233692,0.118721
4626,0.244994,0.118606
4627,0.258046,0.117852
4628,0.220073,0.118498
4629,0.237852,0.118628
4630,0.255981,0.119048
4631,0.227729,0.121438
4632,0.236789,0.117981
4633,0.230150,0.119064
4634,0.248403,0.119334
4635,0.254017,0.118321
4636,0.265125,0.118405
4637,0.225196,0.118265
4638,0.219805,0.119442
4639,0.239026,0.119420
4640,0.237129,0.118739
4641,0.224277,0.118796
4642,0.234167,0.118463
4643,0.220298,0.118544
4644,0.229365,0.118480
4645,0.234454,0.118426
4646,0.228296,0.118546
4647,0.241312,0.118289
4648,0.224666,0.118568
4649,0.245911,0.119333
4650,0.231916,0.118990
4651,0.235022,0.119997
4652,0.241650,0.118393
4653,0.224129,0.118470
4654,0.239388,0.118418
4655,0.229268,0.118484
4656,0.235135,0.119028
4657,0.227872,0.118440
4658,0.248391,0.118174
4659,0.241423,0.119218
4660,0.237016,0.118344
4661,0.226831,0.118890
4662,0.230411,0.119132
4663,0.234150,0.118300
4664,0.233571,0.119015
4665,0.223952,0.118860
4666,0.241215,0.118696
4667,0.218601,0.118598
4668,0.231405,0.118568
4669,0.232669,0.118858
4670,0.242547,0.118427
4671,0.231718,0.118354
4672,0.235240,0.118840
4673,0.224886,0.119137
4674,0.226559,0.119567
4675,0.242818,0.118578
4676,0.233136,0.118701
4677,0.227959,0.118633
4678,0.231494,0.118137
4679,0.237959,0.118033
4680,0.233451,0.118944
4681,0.234031,0.119089
4682,0.229622,0.118682
4683,0.224478,0.118935
4684,0.228304,0.119196
4685,0.253422,0.118686
4686,0.221498,0.118412
4687,0.244173,0.118306
4688,0.238275,0.119275
4689,0.223818,0.118543
4690,0.221491,0.118779
4691,0.226035,0.118089
4692,0.235220,0.118747
4693,0.234241,0.119048
4694,0.232754,0.118472
4695,0.223196,0.118416
4696,0.230734,0.117860
4697,0.234722,0.119077
4698,0.240831,0.119265
4699,0.239009,0.118558
4700,0.228851,0.119144
4701,0.218982,0.119745
4702,0.238380,0.118017
4703,0.235938,0.117756
4704,0.227659,0.119219
4705,0.214987,0.119130
4706,0.228028,0.119429
4707,0.218585,0.119250
4708,0.222162,0.118367
4709,0.235588,0.118862
4710,0.227941,0.118770
4711,0.227350,0.118246
4712,0.239690,0.118862
4713,0.224976,0.118750
4714,0.232841,0.119105
4715,0.227835,0.119081
4716,0.262982,0.119207
4717,0.242334,0.121949
4718,0.248442,0.118194
4719,0.254078,0.118647
4720,0.255101,0.119475
4721,0.242119,0.119757
4722,0.236612,0.119703
4723,0.224443,0.119842
4724,0.230643,0.120202
4725,0.228415,0.120011
4726,0.255453,0.118690
4727,0.228515,0.118578
4728,0.226655,0.118093
4729,0.245883,0.118901
4730,0.268909,0.119217
4731,0.240506,0.118666
4732,0.219612,0.119125
4733,0.239067,0.118572
4734,0.246484,0.118442
4735,0.233765,0.118796
4736,0.226229,0.118246
4737,0.260807,0.118599
4738,0.251146,0.118558
4739,0.229559,0.118682
4740,0.224686,0.119036
4741,0.233488,0.118447
4742,0.253457,0.118500
4743,0.230721,0.118467
4744,0.245546,0.118643
4745,0.249911,0.118241
4746,0.247334,0.118652
4747,0.228699,0.118637
4748,0.236877,0.119670
4749,0.255567,0.118451
4750,0.230606,0.118763
4751,0.226919,0.119832
4752,0.240941,0.118239
4753,0.220885,0.118432
4754,0.237325,0.119103
4755,0.231817,0.119031
4756,0.227575,0.118789
4757,0.234359,0.118481
4758,0.242016,0.118042
4759,0.238618,0.118973
4760,0.235965,0.118702
4761,0.240183,0.118689
4762,0.246615,0.118584
4763,0.222209,0.119382
4764,0.244438,0.119440
4765,0.226272,0.118864
4766,0.224060,0.118140
4767,0.232683,0.118239
4768,0.219060,0.118664
4769,0.232199,0.119001
4770,0.249033,0.118772
4771,0.222381,0.119039
4772,0.229152,0.118386
4773,0.228968,0.118884
4774,0.239004,0.118966
4775,0.229075,0.117976
4776,0.226025,0.118530
4777,0.221394,0.117968
4778,0.223720,0.118732
4779,0.232868,0.119292
4780,0.238060,0.118678
4781,0.242999,0.119060
4782,0.223838,0.118148
4783,0.233650,0.118614
4784,0.256294,0.118527
4785,0.229006,0.118496
4786,0.226108,0.118741
4787,0.239737,0.118623
4788,0.231301,0.119168
4789,0.257356,0.119123
4790,0.237858,0.118757
4791,0.236307,0.118970
4792,0.245678,0.117704
4793,0.221230,0.118137
4794,0.236417,0.118693
4795,0.241593,0.117992
4796,0.243233,0.118673
4797,0.235625,0.120543
4798,0.224006,0.118204
4799,0.225768,0.118719
4800,0.241948,0.118399
4801,0.233519,0.119443
4802,0.233021,0.118274
4803,0.230903,0.118731
4804,0.229446,0.119159
4805,0.230288,0.119333
4806,0.211879,0.118757
4807,0.223056,0.118269
4808,0.233900,0.118733
4809,0.230069,0.118747
4810,0.233943,0.118282
4811,0.233263,0.118537
4812,0.225182,0.119089
4813,0.216817,0.118714
4814,0.238575,0.118849
4815,0.230577,0.118124
4816,0.245367,0.118794
4817,0.245507,0.118617
4818,0.234663,0.118835
4819,0.233620,0.119009
4820,0.229411,0.118307
4821,0.258890,0.118489
4822,0.228316,0.118581
4823,0.226175,0.118535
4824,0.228581,0.118153
4825,0.252715,0.118597
4826,0.232413,0.118273
4827,0.227079,0.118753
4828,0.262972,0.118640
4829,0.233730,0.118997
4830,0.242335,0.118057
4831,0.259140,0.118007
4832,0.229228,0.118567
4833,0.237666,0.119142
4834,0.236395,0.118631
4835,0.238943,0.118790
4836,0.233729,0.118125
4837,0.229289,0.119148
4838,0.250657,0.118997
4839,0.238428,0.118677
4840,0.221880,0.118537
4841,0.242333,0.118008
4842,0.227047,0.119115
4843,0.220966,0.119268
4844,0.222066,0.118534
4845,0.248032,0.118643
4846,0.240417,0.118330
4847,0.230807,0.118854
4848,0.233940,0.118451
4849,0.234744,0.118316
4850,0.238799,0.118836
4851,0.239720,0.119731
4852,0.235941,0.118323
4853,0.224951,0.118640
4854,0.242770,0.119078
4855,0.221384,0.118511
4856,0.225946,0.118561
4857,0.231718,0.118724
4858,0.229851,0.118667
4859,0.232732,0.119039
4860,0.218552,0.118885
4861,0.226434,0.118119
4862,0.228670,0.119011
4863,0.227646,0.118803
4864,0.236105,0.118547
4865,0.236132,0.118612
4866,0.241351,0.118318
4867,0.232433,0.118603
4868,0.247198,0.119060
4869,0.240043,0.118176
4870,0.234440,0.119133
4871,0.228455,0.118647
4872,0.223197,0.118506
4873,0.231280,0.118852
4874,0.234269,0.118462
4875,0.248011,0.118486
4876,0.253533,0.118978
4877,0.245704,0.118900
4878,0.228963,0.118962
4879,0.277349,0.118843
4880,0.270500,0.118294
4881,0.225979,0.118689
4882,0.253084,0.118777
4883,0.252616,0.118266
4884,0.231939,0.118765
4885,0.229564,0.118303
4886,0.241185,0.118814
4887,0.237772,0.119413
4888,0.254024,0.118682
4889,0.226357,0.118755
4890,0.232186,0.118013
4891,0.223974,0.118673
4892,0.230940,0.119243
4893,0.224285,0.118680
4894,0.218746,0.118639
4895,0.250233,0.117970
4896,0.232644,0.118886
4897,0.236279,0.119103
4898,0.217894,0.118335
4899,0.226841,0.118521
4900,0.234404,0.118273
4901,0.228640,0.119637
4902,0.236257,0.118156
4903,0.228215,0.119133
4904,0.226138,0.118358
4905,0.244682,0.118259
4906,0.239070,0.118523
4907,0.229121,0.118314
4908,0.242411,0.118493
4909,0.228558,0.118842
4910,0.226076,0.119175
4911,0.225711,0.118378
4912,0.239747,0.117958
4913,0.229687,0.118515
4914,0.224582,0.118863
4915,0.236975,0.117952
4916,0.241892,0.118530
4917,0.225471,0.118224
4918,0.256598,0.119128
4919,0.227130,0.118855
4920,0.221909,0.118321
4921,0.217118,0.118618
4922,0.229698,0.118774
4923,0.254559,0.118432
4924,0.239651,0.118328
4925,0.235295,0.118623
4926,0.223142,0.118770
4927,0.221896,0.119358
4928,0.248846,0.118518
4929,0.240467,0.118850
4930,0.226833,0.118450
4931,0.241005,0.118679
4932,0.228337,0.117844
4933,0.242484,0.118267
4934,0.252140,0.118872
4935,0.237415,0.119201
4936,0.238346,0.118937
4937,0.235331,0.118859
4938,0.230019,0.118585
4939,0.235924,0.118541
4940,0.233585,0.118167
4941,0.235837,0.118625
4942,0.238905,0.118321
4943,0.239888,0.119041
4944,0.231006,0.118977
4945,0.236952,0.119147
4946,0.228123,0.119429
4947,0.237902,0.118237
4948,0.230803,0.118665
4949,0.240913,0.117573
4950,0.240432,0.118853
4951,0.242306,0.119838
4952,0.250428,0.119301
4953,0.236377,0.118679
4954,0.248808,0.118738
4955,0.238161,0.118222
4956,0.242045,0.117829
4957,0.225714,0.119331
4958,0.238335,0.118838
4959,0.226328,0.118873
4960,0.224502,0.118815
4961,0.227363,0.118435
4962,0.250548,0.119159
4963,0.224767,0.118279
4964,0.243639,0.118380
4965,0.222319,0.118854
4966,0.239249,0.118144
4967,0.237357,0.118867
4968,0.216435,0.118916
4969,0.224028,0.119088
4970,0.240474,0.118726
4971,0.252481,0.118132
4972,0.226026,0.118575
4973,0.223502,0.118733
4974,0.233273,0.118415
4975,0.235112,0.119098
4976,0.229956,0.118318
4977,0.230470,0.118627
4978,0.231663,0.118754
4979,0.233007,0.118189
4980,0.234178,0.118245
4981,0.232826,0.118605
4982,0.234110,0.118839
4983,0.230785,0.119528
4984,0.242422,0.118752
4985,0.235894,0.118634
4986,0.237131,0.119050
4987,0.228874,0.118550
4988,0.233178,0.118569
4989,0.230208,0.118335
4990,0.228889,0.118053
4991,0.245922,0.119105
4992,0.234566,0.118643
4993,0.232802,0.118746
4994,0.225918,0.118444
4995,0.249159,0.118652
4996,0.243015,0.118364
4997,0.228145,0.118350
4998,0.247069,0.118591
4999,0.233486,0.118860
5000,0.234875,0.118950
5001,0.226952,0.117834
5002,0.252101,0.115825
5003,0.230944,0.115997
5004,0.231053,0.117628
5005,0.252174,0.117537
5006,0.237494,0.117216
5007,0.239769,0.115588
5008,0.240038,0.117158
5009,0.240445,0.117602
5010,0.241774,0.117414
5011,0.237103,0.117275
5012,0.221099,0.115831
5013,0.228618,0.117132
5014,0.261649,0.116878
5015,0.226502,0.117010
5016,0.236870,0.116118
5017,0.262015,0.116383
5018,0.227053,0.118022
5019,0.235752,0.117124
5020,0.254522,0.116778
5021,0.253276,0.117717
5022,0.235816,0.116205
5023,0.242898,0.116270
5024,0.263633,0.115916
5025,0.225732,0.117101
5026,0.229681,0.117785
5027,0.240154,0.115768
5028,0.223813,0.117073
5029,0.242369,0.117734
5030,0.224711,0.116794
5031,0.227176,0.116540
5032,0.223128,0.115279
5033,0.236456,0.116405
5034,0.242540,0.117486
5035,0.232115,0.116902
5036,0.230742,0.117113
5037,0.235124,0.115760
5038,0.215756,0.116696
5039,0.240501,0.116852
5040,0.225985,0.117158
5041,0.226671,0.116682
5042,0.242300,0.117697
5043,0.225959,0.117093
5044,0.219917,0.116183
5045,0.245875,0.115547
5046,0.237974,0.117784
5047,0.227126,0.117861
5048,0.236832,0.115765
5049,0.239206,0.116123
5050,0.229664,0.117432
5051,0.232388,0.117162
5052,0.232413,0.117556
5053,0.230976,0.116070
5054,0.235168,0.116539
5055,0.252741,0.115674
5056,0.250656,0.117553
5057,0.241160,0.117860
5058,0.228695,0.116347
5059,0.257074,0.116255
5060,0.258352,0.117298
5061,0.227446,0.117231
5062,0.216917,0.117048
5063,0.235893,0.115398
5064,0.225371,0.116220
5065,0.229195,0.117205
5066,0.226906,0.116973
5067,0.246124,0.117420
5068,0.230489,0.115734
5069,0.236043,0.115957
5070,0.244651,0.117163
5071,0.228062,0.117169
5072,0.236564,0.116435
5073,0.233551,0.116880
5074,0.235218,0.116693
5075,0.238147,0.116882
5076,0.241157,0.115885
5077,0.231559,0.116328
5078,0.237598,0.117999
5079,0.236967,0.117270
5080,0.237656,0.116930
5081,0.246714,0.117694
5082,0.236474,0.116518
5083,0.255916,0.115614
5084,0.232055,0.116153
5085,0.255164,0.117223
5086,0.242573,0.119079
5087,0.242140,0.117607
5088,0.255825,0.117432
5089,0.238662,0.116046
5090,0.246683,0.117033
5091,0.240794,0.116707
5092,0.241967,0.116888
5093,0.236573,0.117181
5094,0.239368,0.118568
5095,0.258566,0.118537
5096,0.238150,0.117391
5097,0.235508,0.116350
5098,0.249167,0.116226
5099,0.243335,0.116813
5100,0.243822,0.116723
5101,0.237450,0.119799
5102,0.240597,0.118462
5103,0.236451,0.116685
5104,0.225025,0.116240
5105,0.228213,0.119588
5106,0.244871,0.118589
5107,0.248295,0.116467
5108,0.229730,0.116763
5109,0.235834,0.118230
5110,0.233976,0.117577
5111,0.236027,0.116042
5112,0.233637,0.117658
5113,0.220503,0.118347
5114,0.228809,0.119142
5115,0.251131,0.117235
5116,0.236690,0.117241
5117,0.235042,0.118096
5118,0.234049,0.116148
5119,0.218620,0.116294
5120,0.236129,0.115289
5121,0.238655,0.116730
5122,0.250544,0.117395
5123,0.256158,0.117526
5124,0.236697,0.117443
5125,0.234892,0.116354
5126,0.232375,0.116781
5127,0.234403,0.116382
5128,0.235476,0.117284
5129,0.233756,0.116938
5130,0.229210,0.117727
5131,0.228410,0.116162
5132,0.248422,0.116365
5133,0.227112,0.115500
5134,0.242254,0.117500
5135,0.227661,0.117882
5136,0.232624,0.117052
5137,0.233941,0.116752
5138,0.237038,0.117293
5139,0.222910,0.116884
5140,0.239924,0.116921
5141,0.230719,0.117200
5142,0.228638,0.115097
5143,0.233141,0.116703
5144,0.254077,0.116767
5145,0.239890,0.116912
5146,0.233942,0.115488
5147,0.254557,0.115792
5148,0.265926,0.116868
5149,0.234830,0.117554
5150,0.234429,0.116634
5151,0.240537,0.117485
5152,0.235850,0.116414
5153,0.239204,0.117860
5154,0.234774,0.116903
5155,0.237957,0.117306
5156,0.225713,0.116511
5157,0.234118,0.116718
5158,0.238118,0.115980
5159,0.228195,0.116676
5160,0.255678,0.116846
5161,0.233274,0.117616
5162,0.220880,0.116127
5163,0.233029,0.116194
5164,0.229035,0.115954
5165,0.227032,0.116771
5166,0.227201,0.115198
5167,0.235344,0.115695
5168,0.237420,0.117242
5169,0.231982,0.116819
5170,0.246393,0.116993
5171,0.239504,0.115280
5172,0.251906,0.115832
5173,0.245172,0.116153
5174,0.238592,0.116957
5175,0.247919,0.117076
5176,0.221479,0.117705
5177,0.231111,0.116123
5178,0.235960,0.116322
5179,0.243714,0.115876
5180,0.240397,0.117078
5181,0.250444,0.117377
5182,0.239288,0.117250
5183,0.240681,0.117387
5184,0.245178,0.116517
5185,0.240339,0.116562
5186,0.226965,0.116707
5187,0.241757,0.117613
5188,0.230292,0.116249
5189,0.232562,0.116921
5190,0.231307,0.116114
5191,0.229258,0.116744
5192,0.240026,0.116408
5193,0.223765,0.116959
5194,0.250979,0.117884
5195,0.227924,0.117000
5196,0.233772,0.116848
5197,0.235317,0.117602
5198,0.238503,0.116746
5199,0.272416,0.115951
5200,0.229225,0.115159
5201,0.235864,0.117685
5202,0.241816,0.116270
5203,0.252402,0.117677
5204,0.234709,0.118284
5205,0.242145,0.116778
5206,0.230138,0.116564
5207,0.227394,0.117515
5208,0.234927,0.117036
5209,0.231569,0.116750
5210,0.236434,0.115798
5211,0.247944,0.116392
5212,0.229536,0.117220
5213,0.237566,0.116927
5214,0.231630,0.117140
5215,0.235379,0.115897
5216,0.244658,0.117397
5217,0.239837,0.118132
5218,0.242003,0.117101
5219,0.231234,0.116875
5220,0.248084,0.118153
5221,0.226642,0.116140
5222,0.241574,0.116132
5223,0.227823,0.115991
5224,0.239299,0.116706
5225,0.250831,0.117510
5226,0.223519,0.115880
5227,0.224293,0.116049
5228,0.219636,0.117499
5229,0.232545,0.117389
5230,0.253285,0.116887
5231,0.238323,0.117035
5232,0.227606,0.117057
5233,0.240708,0.117895
5234,0.240766,0.117126
5235,0.230362,0.115877
5236,0.222073,0.116534
5237,0.243613,0.118046
5238,0.241086,0.118250
5239,0.253555,0.117066
5240,0.251295,0.117027
5241,0.237595,0.116235
5242,0.252626,0.117474
5243,0.254835,0.117403
5244,0.231449,0.116474
5245,0.241180,0.116719
5246,0.243884,0.117476
5247,0.232280,0.117191
5248,0.234329,0.117380
5249,0.249192,0.117331
5250,0.225028,0.115673
5251,0.236506,0.116980
5252,0.241566,0.117341
5253,0.234666,0.118327
5254,0.228942,0.118050
5255,0.233634,0.117665
5256,0.234750,0.116451
5257,0.251379,0.116945
5258,0.242118,0.117785
5259,0.237395,0.117490
5260,0.231276,0.117305
5261,0.233577,0.117589
5262,0.234048,0.116259
5263,0.225822,0.116126
5264,0.238401,0.115949
5265,0.228010,0.116713
5266,0.230885,0.117405
5267,0.238850,0.116052
5268,0.245719,0.117099
5269,0.231087,0.117822
5270,0.242930,0.117377
5271,0.237975,0.117073
5272,0.225275,0.116376
5273,0.226372,0.115915
5274,0.295489,0.117373
5275,0.256679,0.116948
5276,0.226175,0.116964
5277,0.230635,0.115879
5278,0.224335,0.116423
5279,0.242822,0.116728
5280,0.258920,0.117500
5281,0.239599,0.117242
5282,0.225771,0.117808
5283,0.241082,0.116965
5284,0.252357,0.116138
5285,0.228887,0.115721
5286,0.237547,0.116631
5287,0.241192,0.117355
5288,0.221992,0.116921
5289,0.239050,0.117217
5290,0.237358,0.116059
5291,0.232134,0.117461
5292,0.264273,0.117617
5293,0.231230,0.117006
5294,0.244108,0.116995
5295,0.233961,0.117677
5296,0.236357,0.116365
5297,0.251332,0.115607
5298,0.247612,0.115456
5299,0.243413,0.117713
5300,0.242322,0.117941
5301,0.238923,0.118398
5302,0.241466,0.116963
5303,0.234875,0.117799
5304,0.239138,0.117184
5305,0.231617,0.117366
5306,0.236273,0.117416
5307,0.236470,0.117420
5308,0.251318,0.116661
5309,0.243703,0.116082
5310,0.225400,0.118107
5311,0.229685,0.116941
5312,0.249995,0.117282
5313,0.241739,0.115787
5314,0.255670,0.115992
5315,0.238248,0.118096
5316,0.242147,0.117210
5317,0.240979,0.116684
5318,0.247176,0.117609
5319,0.244151,0.116028
5320,0.251627,0.116808
5321,0.228229,0.115886
5322,0.242556,0.116909
5323,0.241651,0.118282
5324,0.246538,0.117008
5325,0.232956,0.116907
5326,0.251511,0.116236
5327,0.270075,0.116755
5328,0.258359,0.117342
5329,0.242665,0.117347
5330,0.244361,0.116563
5331,0.272669,0.117287
5332,0.243269,0.117368
5333,0.248396,0.117136
5334,0.270367,0.115875
5335,0.249690,0.116083
5336,0.221705,0.116277
5337,0.230808,0.119028
5338,0.265796,0.117177
5339,0.224103,0.116636
5340,0.249356,0.116941
5341,0.265746,0.116889
5342,0.220875,0.115786
5343,0.229473,0.117252
5344,0.226917,0.120830
5345,0.254118,0.118341
5346,0.236715,0.115214
5347,0.230190,0.117270
5348,0.234740,0.117467
5349,0.229353,0.116023
5350,0.255035,0.117122
5351,0.222659,0.117412
5352,0.226362,0.118735
5353,0.237216,0.117104
5354,0.231918,0.117055
5355,0.243601,0.116596
5356,0.249426,0.118494
5357,0.232911,0.117621
5358,0.236090,0.116290
5359,0.241236,0.116487
5360,0.243600,0.118643
5361,0.228370,0.119572
5362,0.231612,0.115553
5363,0.228461,0.119563
5364,0.237887,0.116967
5365,0.234985,0.115494
5366,0.232744,0.115487
5367,0.232698,0.116805
5368,0.230214,0.117347
5369,0.243434,0.115339
5370,0.233583,0.116631
5371,0.230393,0.117751
5372,0.240632,0.116242
5373,0.247392,0.120535
5374,0.253044,0.116994
5375,0.247578,0.117337
5376,0.234396,0.117068
5377,0.234528,0.117915
5378,0.233933,0.116023
5379,0.230650,0.126320
5380,0.233241,0.117239
5381,0.234350,0.115531
5382,0.234257,0.117523
5383,0.237540,0.117074
5384,0.220689,0.116458
5385,0.248809,0.115365
5386,0.234634,0.116061
5387,0.253954,0.117960
5388,0.239040,0.117071
5389,0.234966,0.115495
5390,0.246919,0.116467
5391,0.232292,0.117030
5392,0.234282,0.117269
5393,0.240157,0.116133
5394,0.240784,0.115769
5395,0.241372,0.117783
5396,0.247758,0.117356
5397,0.236833,0.117207
5398,0.236946,0.115980
5399,0.240015,0.117520
5400,0.232733,0.117274
5401,0.243601,0.118025
5402,0.246722,0.116897
5403,0.231806,0.116581
5404,0.229821,0.116544
5405,0.229447,0.117953
5406,0.239112,0.118763
5407,0.260502,0.117334
5408,0.257323,0.116987
5409,0.232254,0.118550
5410,0.237854,0.118091
5411,0.227190,0.118707
5412,0.243541,0.122957
5413,0.262947,0.117092
5414,0.234687,0.116575
5415,0.231844,0.117591
5416,0.256010,0.116191
5417,0.239230,0.118749
5418,0.241209,0.123909
5419,0.220944,0.117004
5420,0.244574,0.116653
5421,0.238659,0.116935
5422,0.249946,0.118263
5423,0.253730,0.121552
5424,0.259401,0.115954
5425,0.233428,0.118557
5426,0.231951,0.117241
5427,0.251940,0.117161
5428,0.262866,0.115558
5429,0.259794,0.116673
5430,0.227601,0.116815
5431,0.252151,0.120475
5432,0.247138,0.115333
5433,0.235940,0.129085
5434,0.251211,0.118542
5435,0.255765,0.115365
5436,0.246130,0.116517
5437,0.241556,0.117906
5438,0.237136,0.120351
5439,0.230407,0.115853
5440,0.264041,0.116615
5441,0.228358,0.116819
5442,0.227937,0.117032
5443,0.246263,0.118181
5444,0.244495,0.116739
5445,0.232969,0.122500
5446,0.255464,0.117489
5447,0.252519,0.117693
5448,0.249954,0.115761
5449,0.254149,0.116148
5450,0.260060,0.116952
5451,0.261595,0.117788
5452,0.233070,0.117536
5453,0.252637,0.117459
5454,0.241664,0.116404
5455,0.255504,0.116581
5456,0.235632,0.116217
5457,0.249918,0.117430
5458,0.253393,0.115998
5459,0.243860,0.116718
5460,0.239186,0.116561
5461,0.241978,0.121446
5462,0.248339,0.117211
5463,0.271439,0.117559
5464,0.252611,0.116535
5465,0.247149,0.116815
5466,0.243121,0.115989
5467,0.224256,0.117214
5468,0.239042,0.118631
5469,0.259200,0.116227
5470,0.231738,0.116792
5471,0.247077,0.117045
5472,0.237100,0.117458
5473,0.258159,0.117255
5474,0.237704,0.115689
5475,0.226705,0.116338
5476,0.235969,0.119670
5477,0.246462,0.118443
5478,0.246033,0.117632
5479,0.243429,0.116221
5480,0.232753,0.116927
5481,0.228858,0.119456
5482,0.251903,0.125049
5483,0.246305,0.118135
5484,0.256875,0.120513
5485,0.230428,0.116875
5486,0.257580,0.116715
5487,0.229989,0.117251
5488,0.229521,0.117796
5489,0.232589,0.118266
5490,0.237606,0.115258
5491,0.250600,0.116523
5492,0.229810,0.130112
5493,0.236810,0.117165
5494,0.234846,0.116928
5495,0.244332,0.121688
5496,0.225301,0.120151
5497,0.227395,0.116977
5498,0.238467,0.115764
5499,0.241175,0.116591
5500,0.245391,0.117281
5501,0.261482,0.118835
5502,0.240194,0.119360
5503,0.238862,0.117605
5504,0.275447,0.116391
5505,0.263863,0.116973
5506,0.249618,0.116808
5507,0.224782,0.117070
5508,0.265960,0.117963
5509,0.234570,0.121394
5510,0.257621,0.116545
5511,0.233938,0.118810
5512,0.259957,0.116889
5513,0.245021,0.117047
5514,0.236814,0.116977
5515,0.261931,0.116939
5516,0.239660,0.116868
5517,0.283140,0.117110
5518,0.236443,0.116159
5519,0.233492,0.118204
5520,0.302766,0.116635
5521,0.280734,0.116876
5522,0.230681,0.116743
5523,0.251928,0.117091
5524,0.247303,0.115532
5525,0.273178,0.116024
5526,0.254955,0.119112
5527,0.243134,0.117299
5528,0.267566,0.115894
5529,0.262344,0.116879
5530,0.253479,0.118261
5531,0.231281,0.117280
5532,0.264063,0.117108
5533,0.261843,0.120118
5534,0.252957,0.117590
5535,0.237906,0.115613
5536,0.273141,0.118040
5537,0.246098,0.118566
5538,0.262190,0.116107
5539,0.231984,0.118149
5540,0.243295,0.117465
5541,0.268309,0.117219
5542,0.271024,0.118485
5543,0.250472,0.115690
5544,0.298262,0.117805
5545,0.252141,0.122640
5546,0.231212,0.117127
5547,0.257868,0.118958
5548,0.242349,0.116910
5549,0.248943,0.116699
5550,0.261990,0.117022
5551,0.232153,0.121554
5552,0.242307,0.117466
5553,0.280304,0.116724
5554,0.283292,0.117423
5555,0.244800,0.117906
5556,0.264150,0.118113
5557,0.270773,0.116806
5558,0.240741,0.117244
5559,0.235441,0.129808
5560,0.239666,0.117419
5561,0.269248,0.119087
5562,0.254258,0.117195
5563,0.234214,0.115766
5564,0.235880,0.116926
5565,0.259885,0.118479
5566,0.228185,0.118870
5567,0.232268,0.117628
5568,0.256067,0.118296
5569,0.291857,0.115504
5570,0.244947,0.123685
5571,0.235597,0.116680
5572,0.251620,0.118367
5573,0.245487,0.118874
5574,0.238471,0.115465
5575,0.242585,0.118392
5576,0.242967,0.117653
5577,0.245472,0.117138
5578,0.238775,0.115984
5579,0.238115,0.116483
5580,0.250707,0.116984
5581,0.254846,0.117885
5582,0.244777,0.117575
5583,0.242101,0.117824
5584,0.244253,0.116460
5585,0.249020,0.117509
5586,0.232899,0.116082
5587,0.242591,0.117028
5588,0.237627,0.118647
5589,0.247775,0.115795
5590,0.250912,0.117461
5591,0.250523,0.122663
5592,0.241119,0.117081
5593,0.274777,0.120735
5594,0.233438,0.115851
5595,0.236456,0.119239
5596,0.257026,0.117634
5597,0.261351,0.114912
5598,0.235670,0.117002
5599,0.245159,0.117803
5600,0.253446,0.116982
5601,0.250886,0.119683
5602,0.242121,0.118846
5603,0.246462,0.124660
5604,0.247158,0.117597
5605,0.234191,0.116813
5606,0.239690,0.116216
5607,0.243627,0.122141
5608,0.253995,0.115963
5609,0.228307,0.115830
5610,0.234556,0.116158
5611,0.236875,0.116819
5612,0.242904,0.121094
5613,0.239273,0.120293
5614,0.235053,0.118881
5615,0.235988,0.116483
5616,0.231851,0.116268
5617,0.242212,0.117178
5618,0.243702,0.120341
5619,0.237942,0.116232
5620,0.234706,0.117226
5621,0.250345,0.117217
5622,0.234390,0.117006
5623,0.238291,0.117201
5624,0.225591,0.120827
5625,0.253893,0.118136
5626,0.234330,0.118159
5627,0.243566,0.120693
5628,0.223884,0.116741
5629,0.234274,0.116145
5630,0.238750,0.115280
5631,0.244845,0.116597
5632,0.239144,0.117014
5633,0.244044,0.118654
5634,0.232960,0.117154
5635,0.239681,0.116400
5636,0.268513,0.121012
5637,0.244755,0.121466
5638,0.241718,0.117434
5639,0.237119,0.117394
5640,0.263057,0.115660
5641,0.242392,0.116639
5642,0.236077,0.118930
5643,0.249045,0.115258
5644,0.243097,0.116738
5645,0.251679,0.117189
5646,0.234866,0.117846
5647,0.259431,0.115641
5648,0.235879,0.118308
5649,0.237395,0.117023
5650,0.242606,0.117925
5651,0.236645,0.117515
5652,0.245576,0.118067
5653,0.235479,0.116579
5654,0.243933,0.122109
5655,0.233868,0.117783
5656,0.233530,0.122337
5657,0.244314,0.115786
5658,0.234296,0.117093
5659,0.249855,0.117974
5660,0.235528,0.120652
5661,0.237833,0.117630
5662,0.230730,0.117208
5663,0.246714,0.117127
5664,0.248854,0.115766
5665,0.255039,0.116268
5666,0.242730,0.117882
5667,0.245503,0.117524
5668,0.259326,0.116456
5669,0.255680,0.117232
5670,0.251449,0.117454
5671,0.233698,0.117138
5672,0.243704,0.116066
5673,0.245709,0.116232
5674,0.238243,0.118826
5675,0.248666,0.117278
5676,0.261449,0.117261
5677,0.265861,0.116415
5678,0.254232,0.117596
5679,0.258041,0.116679
5680,0.241809,0.116788
5681,0.233359,0.116760
5682,0.239239,0.117888
5683,0.241129,0.116904
5684,0.251303,0.116029
5685,0.242547,0.115402
5686,0.234620,0.116892
5687,0.255013,0.117681
5688,0.263234,0.115967
5689,0.247082,0.115910
5690,0.242222,0.116965
5691,0.247779,0.117231
5692,0.253202,0.116971
5693,0.252027,0.119714
5694,0.248435,0.116815
5695,0.241003,0.117739
5696,0.241998,0.116800
5697,0.248471,0.117032
5698,0.241902,0.117360
5699,0.256011,0.115788
5700,0.231296,0.117311
5701,0.231772,0.118095
5702,0.236301,0.115731
5703,0.262553,0.117794
5704,0.257040,0.116962
5705,0.254339,0.115797
5706,0.244582,0.116001
5707,0.241410,0.117832
5708,0.251048,0.118706
5709,0.241693,0.116359
5710,0.264265,0.123487
5711,0.247719,0.120837
5712,0.252068,0.116880
5713,0.231875,0.116045
5714,0.249403,0.116001
5715,0.238251,0.116636
5716,0.233191,0.117260
5717,0.235085,0.117309
5718,0.280087,0.115802
5719,0.248064,0.117164
5720,0.232005,0.117247
5721,0.253748,0.116323
5722,0.263143,0.119260
5723,0.239579,0.117180
5724,0.240689,0.117182
5725,0.234112,0.116191
5726,0.234076,0.116241
5727,0.242034,0.116768
5728,0.243974,0.116456
5729,0.246627,0.116752
5730,0.228246,0.116129
5731,0.237285,0.118132
5732,0.236891,0.119440
5733,0.240862,0.116251
5734,0.247838,0.116157
5735,0.236328,0.117182
5736,0.253760,0.117037
5737,0.262198,0.117236
5738,0.238134,0.114540
5739,0.241085,0.116932
5740,0.243766,0.117266
5741,0.262147,0.116913
5742,0.258773,0.115892
5743,0.250354,0.117849
5744,0.253273,0.117108
5745,0.237983,0.121772
5746,0.242353,0.116203
5747,0.249310,0.117158
5748,0.259091,0.118338
5749,0.243293,0.117503
5750,0.233254,0.116998
5751,0.241534,0.115874
5752,0.255996,0.117253
5753,0.257166,0.117744
5754,0.239740,0.117739
5755,0.252897,0.125937
5756,0.256035,0.120877
5757,0.242827,0.117588
5758,0.246685,0.117113
5759,0.247358,0.115910
5760,0.243725,0.115862
5761,0.242260,0.116033
5762,0.258978,0.116915
5763,0.246843,0.117029
5764,0.236137,0.116471
5765,0.239155,0.116907
5766,0.253759,0.125831
5767,0.245885,0.116783
5768,0.242319,0.119361
5769,0.255128,0.115686
5770,0.263386,0.116507
5771,0.244235,0.117841
5772,0.248320,0.117297
5773,0.256860,0.116368
5774,0.250482,0.116151
5775,0.254885,0.117903
5776,0.259380,0.116067
5777,0.235855,0.115549
5778,0.247961,0.120575
5779,0.232944,0.116553
5780,0.248902,0.118360
5781,0.250962,0.117153
5782,0.246033,0.117235
5783,0.244320,0.121986
5784,0.251254,0.116865
5785,0.253504,0.117190
5786,0.230439,0.116513
5787,0.264655,0.116942
5788,0.256746,0.117297
5789,0.244527,0.115481
5790,0.252490,0.115760
5791,0.244013,0.120055
5792,0.263245,0.119644
5793,0.241002,0.118442
5794,0.248109,0.117604
5795,0.225157,0.116538
5796,0.251740,0.116555
5797,0.264341,0.115835
5798,0.256142,0.115891
5799,0.249422,0.117152
5800,0.249154,0.117033
5801,0.232846,0.117568
5802,0.254228,0.115995
5803,0.239225,0.115614
5804,0.242984,0.117905
5805,0.243525,0.116964
5806,0.245269,0.116168
5807,0.268935,0.117958
5808,0.232686,0.116978
5809,0.229744,0.116963
5810,0.237557,0.117267
5811,0.235809,0.115397
5812,0.247663,0.116572
5813,0.238231,0.117233
5814,0.236829,0.117059
5815,0.235791,0.115210
5816,0.249938,0.117800
5817,0.235307,0.117373
5818,0.277073,0.121504
5819,0.237880,0.118096
5820,0.247522,0.117922
5821,0.248343,0.119886
5822,0.241864,0.116043
5823,0.252062,0.116580
5824,0.245671,0.121746
5825,0.230438,0.116260
5826,0.238101,0.115261
5827,0.249828,0.119530
5828,0.247957,0.117661
5829,0.239808,0.116944
5830,0.247368,0.115422
5831,0.240831,0.116826
5832,0.239599,0.117109
5833,0.244838,0.116907
5834,0.247492,0.115283
5835,0.261685,0.116377
5836,0.247688,0.118160
5837,0.246826,0.117455
5838,0.241347,0.115445
5839,0.237248,0.117001
5840,0.238617,0.120933
5841,0.255812,0.116083
5842,0.242549,0.115101
5843,0.236681,0.116318
5844,0.227802,0.118728
5845,0.238568,0.119569
5846,0.232149,0.118002
5847,0.255224,0.116675
5848,0.237335,0.116192
5849,0.248723,0.116534
5850,0.253447,0.120136
5851,0.230392,0.117572
5852,0.240911,0.115277
5853,0.236363,0.117232
5854,0.242241,0.116398
5855,0.257007,0.117469
5856,0.236275,0.116659
5857,0.232022,0.119703
5858,0.237761,0.117199
5859,0.252227,0.117340
5860,0.254130,0.115379
5861,0.246003,0.116508
5862,0.236741,0.116690
5863,0.248560,0.117239
5864,0.249828,0.116354
5865,0.242578,0.116547
5866,0.261229,0.116963
5867,0.229034,0.116962
5868,0.237780,0.117965
5869,0.238016,0.116278
5870,0.247569,0.117153
5871,0.249191,0.123204
5872,0.245475,0.116491
5873,0.238438,0.119819
5874,0.261848,0.116623
5875,0.250710,0.116362
5876,0.249064,0.116830
5877,0.251175,0.117453
5878,0.269367,0.117154
5879,0.258072,0.117299
5880,0.253583,0.115688
5881,0.233385,0.116922
5882,0.238943,0.116921
5883,0.266174,0.117626
5884,0.248998,0.115528
5885,0.251400,0.116067
5886,0.232058,0.118160
5887,0.239784,0.118064
5888,0.240787,0.118747
5889,0.234627,0.116510
5890,0.228990,0.119353
5891,0.245211,0.119117
5892,0.235408,0.117206
5893,0.247187,0.118841
5894,0.248814,0.119171
5895,0.243496,0.121645
5896,0.262056,0.118592
5897,0.235936,0.119498
5898,0.238072,0.118309
5899,0.264206,0.120328
5900,0.240358,0.116127
5901,0.233396,0.117021
5902,0.264899,0.116545
5903,0.241153,0.117468
5904,0.226995,0.117094
5905,0.244912,0.115283
5906,0.236638,0.115783
5907,0.242526,0.116282
5908,0.261058,0.117208
5909,0.250046,0.120385
5910,0.251409,0.117863
5911,0.264226,0.117322
5912,0.254641,0.116699
5913,0.239476,0.116978
5914,0.242959,0.121811
5915,0.258541,0.116773
5916,0.241918,0.116247
5917,0.269867,0.118501
5918,0.285778,0.117713
5919,0.253429,0.117141
5920,0.246247,0.115720
5921,0.257045,0.119771
5922,0.279444,0.117105
5923,0.252773,0.117879
5924,0.255230,0.114666
5925,0.251592,0.117551
5926,0.246152,0.117964
5927,0.257065,0.116772
5928,0.257299,0.115796
5929,0.261034,0.116619
5930,0.231054,0.116938
5931,0.249551,0.117071
5932,0.246486,0.117342
5933,0.263478,0.117150
5934,0.258364,0.117105
5935,0.241195,0.116219
5936,0.251653,0.115951
5937,0.247884,0.117120
5938,0.243561,0.117409
5939,0.233649,0.118527
5940,0.236809,0.117259
5941,0.250019,0.117328
5942,0.229987,0.115918
5943,0.243679,0.117138
5944,0.229739,0.117651
5945,0.235178,0.116184
5946,0.248275,0.116349
5947,0.245569,0.117634
5948,0.233938,0.118361
5949,0.263393,0.117543
5950,0.254769,0.117246
5951,0.233530,0.117498
5952,0.243863,0.115236
5953,0.234986,0.115895
5954,0.264611,0.117191
5955,0.238977,0.116968
5956,0.233619,0.117033
5957,0.244194,0.115436
5958,0.260829,0.115835
5959,0.251321,0.117974
5960,0.264898,0.116415
5961,0.240583,0.117062
5962,0.254669,0.117839
5963,0.245058,0.116465
5964,0.247475,0.115817
5965,0.243909,0.115501
5966,0.252034,0.116984
5967,0.256003,0.118175
5968,0.250625,0.116865
5969,0.243325,0.116208
5970,0.239964,0.116682
5971,0.234893,0.117544
5972,0.254463,0.116743
5973,0.244877,0.117340
5974,0.252509,0.116066
5975,0.246580,0.116863
5976,0.259038,0.116085
5977,0.237551,0.116629
5978,0.231810,0.116055
5979,0.249452,0.117180
5980,0.247835,0.118150
5981,0.254320,0.117360
5982,0.243261,0.116480
5983,0.237218,0.117110
5984,0.247303,0.116912
5985,0.257536,0.117029
5986,0.256111,0.116415
5987,0.252378,0.116486
5988,0.279248,0.116390
5989,0.253955,0.116275
5990,0.239671,0.116847
5991,0.252864,0.116142
5992,0.243921,0.117100
5993,0.265110,0.118649
5994,0.249023,0.115916
5995,0.239215,0.116805
5996,0.249262,0.117939
5997,0.246863,0.117132
5998,0.246727,0.115902
5999,0.245386,0.115484
6000,0.243590,0.116276
6001,0.242033,0.114896
6002,0.248842,0.115506
6003,0.241906,0.115682
6004,0.235456,0.116688
6005,0.241745,0.117446
6006,0.240778,0.117330
6007,0.236298,0.117045
6008,0.269509,0.116151
6009,0.241497,0.116475
6010,0.226360,0.116942
6011,0.253412,0.117041
6012,0.258075,0.117096
6013,0.270953,0.117720
6014,0.251176,0.115818
6015,0.282482,0.115599
6016,0.268185,0.115119
6017,0.236760,0.116963
6018,0.260916,0.118189
6019,0.243207,0.117439
6020,0.257954,0.115729
6021,0.266034,0.116748
6022,0.234352,0.116537
6023,0.265963,0.116786
6024,0.238309,0.117062
6025,0.249295,0.116345
6026,0.236837,0.116317
6027,0.257826,0.116192
6028,0.246845,0.116951
6029,0.265035,0.116190
6030,0.250892,0.117215
6031,0.251975,0.118657
6032,0.237749,0.116447
6033,0.246370,0.116804
6034,0.260998,0.117694
6035,0.245937,0.117308
6036,0.225322,0.115415
6037,0.244295,0.115903
6038,0.248334,0.116374
6039,0.250061,0.117140
6040,0.237267,0.116997
6041,0.251507,0.117097
6042,0.254516,0.115906
6043,0.241633,0.116961
6044,0.261137,0.117187
6045,0.244247,0.116996
6046,0.245460,0.117337
6047,0.238326,0.117819
6048,0.244494,0.116070
6049,0.250538,0.117001
6050,0.241317,0.115678
6051,0.233495,0.117760
6052,0.232903,0.116271
6053,0.251023,0.117111
6054,0.252397,0.118835
6055,0.233338,0.116867
6056,0.252342,0.117134
6057,0.239250,0.117636
6058,0.277472,0.117065
6059,0.245960,0.116809
6060,0.260564,0.115695
6061,0.251900,0.116227
6062,0.229432,0.117300
6063,0.245489,0.116824
6064,0.240875,0.117171
6065,0.253173,0.115530
6066,0.239145,0.116427
6067,0.240196,0.117095
6068,0.238253,0.117109
6069,0.259242,0.116082
6070,0.260940,0.116545
6071,0.243463,0.116623
6072,0.247048,0.117454
6073,0.258914,0.115908
6074,0.255646,0.116559
6075,0.236448,0.116328
6076,0.245875,0.116560
6077,0.251462,0.116738
6078,0.241027,0.117272
6079,0.254804,0.117088
6080,0.240231,0.116468
6081,0.243345,0.115560
6082,0.253428,0.116069
6083,0.237720,0.116869
6084,0.228817,0.116882
6085,0.246683,0.117039
6086,0.240958,0.115412
6087,0.252903,0.117065
6088,0.245426,0.116468
6089,0.256374,0.116904
6090,0.239014,0.116866
6091,0.289714,0.117485
6092,0.239447,0.115769
6093,0.246531,0.115990
6094,0.254407,0.115289
6095,0.229624,0.116942
6096,0.252461,0.117697
6097,0.255715,0.116592
6098,0.230242,0.116115
6099,0.264420,0.117632
6100,0.253222,0.117128
6101,0.274614,0.118663
6102,0.253223,0.117213
6103,0.240145,0.117257
6104,0.237434,0.116148
6105,0.238392,0.116378
6106,0.271503,0.117847
6107,0.251872,0.117013
6108,0.246342,0.116318
6109,0.255558,0.115754
6110,0.243369,0.116863
6111,0.258340,0.117120
6112,0.269113,0.116883
6113,0.251009,0.116939
6114,0.246611,0.117417
6115,0.245814,0.116878
6116,0.266693,0.115621
6117,0.251552,0.116208
6118,0.245718,0.116877
6119,0.226499,0.117716
6120,0.250249,0.116942
6121,0.261529,0.116540
6122,0.260790,0.116226
6123,0.266105,0.117084
6124,0.248119,0.117260
6125,0.235576,0.117219
6126,0.257454,0.117126
6127,0.247693,0.118422
6128,0.263999,0.117293
6129,0.257391,0.116982
6130,0.244216,0.117188
6131,0.243578,0.115992
6132,0.244978,0.116847
6133,0.256157,0.116642
6134,0.257523,0.115614
6135,0.247525,0.116565
6136,0.241307,0.118426
6137,0.253063,0.120089
6138,0.235967,0.116947
6139,0.245399,0.118630
6140,0.262484,0.119599
6141,0.248389,0.117048
6142,0.256460,0.116549
6143,0.247252,0.115674
6144,0.258175,0.116996
6145,0.253403,0.120645
6146,0.253590,0.116377
6147,0.251806,0.116805
6148,0.273082,0.117128
6149,0.253597,0.117536
6150,0.255769,0.117149
6151,0.247259,0.117558
6152,0.254747,0.116479
6153,0.240756,0.115935
6154,0.239962,0.117270
6155,0.259794,0.117474
6156,0.237888,0.116768
6157,0.243918,0.117301
6158,0.244376,0.118398
6159,0.250855,0.116480
6160,0.245665,0.116098
6161,0.245462,0.118600
6162,0.227313,0.116372
6163,0.254313,0.115930
6164,0.249807,0.116825
6165,0.233789,0.119137
6166,0.250723,0.122881
6167,0.238623,0.122789
6168,0.245461,0.116975
6169,0.236029,0.115932
6170,0.240948,0.116158
6171,0.240771,0.124155
6172,0.244706,0.115750
6173,0.236800,0.117272
6174,0.254288,0.117592
6175,0.240896,0.117184
6176,0.251084,0.115912
6177,0.239800,0.118541
6178,0.236758,0.120171
6179,0.246269,0.116816
6180,0.245897,0.116662
6181,0.250336,0.116873
6182,0.229670,0.119433
6183,0.239548,0.117478
6184,0.219624,0.116479
6185,0.263612,0.118204
6186,0.261245,0.117195
6187,0.237647,0.117767
6188,0.247197,0.116764
6189,0.255015,0.119443
6190,0.254675,0.117023
6191,0.241419,0.117944
6192,0.249207,0.117271
6193,0.250077,0.117349
6194,0.261605,0.116639
6195,0.250370,0.124802
6196,0.256499,0.116837
6197,0.231744,0.117634
6198,0.245190,0.116616
6199,0.236901,0.115368
6200,0.252947,0.116500
6201,0.253758,0.116720
6202,0.251835,0.118939
6203,0.247438,0.116858
6204,0.244359,0.117010
6205,0.262479,0.116739
6206,0.247608,0.117237
6207,0.260502,0.116924
6208,0.241182,0.118237
6209,0.249735,0.115777
6210,0.256048,0.116502
6211,0.279379,0.117212
6212,0.268157,0.116658
6213,0.225441,0.116161
6214,0.243786,0.116697
6215,0.239894,0.117705
6216,0.276051,0.116825
6217,0.249630,0.115935
6218,0.246268,0.116390
6219,0.248983,0.118481
6220,0.251358,0.117050
6221,0.246965,0.116976
6222,0.249662,0.125895
6223,0.259982,0.117860
6224,0.248741,0.116564
6225,0.251142,0.115966
6226,0.236682,0.116327
6227,0.276289,0.124859
6228,0.254504,0.116812
6229,0.241750,0.117261
6230,0.238485,0.117410
6231,0.259310,0.116687
6232,0.251928,0.116992
6233,0.247945,0.117072
6234,0.266272,0.116297
6235,0.263995,0.116746
6236,0.248205,0.115778
6237,0.252540,0.117092
6238,0.263271,0.117243
6239,0.246453,0.117447
6240,0.238785,0.116652
6241,0.249199,0.117454
6242,0.230910,0.118158
6243,0.237833,0.115871
6244,0.244469,0.115885
6245,0.242487,0.120483
6246,0.230539,0.122874
6247,0.238450,0.117282
6248,0.232645,0.123874
6249,0.246421,0.117200
6250,0.233098,0.123415
6251,0.262134,0.118019
6252,0.249610,0.117235
6253,0.246681,0.117406
6254,0.253181,0.117201
6255,0.228499,0.119906
6256,0.267296,0.120258
6257,0.261638,0.116607
6258,0.233869,0.116926
6259,0.246003,0.117235
6260,0.261944,0.116392
6261,0.264154,0.115689
6262,0.238856,0.122094
6263,0.246149,0.119088
6264,0.252898,0.116888
6265,0.272619,0.117476
6266,0.251052,0.115741
6267,0.240340,0.115561
6268,0.242950,0.118257
6269,0.252437,0.116869
6270,0.255090,0.117859
6271,0.253557,0.118677
6272,0.249308,0.117226
6273,0.246976,0.117817
6274,0.240894,0.117261
6275,0.249464,0.116295
6276,0.242842,0.115452
6277,0.244811,0.116153
6278,0.238926,0.117575
6279,0.232741,0.119253
6280,0.244730,0.115798
6281,0.243547,0.116151
6282,0.239008,0.116774
6283,0.250513,0.117449
6284,0.238202,0.116176
6285,0.236404,0.116622
6286,0.255731,0.117143
6287,0.248133,0.120477
6288,0.249035,0.115722
6289,0.260384,0.115292
6290,0.255170,0.116872
6291,0.250193,0.118466
6292,0.259071,0.117668
6293,0.268725,0.118833
6294,0.252038,0.117472
6295,0.259833,0.115879
6296,0.244380,0.117245
6297,0.250085,0.116434
6298,0.243315,0.117256
6299,0.242288,0.117816
6300,0.244255,0.116157
6301,0.241932,0.118660
6302,0.240781,0.117172
6303,0.242666,0.115892
6304,0.251783,0.117635
6305,0.244922,0.116033
6306,0.278572,0.116388
6307,0.273960,0.116353
6308,0.254098,0.117878
6309,0.251532,0.117013
6310,0.260597,0.114751
6311,0.269299,0.116813
6312,0.283301,0.117538
6313,0.263018,0.117312
6314,0.239537,0.117030
6315,0.295293,0.121211
6316,0.300209,0.116875
6317,0.286557,0.117204
6318,0.247506,0.117952
6319,0.251716,0.116539
6320,0.257454,0.117441
6321,0.253940,0.117474
6322,0.269007,0.118750
6323,0.233883,0.115066
6324,0.251750,0.115630
6325,0.253334,0.116924
6326,0.246627,0.121332
6327,0.264046,0.126372
6328,0.245178,0.123425
6329,0.268885,0.117313
6330,0.237036,0.116883
6331,0.259803,0.118779
6332,0.241395,0.117231
6333,0.240926,0.116929
6334,0.256290,0.115544
6335,0.272695,0.116924
6336,0.247060,0.116762
6337,0.246914,0.117160
6338,0.248204,0.116561
6339,0.258032,0.116587
6340,0.260488,0.116416
6341,0.247793,0.116837
6342,0.263142,0.115921
6343,0.255123,0.116955
6344,0.246265,0.117931
6345,0.249735,0.120774
6346,0.266070,0.119612
6347,0.254109,0.116871
6348,0.246479,0.117720
6349,0.244063,0.117204
6350,0.256722,0.116018
6351,0.261894,0.116739
6352,0.251316,0.122953
6353,0.270117,0.117147
6354,0.266560,0.116568
6355,0.242624,0.115634
6356,0.242022,0.116460
6357,0.251257,0.118157
6358,0.249547,0.117586
6359,0.262715,0.117284
6360,0.251068,0.115730
6361,0.245303,0.116775
6362,0.246810,0.117150
6363,0.238157,0.116950
6364,0.258440,0.117152
6365,0.240104,0.117935
6366,0.259712,0.117051
6367,0.251866,0.115506
6368,0.241882,0.120085
6369,0.249561,0.119190
6370,0.273388,0.122177
6371,0.255822,0.116968
6372,0.247375,0.116994
6373,0.258003,0.117237
6374,0.237645,0.119969
6375,0.242955,0.116899
6376,0.242951,0.121213
6377,0.254324,0.118582
6378,0.260075,0.116601
6379,0.249010,0.116284
6380,0.242344,0.117436
6381,0.251685,0.117588
6382,0.239572,0.115247
6383,0.259276,0.116668
6384,0.256753,0.119939
6385,0.252516,0.120250
6386,0.252526,0.116062
6387,0.254691,0.115593
6388,0.239071,0.116876
6389,0.246851,0.117699
6390,0.254209,0.116984
6391,0.258198,0.115966
6392,0.251520,0.117334
6393,0.235059,0.116954
6394,0.259117,0.116449
6395,0.241008,0.116275
6396,0.235493,0.116682
6397,0.257654,0.117685
6398,0.233347,0.117201
6399,0.242287,0.116554
6400,0.247431,0.116048
6401,0.243914,0.117529
6402,0.248858,0.117810
6403,0.281718,0.117524
6404,0.243646,0.121701
6405,0.246737,0.115925
6406,0.246099,0.117151
6407,0.250151,0.118061
6408,0.250384,0.117330
6409,0.282683,0.117611
6410,0.287414,0.116672
6411,0.242322,0.116699
6412,0.251981,0.117879
6413,0.253376,0.115334
6414,0.257486,0.116066
6415,0.245429,0.116965
6416,0.245681,0.117466
6417,0.250515,0.117756
6418,0.258358,0.116641
6419,0.258982,0.116622
6420,0.264179,0.116911
6421,0.262737,0.115906
6422,0.248403,0.116858
6423,0.248385,0.122758
6424,0.279964,0.116955
6425,0.271801,0.116929
6426,0.267980,0.119235
6427,0.256876,0.116134
6428,0.255501,0.116599
6429,0.250714,0.119791
6430,0.242877,0.116271
6431,0.257088,0.118828
6432,0.249175,0.116080
6433,0.268225,0.115791
6434,0.236729,0.119424
6435,0.249037,0.117267
6436,0.247242,0.116971
6437,0.254616,0.115627
6438,0.245975,0.123622
6439,0.267648,0.115447
6440,0.246776,0.115829
6441,0.242450,0.116363
6442,0.262987,0.117776
6443,0.279131,0.117289
6444,0.252263,0.117232
6445,0.242326,0.116563
6446,0.262521,0.117439
6447,0.246444,0.117283
6448,0.244679,0.118569
6449,0.245873,0.119403
6450,0.261918,0.117699
6451,0.269652,0.116639
6452,0.247088,0.117163
6453,0.237572,0.118337
6454,0.261099,0.118970
6455,0.247061,0.121934
6456,0.234190,0.117220
6457,0.239271,0.127957
6458,0.248931,0.117407
6459,0.249323,0.116966
6460,0.258382,0.116621
6461,0.236569,0.115973
6462,0.263305,0.116854
6463,0.250195,0.118077
6464,0.235221,0.117225
6465,0.245301,0.115794
6466,0.256747,0.116598
6467,0.248357,0.124262
6468,0.255560,0.117073
6469,0.278703,0.116141
6470,0.238369,0.117131
6471,0.232376,0.117664
6472,0.261233,0.117256
6473,0.255218,0.116187
6474,0.262356,0.117296
6475,0.245539,0.117155
6476,0.253036,0.117187
6477,0.243157,0.117406
6478,0.249056,0.117389
6479,0.264146,0.117580
6480,0.277068,0.116699
6481,0.263234,0.116392
6482,0.246069,0.116257
6483,0.258163,0.117021
6484,0.249164,0.118612
6485,0.255069,0.118884
6486,0.261677,0.116112
6487,0.239967,0.116610
6488,0.247385,0.117000
6489,0.248885,0.118256
6490,0.265828,0.116879
6491,0.252387,0.115718
6492,0.236999,0.117190
6493,0.262476,0.118763
6494,0.256305,0.117088
6495,0.261004,0.118693
6496,0.244516,0.116937
6497,0.251802,0.117100
6498,0.239394,0.117158
6499,0.258183,0.116261
6500,0.241924,0.116962
6501,0.248181,0.117517
6502,0.255711,0.118266
6503,0.262328,0.116101
6504,0.250033,0.116273
6505,0.261715,0.117752
6506,0.243734,0.118701
6507,0.265660,0.115460
6508,0.240103,0.115506
6509,0.241837,0.116636
6510,0.264514,0.117479
6511,0.266324,0.117120
6512,0.254065,0.117290
6513,0.237382,0.115975
6514,0.266450,0.117549
6515,0.266103,0.117346
6516,0.248502,0.117037
6517,0.251963,0.116811
6518,0.235349,0.117989
6519,0.251403,0.117815
6520,0.264306,0.116803
6521,0.246126,0.115753
6522,0.247703,0.115760
6523,0.245646,0.117129
6524,0.250032,0.116788
6525,0.250303,0.117130
6526,0.262550,0.115823
6527,0.270531,0.116837
6528,0.254035,0.118428
6529,0.248075,0.117018
6530,0.248163,0.116253
6531,0.256155,0.117017
6532,0.256307,0.116369
6533,0.242126,0.117116
6534,0.250616,0.115808
6535,0.272499,0.115658
6536,0.254607,0.116447
6537,0.253565,0.117006
6538,0.271841,0.117151
6539,0.232335,0.117314
6540,0.245830,0.115588
6541,0.240786,0.116444
6542,0.236715,0.115981
6543,0.236978,0.117041
6544,0.243299,0.118016
6545,0.249816,0.117973
6546,0.254677,0.116475
6547,0.244523,0.117704
6548,0.239481,0.116987
6549,0.246713,0.116727
6550,0.239782,0.116554
6551,0.259546,0.117561
6552,0.241749,0.117858
6553,0.253918,0.116348
6554,0.245123,0.116923
6555,0.259487,0.119440
6556,0.253013,0.116621
6557,0.255240,0.117362
6558,0.266831,0.116375
6559,0.241721,0.116570
6560,0.253640,0.116039
6561,0.247581,0.116907
6562,0.250273,0.118741
6563,0.267580,0.116915
6564,0.256344,0.118539
6565,0.245584,0.117311
6566,0.248909,0.116538
6567,0.240326,0.117394
6568,0.248637,0.116191
6569,0.259544,0.116899
6570,0.243539,0.117509
6571,0.247927,0.117092
6572,0.250498,0.117643
6573,0.262476,0.116380
6574,0.249674,0.116794
6575,0.238180,0.118894
6576,0.250315,0.117255
6577,0.249000,0.116892
6578,0.255891,0.117693
6579,0.270161,0.115746
6580,0.239296,0.115750
6581,0.261545,0.115832
6582,0.235848,0.116612
6583,0.252754,0.118926
6584,0.244561,0.116179
6585,0.254818,0.116568
6586,0.240735,0.117756
6587,0.281103,0.116046
6588,0.266425,0.115415
6589,0.246004,0.116275
6590,0.239779,0.116871
6591,0.233281,0.117509
6592,0.239457,0.116923
6593,0.236410,0.116502
6594,0.243161,0.116723
6595,0.249729,0.117118
6596,0.247813,0.116677
6597,0.242147,0.117132
6598,0.250113,0.116786
6599,0.246763,0.117629
6600,0.246643,0.117616
6601,0.255165,0.117653
6602,0.248132,0.122514
6603,0.263191,0.117419
6604,0.261070,0.121011
6605,0.259292,0.116980
6606,0.246913,0.117037
6607,0.266672,0.117056
6608,0.237804,0.117112
6609,0.234968,0.117843
6610,0.259202,0.119733
6611,0.253796,0.115874
6612,0.250427,0.119631
6613,0.247992,0.117211
6614,0.264814,0.116811
6615,0.256960,0.116104
6616,0.244999,0.120356
6617,0.257039,0.116565
6618,0.248418,0.117490
6619,0.249417,0.116580
6620,0.249009,0.117058
6621,0.235813,0.116789
6622,0.255814,0.116001
6623,0.254472,0.115704
6624,0.249474,0.117258
6625,0.234445,0.118597
6626,0.240271,0.117264
6627,0.239396,0.116460
6628,0.254091,0.116986
6629,0.248493,0.116469
6630,0.261831,0.116717
6631,0.262263,0.123435
6632,0.244036,0.116001
6633,0.250605,0.119714
6634,0.258494,0.115836
6635,0.253798,0.121106
6636,0.254597,0.121367
6637,0.244959,0.117487
6638,0.249745,0.117307
6639,0.250334,0.118128
6640,0.257802,0.117191
6641,0.262063,0.116500
6642,0.261360,0.117622
6643,0.233127,0.116749
6644,0.253708,0.117116
6645,0.248792,0.116426
6646,0.247173,0.116998
6647,0.239572,0.120089
6648,0.266096,0.115892
6649,0.263213,0.119919
6650,0.241909,0.116615
6651,0.242386,0.117325
6652,0.253245,0.117674
6653,0.264609,0.120548
6654,0.254187,0.128823
6655,0.283259,0.115627
6656,0.249492,0.116575
6657,0.249226,0.117200
6658,0.250217,0.115655
6659,0.264738,0.116755
6660,0.265895,0.115415
6661,0.254529,0.119189
6662,0.255055,0.117857
6663,0.264308,0.116031
6664,0.258270,0.116507
6665,0.245896,0.117391
6666,0.245598,0.117173
6667,0.258989,0.117128
6668,0.275174,0.117115
6669,0.238370,0.117299
6670,0.251776,0.117233
6671,0.249997,0.115864
6672,0.257956,0.115743
6673,0.259381,0.115755
6674,0.251827,0.117799
6675,0.238093,0.118151
6676,0.268977,0.116092
6677,0.251394,0.120056
6678,0.244479,0.117449
6679,0.245503,0.116267
6680,0.253405,0.115644
6681,0.258366,0.116351
6682,0.239698,0.121542
6683,0.235080,0.120929
6684,0.242797,0.116864
6685,0.262201,0.116411
6686,0.253913,0.116814
6687,0.243436,0.117741
6688,0.243834,0.116449
6689,0.246119,0.116500
6690,0.256433,0.116725
6691,0.251956,0.117536
6692,0.255826,0.117853
6693,0.255171,0.117049
6694,0.247614,0.117564
6695,0.255479,0.116050
6696,0.244911,0.116555
6697,0.247032,0.115959
6698,0.254091,0.116945
6699,0.260021,0.117595
6700,0.237891,0.116865
6701,0.255337,0.117335
6702,0.237969,0.117901
6703,0.248681,0.116617
6704,0.240604,0.117735
6705,0.253107,0.117320
6706,0.256476,0.117197
6707,0.249107,0.116011
6708,0.252893,0.115780
6709,0.252301,0.119897
6710,0.254074,0.117569
6711,0.268177,0.115580
6712,0.260536,0.117171
6713,0.247247,0.117086
6714,0.243630,0.121991
6715,0.244793,0.116623
6716,0.245417,0.117550
6717,0.263276,0.115865
6718,0.259954,0.115608
6719,0.236491,0.117143
6720,0.248906,0.117550
6721,0.247472,0.117443
6722,0.250944,0.117004
6723,0.246304,0.116001
6724,0.257581,0.117232
6725,0.249989,0.117215
6726,0.251649,0.117592
6727,0.257409,0.117117
6728,0.262688,0.117659
6729,0.241670,0.117529
6730,0.262558,0.116576
6731,0.260370,0.114850
6732,0.257680,0.116635
6733,0.243731,0.118286
6734,0.250142,0.119282
6735,0.252690,0.116971
6736,0.250208,0.118098
6737,0.250797,0.119143
6738,0.241601,0.118001
6739,0.234690,0.116816
6740,0.250605,0.117337
6741,0.245762,0.118049
6742,0.243723,0.118331
6743,0.236599,0.118085
6744,0.244977,0.115842
6745,0.247578,0.117994
6746,0.235043,0.118938
6747,0.265553,0.117079
6748,0.256303,0.117024
6749,0.240032,0.116252
6750,0.254781,0.115860
6751,0.245831,0.118268
6752,0.250569,0.115708
6753,0.261208,0.116570
6754,0.249044,0.116293
6755,0.271416,0.117469
6756,0.260284,0.117788
6757,0.243130,0.115762
6758,0.243993,0.116340
6759,0.254511,0.116713
6760,0.262784,0.117138
6761,0.266065,0.116777
6762,0.254846,0.117085
6763,0.278479,0.116107
6764,0.259183,0.116643
6765,0.258290,0.116543
6766,0.246575,0.116572
6767,0.243107,0.115964
6768,0.261187,0.116953
6769,0.250041,0.117689
6770,0.246372,0.116365
6771,0.262087,0.116624
6772,0.242382,0.116586
6773,0.263151,0.116886
6774,0.259191,0.117499
6775,0.248815,0.117176
6776,0.241247,0.116498
6777,0.264102,0.116431
6778,0.272057,0.116438
6779,0.263427,0.116464
6780,0.263456,0.115844
6781,0.255294,0.117239
6782,0.259093,0.118491
6783,0.266527,0.116073
6784,0.257513,0.116044
6785,0.258295,0.116585
6786,0.251928,0.116781
6787,0.248510,0.117443
6788,0.246414,0.116694
6789,0.260051,0.115942
6790,0.262348,0.116706
6791,0.274414,0.116748
6792,0.276489,0.115997
6793,0.259570,0.116759
6794,0.251385,0.118271
6795,0.257312,0.119059
6796,0.274898,0.115900
6797,0.268289,0.116183
6798,0.258288,0.116650
6799,0.260698,0.117257
6800,0.295183,0.117173
6801,0.269287,0.116846
6802,0.251954,0.116251
6803,0.277295,0.115830
6804,0.265751,0.115948
6805,0.256581,0.117792
6806,0.300466,0.118494
6807,0.296564,0.117530
6808,0.252639,0.115663
6809,0.236983,0.116431
6810,0.267367,0.116851
6811,0.259308,0.116674
6812,0.266309,0.116857
6813,0.248875,0.116998
6814,0.255052,0.117296
6815,0.270046,0.117152
6816,0.256274,0.115029
6817,0.248560,0.115934
6818,0.252411,0.117542
6819,0.282890,0.117042
6820,0.255127,0.117257
6821,0.251545,0.116013
6822,0.293280,0.117872
6823,0.242617,0.118858
6824,0.250710,0.116633
6825,0.250062,0.116452
6826,0.242109,0.116948
6827,0.254416,0.117303
6828,0.248186,0.117073
6829,0.242743,0.117380
6830,0.249018,0.116948
6831,0.257297,0.117692
6832,0.247337,0.116330
6833,0.252998,0.115056
6834,0.253542,0.116332
6835,0.276362,0.116321
6836,0.252383,0.115743
6837,0.264943,0.116788
6838,0.260242,0.117760
6839,0.266976,0.116879
6840,0.248427,0.118509
6841,0.261466,0.116188
6842,0.248880,0.116499
6843,0.258644,0.117022
6844,0.268904,0.117205
6845,0.264994,0.117285
6846,0.250388,0.117005
6847,0.268327,0.117506
6848,0.245089,0.117308
6849,0.275319,0.116312
6850,0.249421,0.116016
6851,0.260625,0.117182
6852,0.253265,0.116985
6853,0.247715,0.118336
6854,0.252967,0.118110
6855,0.246806,0.117438
6856,0.260522,0.115708
6857,0.260895,0.116019
6858,0.241333,0.117772
6859,0.256222,0.116025
6860,0.240571,0.116470
6861,0.252839,0.117393
6862,0.253762,0.117828
6863,0.254886,0.117102
6864,0.249469,0.116942
6865,0.256828,0.115843
6866,0.259912,0.116622
6867,0.248481,0.117132
6868,0.245588,0.116917
6869,0.266803,0.116264
6870,0.256501,0.117253
6871,0.254254,0.118105
6872,0.250171,0.116715
6873,0.255846,0.116123
6874,0.252191,0.116938
6875,0.254045,0.117060
6876,0.261852,0.117550
6877,0.242314,0.114857
6878,0.257514,0.116428
6879,0.286503,0.116684
6880,0.275540,0.117017
6881,0.264648,0.116923
6882,0.265406,0.116079
6883,0.264818,0.115943
6884,0.251813,0.117695
6885,0.245490,0.116799
6886,0.267815,0.116735
6887,0.261004,0.117235
6888,0.257541,0.117470
6889,0.263721,0.116034
6890,0.266259,0.115421
6891,0.256656,0.116739
6892,0.262074,0.117257
6893,0.265166,0.117130
6894,0.293704,0.116636
6895,0.246472,0.115988
6896,0.247810,0.117118
6897,0.253307,0.116998
6898,0.258588,0.117526
6899,0.256692,0.116976
6900,0.258655,0.117577
6901,0.237598,0.117401
6902,0.258676,0.117677
6903,0.246781,0.116343
6904,0.246390,0.116648
6905,0.253005,0.115907
6906,0.261030,0.116971
6907,0.252159,0.117444
6908,0.240290,0.115973
6909,0.260602,0.116621
6910,0.256400,0.117539
6911,0.261489,0.117188
6912,0.247315,0.117049
6913,0.246491,0.114536
6914,0.263862,0.116626
6915,0.256926,0.117372
6916,0.246174,0.116969
6917,0.252792,0.117194
6918,0.252144,0.115503
6919,0.263398,0.116753
6920,0.253292,0.118674
6921,0.249719,0.117119
6922,0.248763,0.116614
6923,0.246002,0.117384
6924,0.253196,0.117063
6925,0.259080,0.116889
6926,0.247312,0.115768
6927,0.243363,0.116583
6928,0.243011,0.117262
6929,0.265823,0.116635
6930,0.263290,0.117018
6931,0.263322,0.116502
6932,0.243626,0.119191
6933,0.269763,0.119036
6934,0.263686,0.116479
6935,0.270452,0.116149
6936,0.246142,0.116506
6937,0.274628,0.116163
6938,0.274403,0.116591
6939,0.268179,0.117263
6940,0.250205,0.117707
6941,0.272185,0.118542
6942,0.254183,0.117403
6943,0.264895,0.116431
6944,0.257079,0.116857
6945,0.247848,0.115775
6946,0.249140,0.117355
6947,0.270100,0.117395
6948,0.250103,0.117201
6949,0.244408,0.115894
6950,0.249540,0.117357
6951,0.243198,0.116806
6952,0.263369,0.116206
6953,0.247908,0.118933
6954,0.273057,0.117490
6955,0.275240,0.116900
6956,0.258509,0.117598
6957,0.248611,0.117030
6958,0.281214,0.116106
6959,0.261300,0.115791
6960,0.259126,0.116467
6961,0.251217,0.117726
6962,0.262553,0.116984
6963,0.247668,0.117538
6964,0.249635,0.115850
6965,0.259214,0.116592
6966,0.246290,0.118373
6967,0.232341,0.116659
6968,0.269693,0.116661
6969,0.252837,0.117345
6970,0.276858,0.117367
6971,0.267026,0.117437
6972,0.246744,0.117196
6973,0.266106,0.116368
6974,0.268662,0.116614
6975,0.259431,0.116634
6976,0.248119,0.116746
6977,0.254570,0.116024
6978,0.252350,0.117061
6979,0.248161,0.117370
6980,0.235481,0.116541
6981,0.246734,0.116381
6982,0.262528,0.117126
6983,0.249167,0.117257
6984,0.254980,0.117227
6985,0.254926,0.117223
6986,0.244530,0.116056
6987,0.279924,0.117043
6988,0.248353,0.116443
6989,0.244265,0.116454
6990,0.257240,0.115833
6991,0.279331,0.117894
6992,0.249660,0.118793
6993,0.260481,0.117095
6994,0.258901,0.115871
6995,0.245162,0.116650
6996,0.260649,0.116817
6997,0.250316,0.117919
6998,0.245827,0.117336
6999,0.254647,0.116174
7000,0.255922,0.116450
7001,0.251598,0.117891
7002,0.246349,0.117684
7003,0.241325,0.117318
7004,0.245273,0.117466
7005,0.244895,0.116164
7006,0.236317,0.116315
7007,0.255580,0.117510
7008,0.253001,0.116995
7009,0.251987,0.116882
7010,0.260900,0.117710
7011,0.262633,0.117389
7012,0.252841,0.115743
7013,0.255447,0.115505
7014,0.251437,0.116501
7015,0.246888,0.117585
7016,0.257788,0.116760
7017,0.243490,0.117085
7018,0.254723,0.115577
7019,0.247846,0.116969
7020,0.246873,0.118633
7021,0.251420,0.117132
7022,0.246866,0.116812
7023,0.252720,0.116959
7024,0.238556,0.115878
7025,0.281408,0.115827
7026,0.263135,0.115603
7027,0.251312,0.116711
7028,0.243469,0.117307
7029,0.258466,0.117041
7030,0.248380,0.115619
7031,0.259974,0.116620
7032,0.239283,0.117691
7033,0.254020,0.117315
7034,0.246996,0.117539
7035,0.243673,0.117489
7036,0.286169,0.118278
7037,0.258772,0.117895
7038,0.250159,0.117395
7039,0.255218,0.116785
7040,0.240491,0.116355
7041,0.248955,0.116774
7042,0.247068,0.116756
7043,0.284914,0.116808
7044,0.256287,0.116518
7045,0.243493,0.119150
7046,0.249069,0.118873
7047,0.244728,0.116938
7048,0.251203,0.115578
7049,0.258579,0.116605
7050,0.272775,0.116862
7051,0.242064,0.118695
7052,0.252653,0.117452
7053,0.246478,0.117666
7054,0.256302,0.116225
7055,0.251594,0.116056
7056,0.260172,0.117244
7057,0.263943,0.116710
7058,0.246158,0.116917
7059,0.251774,0.115425
7060,0.259933,0.115872
7061,0.248063,0.118031
7062,0.249192,0.117089
7063,0.253070,0.117284
7064,0.256635,0.117234
7065,0.248010,0.116535
7066,0.246302,0.115240
7067,0.248579,0.115543
7068,0.243578,0.116767
7069,0.252874,0.117578
7070,0.243887,0.117018
7071,0.249466,0.115932
7072,0.257199,0.116345
7073,0.253738,0.117079
7074,0.247776,0.117165
7075,0.263374,0.116913
7076,0.258889,0.116785
7077,0.260336,0.116702
7078,0.228340,0.115977
7079,0.287548,0.115951
7080,0.288642,0.115618
7081,0.261347,0.116945
7082,0.273660,0.117660
7083,0.291326,0.117190
7084,0.269527,0.116471
7085,0.257475,0.117389
7086,0.250444,0.116363
7087,0.279276,0.116844
7088,0.266986,0.117186
7089,0.253022,0.116777
7090,0.270285,0.117300
7091,0.259211,0.116312
7092,0.271066,0.116596
7093,0.264698,0.115850
7094,0.249222,0.117127
7095,0.268885,0.118020
7096,0.302180,0.116295
7097,0.287524,0.116179
7098,0.243548,0.116975
7099,0.253656,0.117331
7100,0.274595,0.117288
7101,0.289232,0.117265
7102,0.258785,0.116046
7103,0.270598,0.115599
7104,0.271294,0.116301
7105,0.311113,0.117338
7106,0.256026,0.118012
7107,0.245321,0.117325
7108,0.268666,0.115589
7109,0.283834,0.116727
7110,0.269328,0.117329
7111,0.270329,0.116983
7112,0.254651,0.116985
7113,0.264733,0.116805
7114,0.250840,0.116122
7115,0.269517,0.116134
7116,0.268481,0.115865
7117,0.262536,0.117015
7118,0.261410,0.117959
7119,0.262046,0.116075
7120,0.245612,0.116423
7121,0.263327,0.117081
7122,0.269907,0.117107
7123,0.258059,0.117387
7124,0.255139,0.115798
7125,0.251342,0.115791
7126,0.252638,0.117440
7127,0.255784,0.116972
7128,0.252616,0.117171
7129,0.266390,0.116106
7130,0.277970,0.115250
7131,0.261170,0.117836
7132,0.263412,0.117053
7133,0.244533,0.117039
7134,0.270570,0.117616
7135,0.253430,0.117213
7136,0.252828,0.116901
7137,0.252296,0.116432
7138,0.263890,0.116286
7139,0.265549,0.118046
7140,0.265349,0.117764
7141,0.273883,0.117586
7142,0.263451,0.116178
7143,0.258523,0.117567
7144,0.266620,0.117417
7145,0.253174,0.116561
7146,0.244888,0.115887
7147,0.260262,0.116422
7148,0.252532,0.117943
7149,0.271148,0.118257
7150,0.251287,0.117009
7151,0.295858,0.117630
7152,0.257746,0.117219
7153,0.265775,0.116254
7154,0.247661,0.117153
7155,0.250251,0.116252
7156,0.272542,0.116466
7157,0.257732,0.115936
7158,0.259344,0.116824
7159,0.252659,0.117872
7160,0.273760,0.117178
7161,0.254524,0.116429
7162,0.254434,0.116787
7163,0.273542,0.116772
7164,0.253571,0.116832
7165,0.262995,0.117175
7166,0.245151,0.117106
7167,0.246546,0.117310
7168,0.252089,0.115970
7169,0.257070,0.116152
7170,0.242859,0.116064
7171,0.259220,0.117094
7172,0.252881,0.117944
7173,0.276072,0.117123
7174,0.287180,0.117723
7175,0.274972,0.116363
7176,0.259128,0.117452
7177,0.254638,0.117956
7178,0.271902,0.116441
7179,0.268771,0.116491
7180,0.271034,0.117499
7181,0.265179,0.117571
7182,0.257351,0.117374
7183,0.262107,0.116547
7184,0.253179,0.115621
7185,0.246765,0.117537
7186,0.253559,0.116600
7187,0.238766,0.117049
7188,0.259941,0.116554
7189,0.256670,0.117618
7190,0.253474,0.118050
7191,0.271348,0.117689
7192,0.247786,0.116969
7193,0.260686,0.116936
7194,0.257723,0.117103
7195,0.252633,0.116976
7196,0.257632,0.117156
7197,0.248917,0.116835
7198,0.257938,0.117415
7199,0.262058,0.116344
7200,0.259180,0.116202
7201,0.261599,0.117535
7202,0.251361,0.116956
7203,0.254449,0.116230
7204,0.278463,0.117462
7205,0.255054,0.117891
7206,0.260268,0.116261
7207,0.271571,0.116156
7208,0.255874,0.117075
7209,0.271483,0.116928
7210,0.263091,0.116944
7211,0.264299,0.115672
7212,0.260548,0.116087
7213,0.269698,0.117425
7214,0.285063,0.117089
7215,0.240821,0.117297
7216,0.254334,0.116101
7217,0.259288,0.116183
7218,0.261596,0.118244
7219,0.266959,0.116512
7220,0.271303,0.116906
7221,0.248374,0.117294
7222,0.246018,0.117021
7223,0.241341,0.115766
7224,0.245741,0.115457
7225,0.297592,0.116694
7226,0.256341,0.117631
7227,0.249175,0.117302
7228,0.248285,0.117245
7229,0.285147,0.115684
7230,0.240031,0.115994
7231,0.241015,0.116767
7232,0.237503,0.117130
7233,0.288082,0.116815
7234,0.272072,0.117848
7235,0.246241,0.116271
7236,0.259212,0.115815
7237,0.263320,0.115470
7238,0.290736,0.116647
7239,0.248746,0.117614
7240,0.256671,0.117395
7241,0.270496,0.115984
7242,0.271352,0.116825
7243,0.247951,0.116650
7244,0.257594,0.116635
7245,0.252204,0.116984
7246,0.250097,0.116913
7247,0.260625,0.118373
7248,0.260172,0.117307
7249,0.265048,0.115413
7250,0.262100,0.115722
7251,0.250631,0.117384
7252,0.255829,0.116227
7253,0.261330,0.118153
7254,0.256050,0.118405
7255,0.260706,0.117547
7256,0.271773,0.116799
7257,0.244227,0.116434
7258,0.262521,0.116438
7259,0.263391,0.117772
7260,0.249549,0.117158
7261,0.249739,0.117150
7262,0.262647,0.117641
7263,0.268434,0.116205
7264,0.257135,0.116474
7265,0.255299,0.116505
7266,0.249297,0.116812
7267,0.254357,0.117641
7268,0.247832,0.117024
7269,0.270903,0.116346
7270,0.269538,0.116152
7271,0.253276,0.116728
7272,0.268321,0.116839
7273,0.260914,0.117099
7274,0.271624,0.116994
7275,0.262787,0.117441
7276,0.251052,0.116982
7277,0.265549,0.116688
7278,0.262273,0.116218
7279,0.259022,0.117444
7280,0.250236,0.117775
7281,0.269222,0.116534
7282,0.263573,0.115656
7283,0.289606,0.117213
7284,0.265057,0.115683
7285,0.247492,0.117185
7286,0.264466,0.115323
7287,0.249214,0.116240
7288,0.266775,0.116692
7289,0.268791,0.115586
7290,0.266129,0.115637
7291,0.251710,0.116672
7292,0.266483,0.114562
7293,0.269345,0.116804
7294,0.252112,0.116171
7295,0.276551,0.116327
7296,0.267210,0.115660
7297,0.254709,0.117557
7298,0.251730,0.115879
7299,0.246957,0.115942
7300,0.263491,0.117197
7301,0.245318,0.116640
7302,0.263208,0.117001
7303,0.253073,0.116111
7304,0.259581,0.115563
7305,0.263572,0.117134
7306,0.257678,0.115146
7307,0.259481,0.115398
7308,0.264348,0.118162
7309,0.249497,0.115601
7310,0.255190,0.116933
7311,0.247105,0.116840
7312,0.269006,0.115893
7313,0.258985,0.116502
7314,0.251898,0.116947
7315,0.266082,0.116810
7316,0.251462,0.115493
7317,0.254264,0.117127
7318,0.253338,0.116088
7319,0.261388,0.116808
7320,0.260555,0.115796
7321,0.254652,0.115468
7322,0.265943,0.115661
7323,0.284584,0.116197
7324,0.248416,0.116961
7325,0.265087,0.115549
7326,0.263992,0.115618
7327,0.269833,0.115768
7328,0.271867,0.116116
7329,0.282004,0.117364
7330,0.261383,0.115787
7331,0.256493,0.117536
7332,0.238423,0.117392
7333,0.251160,0.115389
7334,0.262557,0.117330
7335,0.266289,0.116901
7336,0.258475,0.115982
7337,0.261414,0.117440
7338,0.269392,0.115394
7339,0.257340,0.116778
7340,0.251808,0.116392
7341,0.275074,0.117164
7342,0.275035,0.115139
7343,0.264301,0.116413
7344,0.256853,0.116271
7345,0.252995,0.115755
7346,0.266278,0.115582
7347,0.254911,0.116757
7348,0.263519,0.117263
7349,0.256711,0.117057
7350,0.263282,0.118552
7351,0.598272,0.117628
7352,0.260619,0.116883
7353,0.275664,0.117643
7354,0.265178,0.116967
7355,0.258568,0.117418
7356,0.257802,0.117307
7357,0.251987,0.116126
7358,0.285110,0.116831
7359,0.258062,0.116600
7360,0.276836,0.116600
7361,0.264182,0.117087
7362,0.254294,0.118731
7363,0.252305,0.118860
7364,0.257902,0.118100
7365,0.257110,0.117135
7366,0.256270,0.116214
7367,0.262389,0.117246
7368,0.256815,0.118259
7369,0.272981,0.116303
7370,0.267155,0.116871
7371,0.286421,0.116670
7372,0.263321,0.117579
7373,0.253782,0.118411
7374,0.263031,0.117421
7375,0.253804,0.117503
7376,0.265835,0.118500
7377,0.257436,0.117472
7378,0.262927,0.117882
7379,0.262626,0.116491
7380,0.274177,0.117551
7381,0.265752,0.118488
7382,0.248498,0.117801
7383,0.284184,0.118769
7384,0.258063,0.119195
7385,0.280827,0.116649
7386,0.276775,0.117215
7387,0.265869,0.117368
7388,0.263590,0.115413
7389,0.276418,0.116859
7390,0.289935,0.116522
7391,0.255520,0.117165
7392,0.270489,0.115503
7393,0.269777,0.117374
7394,0.252858,0.118385
7395,0.256647,0.118060
7396,0.276058,0.116151
7397,0.259730,0.116409
7398,0.277080,0.116742
7399,0.268179,0.116730
7400,0.264444,0.119589
7401,0.265280,0.118416
7402,0.255155,0.117952
7403,0.278313,0.117883
7404,0.254259,0.118490
7405,0.290025,0.116276
7406,0.276450,0.116529
7407,0.261468,0.115617
7408,0.258133,0.118072
7409,0.290393,0.118958
7410,0.264320,0.119066
7411,0.269315,0.119338
7412,0.258699,0.120406
7413,0.264440,0.118311
7414,0.258492,0.119305
7415,0.283241,0.117013
7416,0.282850,0.116905
7417,0.258873,0.117926
7418,0.268657,0.117653
7419,0.281382,0.116470
7420,0.277574,0.116532
7421,0.258166,0.117180
7422,0.283399,0.117457
7423,0.252796,0.116654
7424,0.282955,0.116979
7425,0.262780,0.118653
7426,0.255967,0.117265
7427,0.276281,0.117852
7428,0.261767,0.116533
7429,0.266412,0.116011
7430,0.269674,0.117259
7431,0.263677,0.116563
7432,0.275925,0.117152
7433,0.273640,0.115967
7434,0.272170,0.118042
7435,0.275353,0.118157
7436,0.286545,0.115379
7437,0.263286,0.117080
7438,0.259224,0.117481
7439,0.256872,0.117498
7440,0.293461,0.117435
7441,0.290955,0.115559
7442,0.262667,0.115590
7443,0.269422,0.116964
7444,0.292532,0.116895
7445,0.268344,0.117107
7446,0.247362,0.115340
7447,0.267484,0.117552
7448,0.263330,0.118123
7449,0.277352,0.116820
7450,0.258179,0.116703
7451,0.273884,0.118217
7452,0.257660,0.117466
7453,0.289055,0.118153
7454,0.289964,0.117187
7455,0.265715,0.117539
7456,0.273814,0.117214
7457,0.267880,0.117291
7458,0.245768,0.117528
7459,0.255756,0.117842
7460,0.265278,0.118020
7461,0.270443,0.117692
7462,0.255778,0.118387
7463,0.272942,0.119242
7464,0.266727,0.117408
7465,0.255227,0.117098
7466,0.253520,0.115983
7467,0.275906,0.116158
7468,0.273036,0.117930
7469,0.263147,0.116478
7470,0.253761,0.118053
7471,0.252570,0.119403
7472,0.266841,0.118856
7473,0.278401,0.117688
7474,0.280406,0.117640
7475,0.275289,0.116870
7476,0.263186,0.116947
7477,0.263501,0.116620
7478,0.281273,0.117083
7479,0.272676,0.116307
7480,0.269678,0.118824
7481,0.271607,0.119523
7482,0.256487,0.118016
7483,0.273154,0.117994
7484,0.255206,0.115790
7485,0.271397,0.117052
7486,0.268782,0.118579
7487,0.267928,0.116740
7488,0.265618,0.116385
7489,0.262181,0.117760
7490,0.279974,0.118295
7491,0.263206,0.118396
7492,0.281886,0.117528
7493,0.276557,0.117820
7494,0.258771,0.118641
7495,0.257043,0.116968
7496,0.272038,0.117443
7497,0.289333,0.117627
7498,0.261945,0.117581
7499,0.254521,0.118992
7500,0.263871,0.116678
7501,0.253979,0.118890
7502,0.271731,0.116978
7503,0.266495,0.117189
7504,0.260671,0.117385
7505,0.256657,0.119054
7506,0.256289,0.119599
7507,0.266911,0.117231
7508,0.276043,0.117968
7509,0.259959,0.116276
7510,0.292747,0.117772
7511,0.265872,0.117405
7512,0.251584,0.117249
7513,0.260054,0.118050
7514,0.248304,0.119890
7515,0.270277,0.117515
7516,0.268648,0.117742
7517,0.265373,0.118385
7518,0.273386,0.118105
7519,0.265370,0.118518
7520,0.270684,0.117726
7521,0.263788,0.118359
7522,0.257631,0.118224
7523,0.255677,0.118903
7524,0.276458,0.119076
7525,0.259099,0.119680
7526,0.258420,0.119561
7527,0.263060,0.118446
7528,0.268659,0.117985
7529,0.269159,0.117465
7530,0.265713,0.116246
7531,0.256114,0.119107
7532,0.269676,0.118373
7533,0.257928,0.118267
7534,0.271136,0.116424
7535,0.261301,0.116637
7536,0.269676,0.117628
7537,0.263407,0.117520
7538,0.275163,0.116921
7539,0.275978,0.117194
7540,0.254012,0.117822
7541,0.262451,0.116451
7542,0.254148,0.116342
7543,0.265817,0.115125
7544,0.262619,0.116476
7545,0.261174,0.117698
7546,0.270983,0.117460
7547,0.276331,0.116879
7548,0.264485,0.116658
7549,0.267855,0.117125
7550,0.257843,0.117174
7551,0.266965,0.118228
7552,0.289285,0.117312
7553,0.270476,0.115367
7554,0.245616,0.116507
7555,0.266365,0.118257
7556,0.268941,0.117135
7557,0.262811,0.117036
7558,0.285191,0.116125
7559,0.252858,0.116820
7560,0.281144,0.117329
7561,0.285854,0.116420
7562,0.281611,0.116832
7563,0.252511,0.117943
7564,0.284666,0.117093
7565,0.266479,0.115888
7566,0.259216,0.116018
7567,0.251012,0.117043
7568,0.281187,0.117405
7569,0.268595,0.116835
7570,0.266013,0.117447
7571,0.270352,0.116598
7572,0.277675,0.117967
7573,0.258177,0.118141
7574,0.273021,0.116526
7575,0.265756,0.116610
7576,0.261908,0.117984
7577,0.241820,0.117569
7578,0.261898,0.117243
7579,0.260796,0.116635
7580,0.260161,0.116062
7581,0.259436,0.116624
7582,0.275264,0.116518
7583,0.259956,0.116737
7584,0.251071,0.116387
7585,0.282907,0.117408
7586,0.299268,0.117970
7587,0.265149,0.116778
7588,0.272092,0.117006
7589,0.285324,0.117449
7590,0.265662,0.117198
7591,0.292609,0.116395
7592,0.256923,0.115216
7593,0.263762,0.116806
7594,0.258447,0.117681
7595,0.260745,0.117107
7596,0.247911,0.116199
7597,0.252470,0.116790
7598,0.250292,0.117767
7599,0.265984,0.117299
7600,0.262768,0.115645
7601,0.253688,0.117043
7602,0.259025,0.116074
7603,0.256891,0.116560
7604,0.242874,0.118659
7605,0.253095,0.119405
7606,0.265937,0.117498
7607,0.263012,0.116282
7608,0.282736,0.116513
7609,0.298602,0.118209
7610,0.271199,0.116768
7611,0.270651,0.116950
7612,0.265471,0.118063
7613,0.272215,0.118812
7614,0.289018,0.117304
7615,0.253798,0.117158
7616,0.259163,0.116270
7617,0.250896,0.116731
7618,0.281265,0.116636
7619,0.273005,0.116716
7620,0.252319,0.116014
7621,0.265053,0.117839
7622,0.259149,0.118309
7623,0.275225,0.116288
7624,0.288091,0.116934
7625,0.259527,0.117076
7626,0.253077,0.117013
7627,0.263437,0.117366
7628,0.279688,0.117673
7629,0.259974,0.117424
7630,0.254809,0.117543
7631,0.264577,0.116383
7632,0.265239,0.116925
7633,0.270358,0.116266
7634,0.253677,0.116998
7635,0.267188,0.118579
7636,0.258815,0.116635
7637,0.252401,0.116789
7638,0.253577,0.117847
7639,0.255244,0.117998
7640,0.278941,0.117292
7641,0.275614,0.117344
7642,0.257744,0.116805
7643,0.266165,0.118010
7644,0.249268,0.117591
7645,0.246067,0.117609
7646,0.270868,0.116185
7647,0.267671,0.118010
7648,0.249682,0.119175
7649,0.249469,0.118096
7650,0.284750,0.118482
7651,0.285996,0.121165
7652,0.250959,0.117472
7653,0.251821,0.117374
7654,0.278827,0.116530
7655,0.279917,0.116089
7656,0.246509,0.116787
7657,0.251060,0.117064
7658,0.283957,0.117859
7659,0.254990,0.117363
7660,0.249585,0.116349
7661,0.253335,0.117346
7662,0.277513,0.117013
7663,0.284715,0.117659
7664,0.262114,0.117268
7665,0.252157,0.117173
7666,0.265284,0.117628
7667,0.253257,0.116174
7668,0.261458,0.116181
7669,0.257346,0.116791
7670,0.258517,0.117187
7671,0.271270,0.118141
7672,0.251787,0.117473
7673,0.262480,0.117439
7674,0.270244,0.116954
7675,0.248921,0.116980
7676,0.271272,0.116941
7677,0.255520,0.117257
7678,0.271046,0.117438
7679,0.265030,0.118547
7680,0.249610,0.117758
7681,0.266726,0.117412
7682,0.259152,0.117834
7683,0.251638,0.117991
7684,0.275724,0.118098
7685,0.260269,0.117578
7686,0.269766,0.117843
7687,0.267574,0.116211
7688,0.249001,0.117730
7689,0.268134,0.117797
7690,0.261436,0.117143
7691,0.260031,0.118670
7692,0.274284,0.120407
7693,0.267278,0.119756
7694,0.259363,0.120413
7695,0.256260,0.118064
7696,0.255895,0.121572
7697,0.273030,0.123585
7698,0.250193,0.120802
7699,0.254188,0.121785
7700,0.254874,0.123185
7701,0.257503,0.120987
7702,0.255870,0.121177
7703,0.264628,0.121322
7704,0.275173,0.120599
7705,0.258134,0.122834
7706,0.263413,0.121794
7707,0.262293,0.120912
7708,0.276709,0.119398
7709,0.261107,0.120040
7710,0.251700,0.119350
7711,0.257362,0.121339
7712,0.257954,0.120744
7713,0.249866,0.122246
7714,0.247229,0.119941
7715,0.290765,0.120220
7716,0.287280,0.121412
7717,0.268928,0.119648
7718,0.265049,0.120543
7719,0.262875,0.118996
7720,0.276339,0.121777
7721,0.271963,0.123147
7722,0.269064,0.120596
7723,0.274390,0.120436
7724,0.278377,0.122161
7725,0.261927,0.120073
7726,0.276592,0.118980
7727,0.260615,0.118587
7728,0.256855,0.118865
7729,0.256451,0.120681
7730,0.260516,0.117605
7731,0.254876,0.118596
7732,0.263423,0.118801
7733,0.278678,0.118873
7734,0.274848,0.117409
7735,0.272655,0.118523
7736,0.262172,0.117681
7737,0.279272,0.118184
7738,0.269231,0.117108
7739,0.258116,0.116906
7740,0.248538,0.118543
7741,0.279277,0.117389
7742,0.279825,0.115653
7743,0.269774,0.116570
7744,0.296500,0.116410
7745,0.265720,0.117506
7746,0.263615,0.117776
7747,0.257790,0.117559
7748,0.266537,0.117950
7749,0.283668,0.118211
7750,0.276549,0.117807
7751,0.264962,0.118366
7752,0.264994,0.116859
7753,0.303237,0.117272
7754,0.263970,0.118308
7755,0.250041,0.117867
7756,0.270447,0.118173
7757,0.263803,0.117367
7758,0.255872,0.118157
7759,0.262544,0.117497
7760,0.246613,0.117751
7761,0.259684,0.118399
7762,0.263408,0.118715
7763,0.273645,0.121213
7764,0.266886,0.120168
7765,0.261274,0.117765
7766,0.256915,0.120138
7767,0.252708,0.120844
7768,0.278235,0.118968
7769,0.256565,0.119184
7770,0.240698,0.118187
7771,0.250355,0.119313
7772,0.270497,0.119832
7773,0.254344,0.118165
7774,0.262365,0.118544
7775,0.270330,0.117682
7776,0.281529,0.116217
7777,0.270981,0.118662
7778,0.265658,0.118512
7779,0.279571,0.118580
7780,0.284633,0.117153
7781,0.271500,0.117459
7782,0.255033,0.115634
7783,0.264580,0.116983
7784,0.253703,0.117733
7785,0.254876,0.116635
7786,0.278529,0.117304
7787,0.253415,0.118585
7788,0.281275,0.117201
7789,0.253358,0.118068
7790,0.246368,0.117762
7791,0.274012,0.118098
7792,0.263638,0.118350
7793,0.277266,0.117263
7794,0.281118,0.117984
7795,0.264275,0.116405
7796,0.257791,0.117432
7797,0.255190,0.118143
7798,0.277158,0.115528
7799,0.274584,0.116352
7800,0.262702,0.117924
7801,0.257369,0.118500
7802,0.273845,0.118303
7803,0.278959,0.117794
7804,0.260588,0.119352
7805,0.249804,0.117322
7806,0.258407,0.118851
7807,0.266184,0.118923
7808,0.271838,0.118460
7809,0.263547,0.117457
7810,0.273759,0.116536
7811,0.273144,0.118530
7812,0.266577,0.118152
7813,0.279126,0.120341
7814,0.271057,0.119827
7815,0.264438,0.120228
7816,0.274367,0.118455
7817,0.264909,0.119072
7818,0.281905,0.118453
7819,0.264066,0.119149
7820,0.264171,0.118048
7821,0.272638,0.117800
7822,0.291436,0.117471
7823,0.275777,0.118489
7824,0.249110,0.119249
7825,0.279091,0.119025
7826,0.265141,0.118124
7827,0.283318,0.118566
7828,0.257985,0.119232
7829,0.256031,0.119289
7830,0.263664,0.119002
7831,0.254871,0.116984
7832,0.259331,0.119261
7833,0.268853,0.120887
7834,0.265175,0.119413
7835,0.277319,0.118825
7836,0.259969,0.120215
7837,0.259162,0.118867
7838,0.255834,0.118392
7839,0.273662,0.118523
7840,0.267796,0.118509
7841,0.269660,0.118843
7842,0.272663,0.117673
7843,0.274137,0.118567
7844,0.255563,0.119594
7845,0.266498,0.119679
7846,0.269633,0.118689
7847,0.287623,0.116349
7848,0.266993,0.118352
7849,0.270961,0.120305
7850,0.267728,0.117949
7851,0.269891,0.118675
7852,0.267247,0.117932
7853,0.253989,0.116909
7854,0.274331,0.117437
7855,0.300452,0.117770
7856,0.285543,0.117938
7857,0.268867,0.115867
7858,0.259726,0.117546
7859,0.300876,0.118285
7860,0.266292,0.117210
7861,0.273634,0.117322
7862,0.259112,0.118163
7863,0.249725,0.117199
7864,0.295589,0.117457
7865,0.276602,0.114366
7866,0.257076,0.116373
7867,0.276138,0.118263
7868,0.252651,0.117143
7869,0.272311,0.117414
7870,0.254854,0.115933
7871,0.278417,0.116896
7872,0.275853,0.118282
7873,0.249547,0.117173
7874,0.253690,0.117175
7875,0.273626,0.118624
7876,0.281051,0.117315
7877,0.249062,0.116610
7878,0.272377,0.115552
7879,0.261038,0.116385
7880,0.244245,0.118758
7881,0.266767,0.117265
7882,0.246364,0.117951
7883,0.256620,0.116197
7884,0.252011,0.118927
7885,0.256507,0.117636
7886,0.245286,0.116565
7887,0.257776,0.116404
7888,0.289588,0.117582
7889,0.253299,0.116775
7890,0.258344,0.117749
7891,0.269606,0.116675
7892,0.280515,0.116605
7893,0.255329,0.118224
7894,0.263587,0.117071
7895,0.254728,0.117199
7896,0.249928,0.115735
7897,0.277148,0.117152
7898,0.260487,0.118359
7899,0.260130,0.116742
7900,0.255094,0.117422
7901,0.279916,0.118771
7902,0.277390,0.117400
7903,0.269430,0.118799
7904,0.258304,0.116713
7905,0.258147,0.117592
7906,0.268211,0.116457
7907,0.275547,0.118079
7908,0.264831,0.118886
7909,0.258124,0.118534
7910,0.267624,0.119045
7911,0.275739,0.120079
7912,0.275818,0.120157
7913,0.262941,0.120259
7914,0.271049,0.118109
7915,0.271117,0.120123
7916,0.263639,0.120274
7917,0.253324,0.120423
7918,0.272991,0.120237
7919,0.262626,0.120870
7920,0.266863,0.119179
7921,0.263220,0.119314
7922,0.265687,0.123782
7923,0.256706,0.122960
7924,0.259972,0.121458
7925,0.283124,0.121625
7926,0.254701,0.119521
7927,0.265712,0.121799
7928,0.271834,0.120214
7929,0.271764,0.120319
7930,0.261875,0.119234
7931,0.271984,0.120230
7932,0.258503,0.118289
7933,0.262314,0.118117
7934,0.277152,0.117322
7935,0.263000,0.117851
7936,0.290124,0.118935
7937,0.281157,0.117250
7938,0.265505,0.115915
7939,0.269271,0.116744
7940,0.256566,0.118861
7941,0.265869,0.118426
7942,0.258023,0.117856
7943,0.284958,0.116444
7944,0.263469,0.117557
7945,0.272772,0.117887
7946,0.253259,0.115979
7947,0.266761,0.116422
7948,0.283953,0.118164
7949,0.274689,0.117587
7950,0.280189,0.117782
7951,0.258890,0.117999
7952,0.270127,0.126140
7953,0.268877,0.121541
7954,0.282809,0.122044
7955,0.272819,0.121324
7956,0.274870,0.120472
7957,0.271389,0.120770
7958,0.286831,0.123610
7959,0.297400,0.124583
7960,0.266529,0.122535
7961,0.283220,0.121224
7962,0.272419,0.122483
7963,0.278808,0.121944
7964,0.267448,0.120039
7965,0.263740,0.121743
7966,0.287861,0.123520
7967,0.263884,0.116335
7968,0.274795,0.119593
7969,0.265784,0.120122
7970,0.276679,0.119061
7971,0.258909,0.118088
7972,0.273521,0.117027
7973,0.272129,0.117616
7974,0.255543,0.119982
7975,0.277928,0.118968
7976,0.274659,0.117679
7977,0.265046,0.118971
7978,0.268033,0.117035
7979,0.252525,0.117667
7980,0.266541,0.117224
7981,0.276608,0.117979
7982,0.255360,0.118315
7983,0.270670,0.117549
7984,0.266128,0.117976
7985,0.294399,0.117045
7986,0.269167,0.119701
7987,0.258843,0.120328
7988,0.262294,0.119299
7989,0.267795,0.117479
7990,0.262507,0.121794
7991,0.258194,0.120097
7992,0.270673,0.120055
7993,0.266715,0.120384
7994,0.266702,0.120571
7995,0.264241,0.121672
7996,0.264054,0.122500
7997,0.270238,0.123454
7998,0.267155,0.125258
7999,0.284534,0.123071
8000,0.257492,0.122270
8001,0.255191,0.118964
8002,0.273768,0.122390
8003,0.289138,0.120904
8004,0.259803,0.118829
8005,0.278370,0.122581
8006,0.277404,0.120515
8007,0.266906,0.122685
8008,0.263464,0.122719
8009,0.269826,0.122274
8010,0.285436,0.122523
8011,0.265845,0.127093
8012,0.263216,0.126449
8013,0.260014,0.124191
8014,0.281313,0.125514
8015,0.278709,0.124000
8016,0.264544,0.123959
8017,0.260212,0.123518
8018,0.264010,0.122850
8019,0.270153,0.124409
8020,0.259097,0.124921
8021,0.259628,0.122273
8022,0.263918,0.121227
8023,0.259317,0.123181
8024,0.263706,0.124709
8025,0.269982,0.124156
8026,0.262452,0.122861
8027,0.292470,0.121683
8028,0.267762,0.122975
8029,0.263918,0.122675
8030,0.284244,0.121971
8031,0.282494,0.119842
8032,0.269037,0.123674
8033,0.269417,0.122773
8034,0.278086,0.121860
8035,0.266863,0.120062
8036,0.272851,0.120392
8037,0.280695,0.119384
8038,0.259702,0.119127
8039,0.274017,0.117699
8040,0.275510,0.119760
8041,0.279734,0.121255
8042,0.287107,0.118926
8043,0.278016,0.119306
8044,0.270473,0.122642
8045,0.286345,0.120533
8046,0.287777,0.121033
8047,0.284242,0.119796
8048,0.293612,0.122026
8049,0.295585,0.122021
8050,0.268336,0.122055
8051,0.281122,0.123203
8052,0.274308,0.121889
8053,0.272287,0.122794
8054,0.254114,0.121335
8055,0.261648,0.122044
8056,0.264614,0.120483
8057,0.264943,0.121023
8058,0.276498,0.119874
8059,0.283408,0.119537
8060,0.263973,0.118263
8061,0.275035,0.119311
8062,0.257080,0.118840
8063,0.286188,0.117800
8064,0.290839,0.117088
8065,0.267867,0.117388
8066,0.262112,0.117385
8067,0.259441,0.117530
8068,0.270588,0.117760
8069,0.274974,0.116964
8070,0.266333,0.117243
8071,0.260754,0.116582
8072,0.274195,0.116643
8073,0.256639,0.116002
8074,0.267910,0.117519
8075,0.259366,0.117714
8076,0.273664,0.116361
8077,0.262483,0.116535
8078,0.270075,0.118147
8079,0.269924,0.117377
8080,0.282802,0.116488
8081,0.271577,0.117416
8082,0.266356,0.116949
8083,0.274221,0.116193
8084,0.266386,0.118171
8085,0.273578,0.116764
8086,0.269255,0.115345
8087,0.255023,0.117575
8088,0.268235,0.115775
8089,0.255800,0.117359
8090,0.264713,0.115657
8091,0.263065,0.116850
8092,0.273677,0.115981
8093,0.257172,0.115991
8094,0.269771,0.117020
8095,0.264615,0.116354
8096,0.270139,0.116822
8097,0.259145,0.116923
8098,0.283310,0.117831
8099,0.259331,0.116626
8100,0.261762,0.116327
8101,0.275091,0.116347
8102,0.291413,0.116887
8103,0.268875,0.117236
8104,0.268827,0.117052
8105,0.258955,0.117055
8106,0.269039,0.115082
8107,0.274023,0.116879
8108,0.279420,0.115566
8109,0.287016,0.115641
8110,0.258668,0.116517
8111,0.269496,0.116261
8112,0.259793,0.114298
8113,0.292454,0.116792
8114,0.274390,0.116346
8115,0.308414,0.115773
8116,0.273202,0.116459
8117,0.287126,0.117293
8118,0.277632,0.115222
8119,0.266162,0.116886
8120,0.297900,0.117414
8121,0.253157,0.116900
8122,0.258182,0.115913
8123,0.269019,0.117235
8124,0.265774,0.116899
8125,0.299752,0.115830
8126,0.260818,0.117209
8127,0.266558,0.117369
8128,0.290353,0.115490
8129,0.312007,0.118177
8130,0.277942,0.116835
8131,0.274920,0.115588
8132,0.264605,0.118034
8133,0.259140,0.115920
8134,0.278485,0.116902
8135,0.261826,0.116448
8136,0.249317,0.116455
8137,0.262152,0.115924
8138,0.263930,0.115282
8139,0.265368,0.116495
8140,0.268422,0.116093
8141,0.279588,0.116330
8142,0.258912,0.116870
8143,0.257261,0.118342
8144,0.288700,0.116584
8145,0.257875,0.117038
8146,0.263047,0.115199
8147,0.258304,0.116493
8148,0.262398,0.117004
8149,0.279920,0.114872
8150,0.264282,0.116153
8151,0.262828,0.116651
8152,0.267576,0.115535
8153,0.263712,0.116595
8154,0.273731,0.115790
8155,0.264259,0.115400
8156,0.269107,0.116819
8157,0.257415,0.114721
8158,0.285597,0.116972
8159,0.259340,0.117053
8160,0.273824,0.116118
8161,0.270671,0.117089
8162,0.293132,0.118279
8163,0.273434,0.115604
8164,0.270398,0.117256
8165,0.312446,0.117114
8166,0.281523,0.115418
8167,0.276298,0.116798
8168,0.285588,0.117193
8169,0.310635,0.115625
8170,0.287266,0.116619
8171,0.257679,0.116925
8172,0.292120,0.117107
8173,0.264581,0.115401
8174,0.278148,0.117716
8175,0.269079,0.115952
8176,0.266844,0.115302
8177,0.281702,0.116791
8178,0.301644,0.115983
8179,0.263118,0.116656
8180,0.273972,0.115045
8181,0.261808,0.115354
8182,0.282270,0.116670
8183,0.271729,0.115330
8184,0.281934,0.116574
8185,0.286562,0.115342
8186,0.259480,0.115050
8187,0.260905,0.116775
8188,0.274955,0.116899
8189,0.273610,0.114685
8190,0.306534,0.115356
8191,0.274746,0.117463
8192,0.299730,0.114415
8193,0.280408,0.116588
8194,0.271018,0.115377
8195,0.249481,0.117158
8196,0.262538,0.115882
8197,0.284309,0.115818
8198,0.259375,0.117239
8199,0.247298,0.115375
8200,0.262507,0.117917
8201,0.268182,0.116342
8202,0.285629,0.116707
8203,0.265579,0.116366
8204,0.264600,0.116750
8205,0.285947,0.118731
8206,0.302627,0.115706
8207,0.280979,0.117087
8208,0.271459,0.115234
8209,0.267985,0.116918
8210,0.264520,0.115913
8211,0.274037,0.115190
8212,0.256049,0.116100
8213,0.273374,0.116796
8214,0.283260,0.115728
8215,0.282667,0.116421
8216,0.265070,0.115993
8217,0.263396,0.117413
8218,0.273889,0.117667
8219,0.276506,0.117998
8220,0.274129,0.117894
8221,0.275857,0.116999
8222,0.266992,0.117639
8223,0.267250,0.117386
8224,0.259946,0.117621
8225,0.269778,0.118452
8226,0.259989,0.118579
8227,0.273800,0.119580
8228,0.269528,0.119246
8229,0.248372,0.117635
8230,0.261212,0.116152
8231,0.282012,0.117476
8232,0.280547,0.116138
8233,0.272577,0.116057
8234,0.267067,0.117266
8235,0.264704,0.115521
8236,0.271380,0.115360
8237,0.285942,0.116341
8238,0.268381,0.117426
8239,0.269735,0.115601
8240,0.264360,0.116728
8241,0.285083,0.116772
8242,0.270879,0.117055
8243,0.275921,0.115431
8244,0.268018,0.117278
8245,0.279109,0.116986
8246,0.282758,0.117289
8247,0.271380,0.115080
8248,0.269030,0.117079
8249,0.282695,0.116372
8250,0.282568,0.117140
8251,0.277741,0.117340
8252,0.268664,0.117200
8253,0.286010,0.118645
8254,0.275248,0.117448
8255,0.283243,0.116931
8256,0.256156,0.115932
8257,0.283502,0.116869
8258,0.284215,0.115783
8259,0.266620,0.115898
8260,0.263334,0.115865
8261,0.265587,0.115915
8262,0.268814,0.116230
8263,0.260619,0.114591
8264,0.255090,0.116609
8265,0.270258,0.118048
8266,0.248222,0.117057
8267,0.264458,0.117318
8268,0.275670,0.117531
8269,0.259941,0.116827
8270,0.265687,0.116911
8271,0.258740,0.115575
8272,0.279124,0.117152
8273,0.266397,0.115929
8274,0.273244,0.115083
8275,0.270967,0.116770
8276,0.284891,0.115515
8277,0.273879,0.115655
8278,0.279766,0.115305
8279,0.293300,0.116268
8280,0.264189,0.117037
8281,0.273461,0.117365
8282,0.280402,0.117712
8283,0.271309,0.115661
8284,0.257603,0.116929
8285,0.290764,0.115782
8286,0.270276,0.117737
8287,0.263543,0.118296
8288,0.281868,0.116915
8289,0.276571,0.117065
8290,0.274188,0.117009
8291,0.279686,0.116737
8292,0.266942,0.117109
8293,0.296923,0.115412
8294,0.293340,0.116151
8295,0.286198,0.117017
8296,0.276423,0.114734
8297,0.277979,0.116770
8298,0.281552,0.117877
8299,0.285913,0.117001
8300,0.270296,0.115265
8301,0.274656,0.116655
8302,0.284969,0.115694
8303,0.323329,0.116796
8304,0.273786,0.115163
8305,0.270409,0.115416
8306,0.271131,0.116299
8307,0.280109,0.114804
8308,0.257879,0.116737
8309,0.264860,0.117901
8310,0.268875,0.116912
8311,0.256322,0.117197
8312,0.268100,0.117261
8313,0.297231,0.115670
8314,0.275708,0.116959
8315,0.286727,0.117115
8316,0.265031,0.116572
8317,0.279702,0.116933
8318,0.296445,0.116917
8319,0.257891,0.116028
8320,0.267208,0.117420
8321,0.262493,0.117170
8322,0.262494,0.117070
8323,0.267434,0.117483
8324,0.261253,0.116993
8325,0.269384,0.115949
8326,0.274829,0.115062
8327,0.272139,0.117027
8328,0.263090,0.115358
8329,0.282408,0.115907
8330,0.277734,0.116358
8331,0.269866,0.116069
8332,0.251533,0.117248
8333,0.295602,0.115797
8334,0.284558,0.117808
8335,0.261986,0.115741
8336,0.272710,0.117001
8337,0.272128,0.117040
8338,0.266239,0.117120
8339,0.288263,0.115856
8340,0.282749,0.116468
8341,0.258486,0.117147
8342,0.268152,0.115283
8343,0.268091,0.115318
8344,0.273579,0.116907
8345,0.281162,0.117898
8346,0.275317,0.116733
8347,0.270271,0.117008
8348,0.264717,0.116751
8349,0.286013,0.117018
8350,0.276404,0.115353
8351,0.269061,0.117654
8352,0.275535,0.116759
8353,0.268538,0.118134
8354,0.288332,0.116473
8355,0.269383,0.116579
8356,0.259994,0.116038
8357,0.270962,0.116394
8358,0.253498,0.117172
8359,0.278935,0.117788
8360,0.265229,0.117047
8361,0.287066,0.117670
8362,0.258799,0.116440
8363,0.287208,0.116664
8364,0.255249,0.116678
8365,0.262621,0.118218
8366,0.272414,0.119122
8367,0.279042,0.118522
8368,0.268642,0.118414
8369,0.292098,0.117596
8370,0.285628,0.117475
8371,0.253938,0.118154
8372,0.271356,0.117167
8373,0.267782,0.117053
8374,0.276408,0.116932
8375,0.269058,0.117868
8376,0.272099,0.118690
8377,0.263401,0.117988
8378,0.262092,0.115931
8379,0.275819,0.117882
8380,0.266004,0.117054
8381,0.260375,0.117402
8382,0.272366,0.117047
8383,0.276607,0.115849
8384,0.287635,0.118030
8385,0.298455,0.118518
8386,0.267661,0.117469
8387,0.284693,0.116230
8388,0.287652,0.118203
8389,0.301540,0.119207
8390,0.288343,0.118342
8391,0.274992,0.117065
8392,0.276790,0.115725
8393,0.278143,0.117747
8394,0.293203,0.118258
8395,0.261301,0.116380
8396,0.295873,0.117299
8397,0.271538,0.118090
8398,0.284472,0.118266
8399,0.281684,0.117433
8400,0.268377,0.116105
8401,0.256793,0.117783
8402,0.288462,0.115747
8403,0.267516,0.117835
8404,0.273753,0.118901
8405,0.270411,0.118514
8406,0.286196,0.118105
8407,0.291659,0.116170
8408,0.284162,0.118276
8409,0.269255,0.117662
8410,0.272111,0.116740
8411,0.268360,0.117172
8412,0.278861,0.117294
8413,0.288546,0.118029
8414,0.268646,0.117393
8415,0.265225,0.117190
8416,0.277449,0.117091
8417,0.276929,0.117720
8418,0.276774,0.117500
8419,0.273597,0.117710
8420,0.279836,0.115803
8421,0.278314,0.116717
8422,0.268411,0.118071
8423,0.274722,0.117754
8424,0.263587,0.117447
8425,0.265018,0.115871
8426,0.259923,0.117090
8427,0.275614,0.118072
8428,0.259251,0.116876
8429,0.260759,0.117589
8430,0.279250,0.117819
8431,0.294697,0.118708
8432,0.269813,0.117848
8433,0.271725,0.117998
8434,0.273555,0.117512
8435,0.284385,0.118913
8436,0.269840,0.117144
8437,0.263479,0.116382
8438,0.268632,0.117042
8439,0.268664,0.117877
8440,0.268067,0.119417
8441,0.285412,0.117368
8442,0.273895,0.116977
8443,0.285402,0.115979
8444,0.288424,0.116249
8445,0.272829,0.116888
8446,0.298113,0.117185
8447,0.304150,0.117227
8448,0.276307,0.118624
8449,0.280148,0.117402
8450,0.246523,0.116902
8451,0.310328,0.118763
8452,0.285362,0.116277
8453,0.267989,0.116873
8454,0.285185,0.118313
8455,0.278879,0.119859
8456,0.295423,0.118069
8457,0.288094,0.117601
8458,0.270958,0.116221
8459,0.269653,0.118748
8460,0.278760,0.118734
8461,0.272455,0.116362
8462,0.257164,0.117484
8463,0.262198,0.117595
8464,0.271611,0.118611
8465,0.278025,0.116927
8466,0.255028,0.116719
8467,0.269315,0.117776
8468,0.271609,0.118655
8469,0.282349,0.117022
8470,0.270889,0.117116
8471,0.287576,0.116211
8472,0.269990,0.116723
8473,0.266456,0.117785
8474,0.298980,0.117118
8475,0.274730,0.117882
8476,0.268223,0.116183
8477,0.274620,0.118409
8478,0.283112,0.118457
8479,0.256198,0.116761
8480,0.272488,0.116658
8481,0.267703,0.116703
8482,0.286852,0.116744
8483,0.265394,0.117999
8484,0.272643,0.117262
8485,0.276632,0.117150
8486,0.272480,0.117884
8487,0.265475,0.116200
8488,0.276034,0.116278
8489,0.290873,0.115750
8490,0.276386,0.117862
8491,0.268114,0.119050
8492,0.274313,0.117980
8493,0.268869,0.117727
8494,0.261555,0.115730
8495,0.288532,0.117011
8496,0.270662,0.118363
8497,0.270570,0.116803
8498,0.279580,0.117805
8499,0.276369,0.118852
8500,0.280602,0.117642
8501,0.273306,0.119082
8502,0.268839,0.116933
8503,0.268557,0.117101
8504,0.286543,0.116085
8505,0.288273,0.117093
8506,0.266257,0.118959
8507,0.258284,0.117140
8508,0.279458,0.117880
8509,0.301639,0.116881
8510,0.278414,0.118416
8511,0.266106,0.117871
8512,0.272502,0.116523
8513,0.277992,0.116706
8514,0.260946,0.117352
8515,0.276074,0.117581
8516,0.272417,0.116980
8517,0.274112,0.117575
8518,0.254661,0.117717
8519,0.283689,0.117815
8520,0.255902,0.115994
8521,0.262955,0.116490
8522,0.268746,0.116255
8523,0.260623,0.118099
8524,0.261963,0.119054
8525,0.261628,0.117186
8526,0.273376,0.118030
8527,0.268055,0.115510
8528,0.273995,0.116864
8529,0.290062,0.118016
8530,0.268607,0.116964
8531,0.278898,0.117585
8532,0.278293,0.118899
8533,0.272212,0.117451
8534,0.263621,0.117421
8535,0.297856,0.117429
8536,0.272696,0.116743
8537,0.266270,0.117383
8538,0.266323,0.116044
8539,0.288435,0.117960
8540,0.272413,0.117184
8541,0.263906,0.118362
8542,0.287357,0.118904
8543,0.271408,0.117739
8544,0.274439,0.117316
8545,0.270107,0.115590
8546,0.292015,0.116839
8547,0.272754,0.117980
8548,0.274265,0.116784
8549,0.290934,0.117814
8550,0.282385,0.118480
8551,0.293024,0.118448
8552,0.260093,0.118144
8553,0.264443,0.117833
8554,0.279880,0.116414
8555,0.278860,0.116690
8556,0.278998,0.117250
8557,0.285206,0.118556
8558,0.266205,0.117547
8559,0.284664,0.118110
8560,0.279702,0.116039
8561,0.260911,0.118836
8562,0.272717,0.118591
8563,0.285132,0.117536
8564,0.274966,0.116238
8565,0.280215,0.117399
8566,0.277661,0.118192
8567,0.296795,0.118779
8568,0.272408,0.119928
8569,0.270793,0.119346
8570,0.255199,0.119199
8571,0.282391,0.118398
8572,0.277855,0.117686
8573,0.264827,0.116586
8574,0.275487,0.117942
8575,0.264950,0.118741
8576,0.281978,0.118389
8577,0.265768,0.118598
8578,0.272673,0.116644
8579,0.265360,0.118137
8580,0.275522,0.118439
8581,0.296727,0.116338
8582,0.275072,0.116362
8583,0.272636,0.116720
8584,0.295450,0.117619
8585,0.284327,0.117230
8586,0.273182,0.118031
8587,0.272823,0.117423
8588,0.278586,0.118194
8589,0.265848,0.116269
8590,0.286990,0.116469
8591,0.262951,0.115861
8592,0.293376,0.117759
8593,0.270479,0.119579
8594,0.269712,0.118375
8595,0.281257,0.117718
8596,0.274753,0.116363
8597,0.282201,0.116015
8598,0.284245,0.116516
8599,0.278688,0.116517
8600,0.279318,0.117024
8601,0.287914,0.119462
8602,0.311720,0.117421
8603,0.282940,0.118126
8604,0.289668,0.119384
8605,0.264217,0.117195
8606,0.280697,0.116846
8607,0.289353,0.117052
8608,0.299537,0.118063
8609,0.285278,0.117624
8610,0.291069,0.118004
8611,0.284073,0.117568
8612,0.280442,0.118646
8613,0.284585,0.118608
8614,0.276025,0.117611
8615,0.266046,0.117072
8616,0.280753,0.118445
8617,0.290153,0.117528
8618,0.263831,0.117251
8619,0.291067,0.118037
8620,0.271142,0.117688
8621,0.281407,0.117889
8622,0.265423,0.116736
8623,0.266014,0.117959
8624,0.260808,0.116881
8625,0.280665,0.117677
8626,0.293206,0.118430
8627,0.271119,0.117159
8628,0.283186,0.118254
8629,0.269672,0.117917
8630,0.270445,0.117367
8631,0.286811,0.117548
8632,0.291070,0.117621
8633,0.298021,0.117066
8634,0.285982,0.118638
8635,0.273394,0.117411
8636,0.295222,0.115528
8637,0.282057,0.119024
8638,0.287454,0.120478
8639,0.279938,0.117231
8640,0.273776,0.116825
8641,0.262290,0.116414
8642,0.293037,0.117176
8643,0.271393,0.116627
8644,0.266584,0.116743
8645,0.274428,0.118139
8646,0.275967,0.125735
8647,0.274190,0.119327
8648,0.268571,0.118781
8649,0.285189,0.118131
8650,0.280736,0.118159
8651,0.270141,0.117508
8652,0.281602,0.118434
8653,0.291729,0.116657
8654,0.262112,0.117111
8655,0.264023,0.118379
8656,0.273080,0.118231
8657,0.267117,0.117927
8658,0.288457,0.116571
8659,0.277531,0.115972
8660,0.265767,0.116615
8661,0.277693,0.117221
8662,0.277017,0.117495
8663,0.290922,0.116975
8664,0.259459,0.118077
8665,0.267770,0.119279
8666,0.273171,0.117766
8667,0.300073,0.116826
8668,0.283914,0.116332
8669,0.269328,0.118219
8670,0.259717,0.119573
8671,0.280633,0.117430
8672,0.289622,0.117006
8673,0.277093,0.118060
8674,0.287358,0.117515
8675,0.266357,0.117094
8676,0.275542,0.116429
8677,0.278791,0.115865
8678,0.272044,0.117399
8679,0.288521,0.117585
8680,0.271445,0.117321
8681,0.288754,0.115956
8682,0.269580,0.117296
8683,0.259500,0.118113
8684,0.285803,0.116819
8685,0.269689,0.116702
8686,0.274644,0.118017
8687,0.270224,0.122032
8688,0.265471,0.117099
8689,0.275132,0.116087
8690,0.269103,0.117418
8691,0.287637,0.119382
8692,0.275237,0.117158
8693,0.285507,0.116767
8694,0.283653,0.116799
8695,0.280412,0.118623
8696,0.278550,0.119367
8697,0.289808,0.116583
8698,0.296729,0.116533
8699,0.274381,0.120400
8700,0.280256,0.117378
8701,0.293075,0.117658
8702,0.268644,0.117604
8703,0.309730,0.119301
8704,0.293331,0.117552
8705,0.284481,0.119091
8706,0.289694,0.119579
8707,0.273191,0.118441
8708,0.276604,0.118474
8709,0.294766,0.118146
8710,0.271233,0.119418
8711,0.278342,0.119980
8712,0.286356,0.120002
8713,0.264415,0.120184
8714,0.260314,0.120492
8715,0.284935,0.117997
8716,0.302299,0.118353
8717,0.278204,0.119021
8718,0.285049,0.118334
8719,0.276009,0.121725
8720,0.268298,0.121666
8721,0.272097,0.120111
8722,0.286323,0.121174
8723,0.272175,0.121067
8724,0.286566,0.120077
8725,0.278438,0.123958
8726,0.263168,0.118938
8727,0.320895,0.119229
8728,0.278122,0.120489
8729,0.271564,0.121010
8730,0.285740,0.119823
8731,0.314441,0.118993
8732,0.284409,0.118816
8733,0.258691,0.119570
8734,0.273036,0.117666
8735,0.291790,0.116561
8736,0.298741,0.118911
8737,0.295049,0.120385
8738,0.278867,0.121513
8739,0.300222,0.120107
8740,0.282337,0.121126
8741,0.275065,0.122440
8742,0.262952,0.122855
8743,0.278553,0.119622
8744,0.273585,0.119761
8745,0.318269,0.120819
8746,0.267708,0.121598
8747,0.272474,0.120389
8748,0.297213,0.121964
8749,0.281307,0.120059
8750,0.272434,0.120995
8751,0.283544,0.120181
8752,0.267577,0.118457
8753,0.275997,0.122608
8754,0.274447,0.118971
8755,0.259655,0.119759
8756,0.275963,0.120715
8757,0.292376,0.117809
8758,0.266358,0.119594
8759,0.276917,0.119748
8760,0.270083,0.117833
8761,0.256249,0.120025
8762,0.264882,0.119035
8763,0.267643,0.120784
8764,0.285894,0.120229
8765,0.275502,0.120129
8766,0.284123,0.120045
8767,0.271396,0.119604
8768,0.276280,0.121196
8769,0.335361,0.121022
8770,0.295304,0.121327
8771,0.285475,0.122277
8772,0.277858,0.121273
8773,0.282223,0.118757
8774,0.294085,0.120446
8775,0.271734,0.120206
8776,0.292355,0.121707
8777,0.263757,0.117920
8778,0.271596,0.121788
8779,0.273004,0.118960
8780,0.271358,0.118917
8781,0.270787,0.121375
8782,0.283312,0.119436
8783,0.266284,0.118365
8784,0.263468,0.116069
8785,0.305617,0.117558
8786,0.275224,0.118695
8787,0.266976,0.117275
8788,0.294110,0.117410
8789,0.269844,0.115699
8790,0.275875,0.117915
8791,0.279324,0.119157
8792,0.269240,0.117381
8793,0.260855,0.117816
8794,0.284168,0.117055
8795,0.293196,0.119437
8796,0.275185,0.118481
8797,0.268225,0.118195
8798,0.280657,0.116871
8799,0.280345,0.116582
8800,0.283927,0.118319
8801,0.284796,0.118591
8802,0.268764,0.118481
8803,0.283157,0.126573
8804,0.269062,0.115571
8805,0.272931,0.116425
8806,0.269777,0.118100
8807,0.293018,0.117713
8808,0.271869,0.117107
8809,0.272128,0.116043
8810,0.267336,0.119049
8811,0.286280,0.118684
8812,0.281958,0.123183
8813,0.276492,0.117093
8814,0.271958,0.118023
8815,0.279479,0.116753
8816,0.278388,0.117007
8817,0.302657,0.116881
8818,0.268298,0.118455
8819,0.297620,0.118767
8820,0.271460,0.119695
8821,0.262737,0.119118
8822,0.285052,0.116421
8823,0.273115,0.117601
8824,0.290336,0.117818
8825,0.276073,0.116855
8826,0.275283,0.116684
8827,0.282221,0.116856
8828,0.271393,0.119358
8829,0.286378,0.118424
8830,0.285828,0.117262
8831,0.266232,0.117405
8832,0.258742,0.118148
8833,0.270263,0.116933
8834,0.264241,0.116400
8835,0.289133,0.118543
8836,0.268098,0.117338
8837,0.284880,0.122412
8838,0.283756,0.116693
8839,0.284505,0.117292
8840,0.279285,0.118738
8841,0.281405,0.121028
8842,0.294065,0.116355
8843,0.303793,0.116126
8844,0.291989,0.117289
8845,0.269693,0.118519
8846,0.278423,0.117351
8847,0.278752,0.122144
8848,0.267339,0.118435
8849,0.261817,0.117382
8850,0.273549,0.117028
8851,0.287127,0.118146
8852,0.271151,0.117346
8853,0.283342,0.116593
8854,0.289983,0.117712
8855,0.286461,0.118564
8856,0.299781,0.117040
8857,0.276617,0.117026
8858,0.280487,0.116245
8859,0.282679,0.118934
8860,0.278202,0.119377
8861,0.267475,0.117753
8862,0.279169,0.117933
8863,0.268682,0.117075
8864,0.265533,0.117902
8865,0.276273,0.117499
8866,0.272820,0.117679
8867,0.287602,0.117444
8868,0.252097,0.119007
8869,0.287048,0.117377
8870,0.286638,0.117446
8871,0.254412,0.115972
8872,0.272761,0.118227
8873,0.271295,0.117797
8874,0.281892,0.117207
8875,0.274270,0.117238
8876,0.281287,0.116772
8877,0.288907,0.117748
8878,0.266141,0.119299
8879,0.275401,0.117558
8880,0.267503,0.117774
8881,0.270429,0.118372
8882,0.278321,0.118112
8883,0.266870,0.118445
8884,0.267422,0.118075
8885,0.279276,0.117691
8886,0.270205,0.119006
8887,0.260287,0.117146
8888,0.275528,0.116565
8889,0.274647,0.116383
8890,0.281877,0.117703
8891,0.279918,0.118709
8892,0.275666,0.119195
8893,0.264611,0.119322
8894,0.284437,0.117659
8895,0.297551,0.118687
8896,0.277198,0.119483
8897,0.271206,0.118000
8898,0.291138,0.117470
8899,0.266156,0.118688
8900,0.262541,0.117680
8901,0.314116,0.118023
8902,0.319577,0.118209
8903,0.272487,0.116715
8904,0.292485,0.117589
8905,0.284205,0.118224
8906,0.292405,0.118322
8907,0.287652,0.117723
8908,0.275204,0.117275
8909,0.273369,0.116284
8910,0.259070,0.118097
8911,0.289541,0.118285
8912,0.286860,0.116787
8913,0.289854,0.117472
8914,0.283360,0.117565
8915,0.286235,0.117216
8916,0.300342,0.117488
8917,0.268875,0.117617
8918,0.293049,0.118065
8919,0.280883,0.118834
8920,0.286638,0.117053
8921,0.280244,0.117392
8922,0.262879,0.116338
8923,0.276997,0.116734
8924,0.261279,0.118306
8925,0.267563,0.117939
8926,0.261259,0.119497
8927,0.278612,0.118001
8928,0.268823,0.118865
8929,0.275296,0.118294
8930,0.298825,0.117181
8931,0.285079,0.116910
8932,0.272817,0.117395
8933,0.290711,0.116771
8934,0.277910,0.117695
8935,0.285729,0.117828
8936,0.283441,0.117706
8937,0.266158,0.118196
8938,0.294507,0.117916
8939,0.291684,0.116913
8940,0.284707,0.116122
8941,0.272455,0.115988
8942,0.268948,0.117551
8943,0.285139,0.117648
8944,0.277260,0.118970
8945,0.282856,0.116473
8946,0.268998,0.119003
8947,0.286828,0.119397
8948,0.279243,0.117363
8949,0.281551,0.117313
8950,0.265442,0.115631
8951,0.285469,0.119380
8952,0.285165,0.116880
8953,0.273972,0.118322
8954,0.293907,0.119747
8955,0.279005,0.118148
8956,0.269614,0.117515
8957,0.275718,0.117438
8958,0.292550,0.117497
8959,0.276336,0.119242
8960,0.270422,0.117947
8961,0.290818,0.118744
8962,0.292268,0.118903
8963,0.277504,0.118473
8964,0.261660,0.117655
8965,0.344100,0.117588
8966,0.291504,0.117614
8967,0.277947,0.118176
8968,0.260749,0.115743
8969,0.315389,0.117190
8970,0.274071,0.118100
8971,0.277119,0.117748
8972,0.287201,0.118692
8973,0.299101,0.117562
8974,0.286617,0.117717
8975,0.269243,0.116497
8976,0.273880,0.117756
8977,0.282709,0.118363
8978,0.278247,0.118028
8979,0.284428,0.117270
8980,0.284194,0.117755
8981,0.275666,0.117579
8982,0.268774,0.118029
8983,0.285273,0.117083
8984,0.280090,0.116960
8985,0.278386,0.117920
8986,0.259154,0.117734
8987,0.299286,0.117115
8988,0.308844,0.116919
8989,0.265102,0.118001
8990,0.292358,0.118439
8991,0.290612,0.118283
8992,0.292005,0.117094
8993,0.288161,0.115914
8994,0.288084,0.117239
8995,0.273503,0.117325
8996,0.295007,0.116705
8997,0.285894,0.117974
8998,0.282146,0.118396
8999,0.287265,0.117364
9000,0.307662,0.117320
9001,0.270353,0.118302
9002,0.278316,0.117504
9003,0.287401,0.117199
9004,0.271459,0.116384
9005,0.302265,0.117796
9006,0.263001,0.116941
9007,0.275533,0.116896
9008,0.295213,0.116071
9009,0.276443,0.118155
9010,0.273904,0.118933
9011,0.293005,0.117996
9012,0.274624,0.117889
9013,0.269260,0.116365
9014,0.284404,0.117488
9015,0.292870,0.117330
9016,0.275968,0.117556
9017,0.264690,0.118074
9018,0.268431,0.118589
9019,0.284625,0.118424
9020,0.272324,0.118899
9021,0.295791,0.117877
9022,0.260670,0.117818
9023,0.278528,0.117869
9024,0.278518,0.117568
9025,0.289655,0.118244
9026,0.294283,0.118853
9027,0.284184,0.118227
9028,0.282678,0.118508
9029,0.262323,0.115380
9030,0.268835,0.116867
9031,0.287863,0.117284
9032,0.285909,0.117280
9033,0.275828,0.117007
9034,0.297627,0.117409
9035,0.285147,0.117008
9036,0.296108,0.117279
9037,0.286746,0.117822
9038,0.278361,0.117279
9039,0.296735,0.117897
9040,0.288466,0.117586
9041,0.265664,0.117503
9042,0.276370,0.116973
9043,0.285957,0.117874
9044,0.300523,0.118578
9045,0.271348,0.118205
9046,0.282607,0.116951
9047,0.269567,0.117108
9048,0.271102,0.117498
9049,0.271512,0.118166
9050,0.269802,0.116877
9051,0.287557,0.118699
9052,0.254895,0.117805
9053,0.268688,0.117068
9054,0.276074,0.117960
9055,0.286785,0.117075
9056,0.285056,0.117135
9057,0.284533,0.116784
9058,0.279949,0.116253
9059,0.281763,0.117779
9060,0.294075,0.118124
9061,0.286871,0.117234
9062,0.284455,0.118076
9063,0.293702,0.118972
9064,0.281852,0.118456
9065,0.272320,0.117751
9066,0.301028,0.117359
9067,0.300573,0.115848
9068,0.271494,0.118094
9069,0.274971,0.118463
9070,0.274093,0.117283
9071,0.282709,0.117634
9072,0.288355,0.117846
9073,0.274917,0.117552
9074,0.299621,0.117578
9075,0.277596,0.117172
9076,0.281643,0.117146
9077,0.293896,0.117611
9078,0.294356,0.117136
9079,0.276596,0.117008
9080,0.278911,0.116684
9081,0.299257,0.116893
9082,0.268710,0.117456
9083,0.278667,0.117577
9084,0.321592,0.117746
9085,0.290271,0.116971
9086,0.269924,0.118000
9087,0.282984,0.118907
9088,0.297835,0.117058
9089,0.304918,0.116590
9090,0.282094,0.116032
9091,0.283848,0.116882
9092,0.286235,0.117842
9093,0.288773,0.117309
9094,0.275736,0.118005
9095,0.295284,0.118867
9096,0.265795,0.117843
9097,0.282173,0.117226
9098,0.273740,0.116937
9099,0.286702,0.116561
9100,0.295618,0.116710
9101,0.276994,0.118342
9102,0.265741,0.118701
9103,0.273642,0.118446
9104,0.301694,0.118004
9105,0.273422,0.117110
9106,0.283339,0.117413
9107,0.280293,0.117786
9108,0.303641,0.117708
9109,0.279108,0.117957
9110,0.272748,0.117273
9111,0.299770,0.119213
9112,0.269442,0.118869
9113,0.279570,0.116798
9114,0.285082,0.117027
9115,0.300894,0.117731
9116,0.271497,0.117067
9117,0.271113,0.117425
9118,0.271548,0.117604
9119,0.285277,0.118021
9120,0.269727,0.118223
9121,0.274883,0.116645
9122,0.261589,0.117019
9123,0.272229,0.116229
9124,0.273306,0.117318
9125,0.279778,0.118108
9126,0.293419,0.117844
9127,0.291174,0.118718
9128,0.281678,0.117642
9129,0.288439,0.117695
9130,0.312438,0.118109
9131,0.281981,0.117976
9132,0.297474,0.117070
9133,0.286445,0.116426
9134,0.294365,0.118771
9135,0.283002,0.119039
9136,0.298864,0.118050
9137,0.288886,0.117444
9138,0.298320,0.117753
9139,0.297669,0.117691
9140,0.268012,0.117206
9141,0.296573,0.117187
9142,0.290933,0.117121
9143,0.284577,0.118242
9144,0.275710,0.118056
9145,0.307033,0.117434
9146,0.303389,0.117054
9147,0.277094,0.116888
9148,0.283759,0.117765
9149,0.301072,0.117776
9150,0.304945,0.118153
9151,0.297336,0.119287
9152,0.271625,0.117706
9153,0.271556,0.116221
9154,0.317492,0.117240
9155,0.304283,0.118493
9156,0.299794,0.116704
9157,0.301549,0.117212
9158,0.281598,0.118437
9159,0.306495,0.118586
9160,0.298526,0.118003
9161,0.296137,0.117360
9162,0.330139,0.117267
9163,0.309674,0.117540
9164,0.286520,0.117022
9165,0.275606,0.117041
9166,0.283541,0.117224
9167,0.273837,0.116884
9168,0.334570,0.117605
9169,0.295935,0.118164
9170,0.280992,0.117261
9171,0.291601,0.117374
9172,0.310508,0.118035
9173,0.269689,0.118546
9174,0.310610,0.117474
9175,0.286901,0.117308
9176,0.283017,0.115791
9177,0.302603,0.117852
9178,0.268781,0.117156
9179,0.269078,0.117208
9180,0.310392,0.117878
9181,0.281696,0.118766
9182,0.268087,0.118220
9183,0.262645,0.117690
9184,0.311037,0.117279
9185,0.272642,0.117932
9186,0.289486,0.117826
9187,0.281580,0.117659
9188,0.286317,0.117631
9189,0.322354,0.118503
9190,0.277509,0.117576
9191,0.286725,0.118477
9192,0.274921,0.116789
9193,0.280310,0.117062
9194,0.279941,0.117238
9195,0.280020,0.117472
9196,0.285325,0.118188
9197,0.279246,0.118571
9198,0.265752,0.117688
9199,0.290633,0.116470
9200,0.270818,0.117899
9201,0.291338,0.117806
9202,0.290065,0.117416
9203,0.277480,0.117967
9204,0.294370,0.116834
9205,0.282869,0.117072
9206,0.289736,0.117736
9207,0.296636,0.117091
9208,0.286426,0.118604
9209,0.262332,0.118062
9210,0.276601,0.117934
9211,0.307991,0.118818
9212,0.279324,0.117883
9213,0.271518,0.117827
9214,0.286956,0.117222
9215,0.280967,0.116597
9216,0.275982,0.116972
9217,0.284351,0.116922
9218,0.282822,0.117398
9219,0.273553,0.118520
9220,0.291568,0.118915
9221,0.268807,0.118605
9222,0.271315,0.117584
9223,0.273959,0.116938
9224,0.288612,0.115832
9225,0.292832,0.116322
9226,0.282541,0.118252
9227,0.268619,0.117232
9228,0.266586,0.118292
9229,0.290651,0.118771
9230,0.283480,0.117558
9231,0.282745,0.117426
9232,0.267581,0.117648
9233,0.284516,0.116890
9234,0.276028,0.117740
9235,0.289764,0.117324
9236,0.294377,0.118313
9237,0.285568,0.116463
9238,0.311135,0.120900
9239,0.281041,0.118313
9240,0.301514,0.117259
9241,0.276551,0.122931
9242,0.289262,0.121216
9243,0.304541,0.116974
9244,0.287665,0.129992
9245,0.275207,0.116632
9246,0.284715,0.116835
9247,0.313680,0.117099
9248,0.268541,0.120147
9249,0.315109,0.116050
9250,0.292918,0.117041
9251,0.287731,0.119866
9252,0.280134,0.120765
9253,0.281756,0.117272
9254,0.290611,0.126344
9255,0.294436,0.117654
9256,0.282103,0.117296
9257,0.281428,0.117984
9258,0.275275,0.117360
9259,0.282057,0.116889
9260,0.277068,0.117636
9261,0.281444,0.117858
9262,0.286522,0.117873
9263,0.283413,0.117679
9264,0.287519,0.118304
9265,0.278751,0.118647
9266,0.274254,0.118306
9267,0.281377,0.117499
9268,0.266783,0.117229
9269,0.279018,0.118132
9270,0.285703,0.118608
9271,0.286866,0.117799
9272,0.283350,0.117505
9273,0.276574,0.117057
9274,0.264210,0.118627
9275,0.291275,0.118069
9276,0.282128,0.117007
9277,0.295051,0.117513
9278,0.281516,0.117421
9279,0.278554,0.118891
9280,0.280394,0.117572
9281,0.305117,0.116593
9282,0.296295,0.117996
9283,0.269772,0.118359
9284,0.267807,0.117718
9285,0.280638,0.117495
9286,0.270736,0.117761
9287,0.270975,0.118920
9288,0.305069,0.118356
9289,0.342324,0.118329
9290,0.277199,0.117107
9291,0.292163,0.116496
9292,0.310861,0.120581
9293,0.285188,0.122087
9294,0.298744,0.117994
9295,0.281586,0.117530
9296,0.262217,0.116057
9297,0.278566,0.117830
9298,0.282782,0.118942
9299,0.309257,0.118499
9300,0.280026,0.116538
9301,0.290535,0.118466
9302,0.304154,0.117377
9303,0.278289,0.119823
9304,0.269267,0.117214
9305,0.277446,0.118811
9306,0.304678,0.116042
9307,0.297855,0.116202
9308,0.292862,0.118098
9309,0.304276,0.117900
9310,0.318112,0.117764
9311,0.294045,0.117352
9312,0.301017,0.118647
9313,0.289154,0.118864
9314,0.295537,0.116952
9315,0.278104,0.116035
9316,0.300685,0.116479
9317,0.306858,0.116769
9318,0.315296,0.118485
9319,0.288147,0.117351
9320,0.262734,0.117918
9321,0.287867,0.119491
9322,0.273102,0.118374
9323,0.298165,0.117440
9324,0.317878,0.116369
9325,0.280969,0.116707
9326,0.281562,0.117819
9327,0.273177,0.117020
9328,0.279096,0.117620
9329,0.289475,0.117050
9330,0.272550,0.120071
9331,0.282131,0.122719
9332,0.277779,0.117973
9333,0.278596,0.117159
9334,0.280141,0.116581
9335,0.291149,0.117175
9336,0.280076,0.118085
9337,0.282378,0.117992
9338,0.276198,0.118741
9339,0.284931,0.118732
9340,0.286213,0.118557
9341,0.279443,0.117986
9342,0.287503,0.117730
9343,0.291847,0.117094
9344,0.287218,0.117393
9345,0.273172,0.117567
9346,0.283185,0.118208
9347,0.306339,0.118351
9348,0.314982,0.116338
9349,0.273214,0.117657
9350,0.301154,0.116827
9351,0.324274,0.118444
9352,0.314898,0.117678
9353,0.283182,0.118494
9354,0.282215,0.115902
9355,0.294266,0.118544
9356,0.300744,0.118518
9357,0.300828,0.117685
9358,0.276344,0.117400
9359,0.281487,0.119311
9360,0.283748,0.117572
9361,0.300981,0.121414
9362,0.309419,0.118896
9363,0.277446,0.118588
9364,0.273797,0.118800
9365,0.281839,0.117460
9366,0.327357,0.117451
9367,0.293797,0.120003
9368,0.295262,0.116884
9369,0.294869,0.117339
9370,0.319356,0.117705
9371,0.278638,0.118141
9372,0.285343,0.118115
9373,0.270169,0.118864
9374,0.289413,0.119668
9375,0.275964,0.117720
9376,0.306681,0.116282
9377,0.276573,0.125485
9378,0.287300,0.117196
9379,0.298530,0.117615
9380,0.294304,0.117092
9381,0.279574,0.118237
9382,0.280762,0.117854
9383,0.293671,0.118080
9384,0.294264,0.118383
9385,0.284603,0.120780
9386,0.270740,0.116661
9387,0.286699,0.120638
9388,0.283852,0.131171
9389,0.292049,0.116882
9390,0.277611,0.117680
9391,0.275265,0.117106
9392,0.272477,0.120002
9393,0.281729,0.117426
9394,0.322426,0.116447
9395,0.292275,0.121697
9396,0.283044,0.118181
9397,0.289427,0.117584
9398,0.324822,0.116816
9399,0.288660,0.118939
9400,0.306751,0.118888
9401,0.283047,0.117324
9402,0.277829,0.125469
9403,0.305978,0.120472
9404,0.288501,0.117062
9405,0.301204,0.117495
9406,0.277415,0.117582
9407,0.268824,0.123684
9408,0.289829,0.117566
9409,0.290144,0.116300
9410,0.299022,0.118153
9411,0.272368,0.117390
9412,0.282131,0.117006
9413,0.280043,0.117334
9414,0.288973,0.117623
9415,0.287683,0.117616
9416,0.287072,0.117631
9417,0.276442,0.117858
9418,0.283097,0.117691
9419,0.268696,0.116460
9420,0.267031,0.120067
9421,0.273874,0.117075
9422,0.274720,0.118662
9423,0.329907,0.117881
9424,0.291003,0.117461
9425,0.296178,0.117772
9426,0.290177,0.116328
9427,0.284516,0.125635
9428,0.273255,0.118191
9429,0.293928,0.119072
9430,0.282493,0.117801
9431,0.288275,0.117603
9432,0.295787,0.116064
9433,0.266762,0.116273
9434,0.274033,0.123661
9435,0.294788,0.117113
9436,0.275848,0.123466
9437,0.310481,0.116863
9438,0.286808,0.119675
9439,0.283928,0.125540
9440,0.265165,0.115812
9441,0.280845,0.116631
9442,0.287685,0.116016
9443,0.290419,0.117436
9444,0.280195,0.118011
9445,0.280153,0.118642
9446,0.319308,0.117977
9447,0.286586,0.116970
9448,0.276724,0.116428
9449,0.293483,0.117638
9450,0.267637,0.116915
9451,0.277715,0.120977
9452,0.281857,0.117860
9453,0.299563,0.119450
9454,0.305194,0.124876
9455,0.276630,0.116781
9456,0.287598,0.123156
9457,0.283740,0.116391
9458,0.282909,0.117185
9459,0.320624,0.118179
9460,0.283831,0.121530
9461,0.297804,0.116885
9462,0.295456,0.117622
9463,0.341102,0.117222
9464,0.280383,0.116754
9465,0.281037,0.120064
9466,0.293591,0.116986
9467,0.279232,0.117345
9468,0.291346,0.117130
9469,0.282252,0.117441
9470,0.302236,0.116308
9471,0.277771,0.125450
9472,0.282909,0.117655
9473,0.288693,0.117281
9474,0.295187,0.117684
9475,0.286448,0.123309
9476,0.288148,0.116413
9477,0.294046,0.117254
9478,0.272021,0.115813
9479,0.283771,0.117754
9480,0.280834,0.118798
9481,0.296101,0.127196
9482,0.282838,0.116680
9483,0.280569,0.118895
9484,0.270106,0.116906
9485,0.275134,0.117120
9486,0.310666,0.115813
9487,0.278102,0.115860
9488,0.268095,0.118419
9489,0.287339,0.116546
9490,0.272716,0.118911
9491,0.276300,0.117026
9492,0.276542,0.118413
9493,0.277207,0.119207
9494,0.282305,0.117034
9495,0.260692,0.117269
9496,0.282471,0.116462
9497,0.284936,0.127282
9498,0.298931,0.117057
9499,0.279216,0.117163
9500,0.288314,0.116378
9501,0.276541,0.118304
9502,0.280120,0.116606
9503,0.312612,0.118450
9504,0.277026,0.117694
9505,0.288199,0.118309
9506,0.300450,0.117599
9507,0.314331,0.118310
9508,0.300915,0.117996
9509,0.292467,0.117744
9510,0.273560,0.116830
9511,0.286523,0.117739
9512,0.285845,0.117178
9513,0.291464,0.117814
9514,0.283801,0.118613
9515,0.273559,0.116786
9516,0.308457,0.116898
9517,0.293496,0.131399
9518,0.278773,0.115970
9519,0.294182,0.116805
9520,0.279865,0.118546
9521,0.283603,0.118909
9522,0.308167,0.116710
9523,0.290227,0.116493
9524,0.294369,0.117293
9525,0.276024,0.116381
9526,0.295235,0.123060
9527,0.279582,0.115844
9528,0.298535,0.117450
9529,0.275851,0.119854
9530,0.283276,0.124757
9531,0.268910,0.116532
9532,0.294640,0.117874
9533,0.279597,0.117367
9534,0.276385,0.116150
9535,0.294816,0.115588
9536,0.273973,0.116762
9537,0.298174,0.117688
9538,0.297059,0.117988
9539,0.313648,0.120458
9540,0.287631,0.116070
9541,0.277462,0.117014
9542,0.284499,0.117979
9543,0.290221,0.118171
9544,0.292750,0.116228
9545,0.286626,0.116372
9546,0.277270,0.118006
9547,0.290925,0.117715
9548,0.306834,0.117357
9549,0.285764,0.121166
9550,0.290986,0.117321
9551,0.285543,0.118482
9552,0.279264,0.118235
9553,0.284711,0.117445
9554,0.274883,0.116495
9555,0.292477,0.119004
9556,0.271407,0.119976
9557,0.287203,0.118085
9558,0.266224,0.125324
9559,0.290151,0.116402
9560,0.296064,0.116909
9561,0.284262,0.117240
9562,0.292164,0.116972
9563,0.288434,0.117231
9564,0.288313,0.119167
9565,0.311035,0.117266
9566,0.269607,0.122917
9567,0.305206,0.117095
9568,0.289551,0.115289
9569,0.263551,0.117244
9570,0.311814,0.119700
9571,0.294769,0.117264
9572,0.286614,0.117356
9573,0.283865,0.118437
9574,0.315885,0.118682
9575,0.293341,0.117327
9576,0.291397,0.117893
9577,0.288409,0.117673
9578,0.304068,0.118923
9579,0.295040,0.118078
9580,0.287490,0.117831
9581,0.288316,0.117659
9582,0.293844,0.117568
9583,0.274289,0.117685
9584,0.283472,0.117223
9585,0.306611,0.117537
9586,0.303621,0.117366
9587,0.316743,0.118133
9588,0.305236,0.126658
9589,0.283541,0.118241
9590,0.284102,0.119131
9591,0.314875,0.116278
9592,0.301560,0.115671
9593,0.285515,0.117849
9594,0.286415,0.116728
9595,0.308301,0.117305
9596,0.299540,0.125150
9597,0.272220,0.117648
9598,0.285963,0.117582
9599,0.284938,0.115731
9600,0.271864,0.116870
9601,0.305710,0.117951
9602,0.279554,0.119107
9603,0.289957,0.119311
9604,0.298419,0.118420
9605,0.285675,0.117856
9606,0.280623,0.116793
9607,0.298015,0.116836
9608,0.299664,0.117851
9609,0.278856,0.117425
9610,0.276276,0.118473
9611,0.273385,0.117829
9612,0.312914,0.118794
9613,0.315160,0.118813
9614,0.283329,0.117290
9615,0.288585,0.117296
9616,0.276132,0.115599
9617,0.288962,0.116723
9618,0.292125,0.117004
9619,0.298610,0.117146
9620,0.289861,0.118532
9621,0.299105,0.123484
9622,0.263155,0.117829
9623,0.288256,0.119550
9624,0.291413,0.115858
9625,0.285859,0.120530
9626,0.306442,0.118204
9627,0.283438,0.117538
9628,0.292983,0.119189
9629,0.310287,0.117280
9630,0.293215,0.118031
9631,0.285503,0.118309
9632,0.273222,0.117363
9633,0.291507,0.116619
9634,0.305578,0.116694
9635,0.277759,0.118047
9636,0.303034,0.118552
9637,0.290644,0.116962
9638,0.274318,0.118581
9639,0.286576,0.120359
9640,0.310536,0.117620
9641,0.303937,0.116645
9642,0.282912,0.117171
9643,0.282370,0.116796
9644,0.281181,0.119214
9645,0.293282,0.117202
9646,0.261207,0.119073
9647,0.289071,0.124567
9648,0.319113,0.117150
9649,0.288972,0.117355
9650,0.275179,0.117780
9651,0.280656,0.118002
9652,0.290918,0.117014
9653,0.273870,0.123825
9654,0.267295,0.120685
9655,0.288309,0.119855
9656,0.273074,0.117434
9657,0.283273,0.116047
9658,0.275998,0.116075
9659,0.296062,0.119689
9660,0.278048,0.117114
9661,0.286522,0.118044
9662,0.278789,0.117704
9663,0.288353,0.117411
9664,0.278418,0.118639
9665,0.309442,0.117976
9666,0.279134,0.116614
9667,0.284099,0.115421
9668,0.296111,0.120328
9669,0.291238,0.117377
9670,0.280458,0.118119
9671,0.293955,0.117768
9672,0.275211,0.118411
9673,0.270369,0.117129
9674,0.285093,0.117404
9675,0.291551,0.116536
9676,0.298933,0.116746
9677,0.291585,0.117666
9678,0.263763,0.116638
9679,0.275958,0.117228
9680,0.288418,0.116963
9681,0.293094,0.118653
9682,0.289235,0.119738
9683,0.289801,0.117458
9684,0.279099,0.117156
9685,0.302372,0.118572
9686,0.279407,0.117375
9687,0.279824,0.117635
9688,0.287574,0.117233
9689,0.285900,0.116845
9690,0.279773,0.124915
9691,0.291990,0.117144
9692,0.283607,0.117352
9693,0.293392,0.117937
9694,0.280792,0.116498
9695,0.312741,0.117555
9696,0.276541,0.117163
9697,0.286645,0.118720
9698,0.291688,0.117700
9699,0.282407,0.118401
9700,0.289221,0.118354
9701,0.292512,0.117996
9702,0.289835,0.119271
9703,0.303912,0.116595
9704,0.285252,0.116715
9705,0.290465,0.118343
9706,0.286640,0.117715
9707,0.281217,0.118679
9708,0.288948,0.117715
9709,0.277091,0.116847
9710,0.282770,0.117683
9711,0.288049,0.118184
9712,0.280603,0.116798
9713,0.295754,0.117627
9714,0.272361,0.116803
9715,0.301075,0.117013
9716,0.296338,0.116404
9717,0.294958,0.116520
9718,0.297656,0.116239
9719,0.288663,0.118236
9720,0.293054,0.130301
9721,0.289333,0.116505
9722,0.289547,0.116334
9723,0.289521,0.117037
9724,0.273068,0.117043
9725,0.275826,0.118032
9726,0.303409,0.117228
9727,0.292867,0.117738
9728,0.279531,0.117517
9729,0.295447,0.115827
9730,0.287862,0.116506
9731,0.289614,0.119074
9732,0.289124,0.117532
9733,0.274345,0.118105
9734,0.286775,0.118176
9735,0.306341,0.117328
9736,0.294742,0.116430
9737,0.289002,0.118348
9738,0.289021,0.118006
9739,0.294207,0.117723
9740,0.280176,0.117969
9741,0.288458,0.119848
9742,0.306133,0.118313
9743,0.303009,0.117391
9744,0.308752,0.117473
9745,0.307117,0.117144
9746,0.286358,0.117944
9747,0.285347,0.120416
9748,0.286372,0.116258
9749,0.272340,0.116560
9750,0.299916,0.116861
9751,0.296579,0.117921
9752,0.299213,0.117459
9753,0.300569,0.119255
9754,0.287662,0.116674
9755,0.310464,0.115779
9756,0.290298,0.116904
9757,0.296320,0.116969
9758,0.282523,0.118680
9759,0.288782,0.117560
9760,0.289080,0.118218
9761,0.306554,0.117927
9762,0.306231,0.119303
9763,0.298868,0.117126
9764,0.297471,0.118039
9765,0.283025,0.116561
9766,0.284252,0.117051
9767,0.296244,0.116139
9768,0.275874,0.121944
9769,0.273686,0.116299
9770,0.298343,0.117191
9771,0.267463,0.118297
9772,0.291160,0.117165
9773,0.280570,0.115804
9774,0.305675,0.115646
9775,0.302416,0.117729
9776,0.283083,0.117987
9777,0.285508,0.117421
9778,0.293402,0.118275
9779,0.285321,0.118471
9780,0.296177,0.119555
9781,0.293039,0.118038
9782,0.291470,0.117200
9783,0.293811,0.118152
9784,0.281187,0.117577
9785,0.285679,0.117454
9786,0.284237,0.117322
9787,0.281080,0.117827
9788,0.273624,0.118600
9789,0.279566,0.118765
9790,0.295832,0.117331
9791,0.311412,0.117212
9792,0.287478,0.117980
9793,0.274665,0.119872
9794,0.279649,0.120233
9795,0.280663,0.116954
9796,0.300828,0.120878
9797,0.292855,0.116483
9798,0.303537,0.117912
9799,0.312437,0.117856
9800,0.275746,0.116178
9801,0.316170,0.119749
9802,0.309954,0.117178
9803,0.300442,0.117273
9804,0.284441,0.117594
9805,0.309460,0.117846
9806,0.300870,0.117416
9807,0.295190,0.117642
9808,0.295189,0.116253
9809,0.320579,0.117182
9810,0.288503,0.117475
9811,0.302164,0.117721
9812,0.297726,0.117877
9813,0.284392,0.118182
9814,0.307786,0.118120
9815,0.292440,0.117285
9816,0.292424,0.117261
9817,0.297476,0.116742
9818,0.321949,0.119194
9819,0.291150,0.118534
9820,0.285223,0.118334
9821,0.287231,0.117576
9822,0.294288,0.116537
9823,0.306156,0.117970
9824,0.329231,0.116737
9825,0.302381,0.116733
9826,0.285273,0.116774
9827,0.300544,0.118617
9828,0.294379,0.118635
9829,0.276951,0.117734
9830,0.294781,0.117047
9831,0.297828,0.116855
9832,0.294218,0.126577
9833,0.273403,0.117391
9834,0.287373,0.116963
9835,0.285502,0.116330
9836,0.317338,0.117973
9837,0.293701,0.118103
9838,0.297777,0.116958
9839,0.282373,0.118569
9840,0.290863,0.116194
9841,0.273438,0.117811
9842,0.286172,0.118307
9843,0.286833,0.117412
9844,0.268054,0.117172
9845,0.279371,0.117313
9846,0.292639,0.117526
9847,0.286741,0.117415
9848,0.279891,0.117911
9849,0.291960,0.117241
9850,0.281913,0.118435
9851,0.296701,0.117756
9852,0.329528,0.117712
9853,0.298319,0.116938
9854,0.279535,0.117363
9855,0.304084,0.117656
9856,0.302529,0.118181
9857,0.333389,0.118987
9858,0.281927,0.117651
9859,0.285596,0.117594
9860,0.297946,0.117794
9861,0.310606,0.117641
9862,0.300950,0.117724
9863,0.309836,0.118647
9864,0.278918,0.118538
9865,0.311457,0.117828
9866,0.311789,0.117871
9867,0.270824,0.118665
9868,0.295854,0.117936
9869,0.295901,0.117943
9870,0.284611,0.116431
9871,0.273637,0.117797
9872,0.303325,0.118504
9873,0.307069,0.118171
9874,0.308902,0.118416
9875,0.275060,0.116661
9876,0.291500,0.117793
9877,0.305466,0.119651
9878,0.306141,0.115649
9879,0.277803,0.117062
9880,0.305383,0.118450
9881,0.290048,0.117960
9882,0.312085,0.118439
9883,0.272603,0.118277
9884,0.293823,0.117724
9885,0.296997,0.117856
9886,0.294612,0.117215
9887,0.279918,0.118745
9888,0.287355,0.117564
9889,0.276992,0.117911
9890,0.306085,0.118520
9891,0.322839,0.118335
9892,0.292932,0.118565
9893,0.289323,0.118157
9894,0.295261,0.117067
9895,0.308063,0.117974
9896,0.312857,0.117801
9897,0.278615,0.118069
9898,0.317796,0.118205
9899,0.298347,0.117737
9900,0.300673,0.118364
9901,0.278102,0.118046
9902,0.278069,0.117516
9903,0.295904,0.117943
9904,0.298522,0.118249
9905,0.287606,0.118635
9906,0.285718,0.117926
9907,0.269602,0.116967
9908,0.281533,0.118579
9909,0.295364,0.118570
9910,0.287222,0.117012
9911,0.291688,0.116993
9912,0.307380,0.118320
9913,0.297455,0.117654
9914,0.288848,0.118012
9915,0.276028,0.117909
9916,0.295670,0.117059
9917,0.283848,0.117690
9918,0.293914,0.116846
9919,0.293563,0.117706
9920,0.301293,0.116520
9921,0.283584,0.116712
9922,0.291759,0.117486
9923,0.304159,0.117652
9924,0.287885,0.117872
9925,0.299804,0.117697
9926,0.292364,0.118180
9927,0.297809,0.118854
9928,0.289680,0.117504
9929,0.279767,0.117090
9930,0.273865,0.116601
9931,0.276052,0.118112
9932,0.288310,0.118687
9933,0.320237,0.118281
9934,0.282944,0.117940
9935,0.273657,0.117070
9936,0.302295,0.119144
9937,0.289980,0.118361
9938,0.285948,0.117357
9939,0.316572,0.117530
9940,0.307323,0.117035
9941,0.277951,0.118160
9942,0.283064,0.118919
9943,0.339555,0.117886
9944,0.327841,0.117664
9945,0.301321,0.116370
9946,0.301690,0.117715
9947,0.299122,0.117943
9948,0.297583,0.116660
9949,0.293874,0.118136
9950,0.289144,0.117819
9951,0.337290,0.117961
9952,0.306308,0.117374
9953,0.292083,0.118371
9954,0.299516,0.117102
9955,0.305216,0.116818
9956,0.313538,0.117655
9957,0.281703,0.118769
9958,0.296549,0.118142
9959,0.300024,0.117567
9960,0.288211,0.117626
9961,0.307692,0.117296
9962,0.286670,0.118080
9963,0.289467,0.117083
9964,0.304376,0.117640
9965,0.307300,0.117199
9966,0.287450,0.117814
9967,0.283714,0.118340
9968,0.281184,0.117619
9969,0.301818,0.118096
9970,0.308457,0.116989
9971,0.303765,0.118011
9972,0.282937,0.118020
9973,0.297214,0.116819
9974,0.273264,0.118693
9975,0.315843,0.117702
9976,0.303006,0.118271
9977,0.288804,0.119336
9978,0.286236,0.117233
9979,0.295577,0.117701
9980,0.283857,0.116564
9981,0.286669,0.117562
9982,0.308071,0.118627
9983,0.302133,0.118252
9984,0.279308,0.118159
9985,0.308886,0.117307
9986,0.308014,0.119212
9987,0.301805,0.118974
9988,0.295903,0.117395
9989,0.313431,0.117385
9990,0.335330,0.116289
9991,0.273194,0.118309
9992,0.293599,0.117972
9993,0.288553,0.118243
9994,0.298701,0.117976
9995,0.287963,0.117705
9996,0.311976,0.117346
9997,0.301766,0.117716
9998,0.287040,0.118084
9999,0.299561,0.117439
10000,0.303926,0.118910
10001,0.287709,0.115985
10002,0.284512,0.117039
10003,0.292056,0.116941
10004,0.306439,0.115472
10005,0.306819,0.116571
10006,0.323216,0.117860
10007,0.299873,0.116217
10008,0.295148,0.117643
10009,0.291485,0.118749
10010,0.292030,0.117442
10011,0.292447,0.117750
10012,0.304773,0.117056
10013,0.283984,0.117555
10014,0.303487,0.117743
10015,0.295234,0.117288
10016,0.282375,0.117891
10017,0.280584,0.117805
10018,0.307569,0.118248
10019,0.299947,0.118823
10020,0.325549,0.117217
10021,0.319900,0.117247
10022,0.277328,0.115850
10023,0.279875,0.116825
10024,0.313202,0.117694
10025,0.303789,0.117947
10026,0.313207,0.117293
10027,0.283296,0.116452
10028,0.294475,0.116851
10029,0.319146,0.118096
10030,0.290880,0.117033
10031,0.286001,0.116977
10032,0.284175,0.117539
10033,0.293122,0.117109
10034,0.287228,0.117200
10035,0.293338,0.116623
10036,0.292702,0.116479
10037,0.303934,0.116575
10038,0.285765,0.116807
10039,0.312564,0.117100
10040,0.294723,0.117020
10041,0.284069,0.119038
10042,0.291099,0.119144
10043,0.311118,0.117853
10044,0.299128,0.117211
10045,0.281025,0.115498
10046,0.303305,0.118038
10047,0.289960,0.117893
10048,0.285152,0.117547
10049,0.310927,0.118207
10050,0.290056,0.117533
10051,0.292857,0.117625
10052,0.290174,0.117120
10053,0.329982,0.116769
10054,0.298814,0.117757
10055,0.300176,0.117548
10056,0.298037,0.116581
10057,0.300869,0.117176
10058,0.285386,0.116434
10059,0.288079,0.116929
10060,0.288866,0.115742
10061,0.305048,0.117882
10062,0.294020,0.117815
10063,0.294960,0.116085
10064,0.294237,0.116541
10065,0.275776,0.117750
10066,0.289617,0.117589
10067,0.289573,0.116793
10068,0.276295,0.117086
10069,0.307756,0.117773
10070,0.299261,0.118518
10071,0.289762,0.116985
10072,0.322305,0.117549
10073,0.286781,0.116192
10074,0.288446,0.116328
10075,0.281198,0.117860
10076,0.293605,0.116980
10077,0.281546,0.117378
10078,0.286716,0.116089
10079,0.298621,0.118468
10080,0.292138,0.118072
10081,0.299538,0.117154
10082,0.283323,0.115638
10083,0.295133,0.117074
10084,0.296626,0.118030
10085,0.307927,0.117700
10086,0.289387,0.117441
10087,0.302383,0.116983
10088,0.312796,0.117759
10089,0.320306,0.116679
10090,0.296779,0.116987
10091,0.296170,0.114989
10092,0.277625,0.117221
10093,0.291348,0.117595
10094,0.294612,0.117425
10095,0.308207,0.118316
10096,0.276384,0.116863
10097,0.275682,0.117916
10098,0.299010,0.118861
10099,0.301588,0.117327
10100,0.287062,0.117005
10101,0.279177,0.119074
10102,0.288571,0.117021
10103,0.285826,0.117944
10104,0.300099,0.117637
10105,0.298729,0.117876
10106,0.288788,0.117342
10107,0.302241,0.116802
10108,0.301199,0.117414
10109,0.297908,0.116970
10110,0.306395,0.116483
10111,0.288731,0.116164
10112,0.290032,0.117257
10113,0.288949,0.117170
10114,0.274773,0.117765
10115,0.308013,0.116951
10116,0.382838,0.116538
10117,0.283986,0.116808
10118,0.305083,0.116713
10119,0.278845,0.117122
10120,0.298568,0.117028
10121,0.305768,0.117990
10122,0.304614,0.116560
10123,0.302487,0.116707
10124,0.316277,0.115522
10125,0.313996,0.116696
10126,0.294826,0.118192
10127,0.297018,0.117820
10128,0.280109,0.118248
10129,0.296521,0.116067
10130,0.295299,0.117979
10131,0.300780,0.118025
10132,0.298782,0.116778
10133,0.300140,0.117003
10134,0.289375,0.117536
10135,0.281191,0.117639
10136,0.304490,0.117525
10137,0.284589,0.117362
10138,0.309824,0.117240
10139,0.305575,0.117470
10140,0.309048,0.116221
10141,0.304262,0.116103
10142,0.308054,0.115238
10143,0.295720,0.117239
10144,0.297570,0.118600
10145,0.289319,0.117437
10146,0.309910,0.117161
10147,0.279447,0.116665
10148,0.288748,0.117147
10149,0.286061,0.118378
10150,0.293824,0.116790
10151,0.284629,0.118707
10152,0.293132,0.117935
10153,0.302299,0.117127
10154,0.310184,0.117812
10155,0.283658,0.117095
10156,0.290837,0.117521
10157,0.303281,0.116061
10158,0.306851,0.116872
10159,0.296019,0.117594
10160,0.299947,0.117314
10161,0.279859,0.117060
10162,0.292642,0.116039
10163,0.326604,0.118259
10164,0.302395,0.118290
10165,0.301231,0.115362
10166,0.292906,0.116015
10167,0.299772,0.116902
10168,0.283241,0.116857
10169,0.280313,0.117050
10170,0.315881,0.117371
10171,0.295169,0.116904
10172,0.303093,0.117430
10173,0.281537,0.116604
10174,0.278632,0.117390
10175,0.297642,0.115845
10176,0.314794,0.117858
10177,0.287692,0.118861
10178,0.315034,0.118218
10179,0.300041,0.117888
10180,0.303537,0.116554
10181,0.284541,0.117221
10182,0.286574,0.117453
10183,0.294767,0.116188
10184,0.290842,0.116178
10185,0.288371,0.117834
10186,0.287477,0.118449
10187,0.302040,0.118241
10188,0.292854,0.117347
10189,0.298777,0.117717
10190,0.291228,0.118364
10191,0.288267,0.117873
10192,0.300203,0.116968
10193,0.282880,0.117787
10194,0.278400,0.117414
10195,0.313740,0.117791
10196,0.303303,0.116366
10197,0.277500,0.117332
10198,0.292797,0.116195
10199,0.303657,0.117745
10200,0.297853,0.118097
10201,0.287998,0.119655
10202,0.282811,0.117921
10203,0.290046,0.117838
10204,0.305133,0.117206
10205,0.285098,0.116136
10206,0.288656,0.117126
10207,0.295389,0.118536
10208,0.304401,0.118122
10209,0.290999,0.118422
10210,0.310886,0.117743
10211,0.297156,0.117106
10212,0.298245,0.117576
10213,0.288261,0.117136
10214,0.312168,0.117332
10215,0.301122,0.118300
10216,0.302202,0.117259
10217,0.295717,0.116797
10218,0.275931,0.115344
10219,0.326530,0.118056
10220,0.308855,0.118743
10221,0.308980,0.117672
10222,0.301571,0.117244
10223,0.310827,0.115871
10224,0.301250,0.117742
10225,0.289111,0.118028
10226,0.278303,0.116123
10227,0.288040,0.116517
10228,0.294367,0.116621
10229,0.292131,0.117040
10230,0.304864,0.117819
10231,0.291296,0.117604
10232,0.281928,0.117866
10233,0.292646,0.118374
10234,0.297611,0.115871
10235,0.301931,0.116442
10236,0.287153,0.115674
10237,0.294014,0.117238
10238,0.319816,0.118153
10239,0.277751,0.117533
10240,0.288381,0.117927
10241,0.290195,0.116503
10242,0.298029,0.118591
10243,0.286935,0.117976
10244,0.295891,0.116957
10245,0.304408,0.116368
10246,0.272851,0.117080
10247,0.278136,0.117195
10248,0.280709,0.117369
10249,0.309821,0.117256
10250,0.285296,0.116492
10251,0.286379,0.117237
10252,0.297106,0.116859
10253,0.311291,0.118469
10254,0.315719,0.117657
10255,0.281625,0.118407
10256,0.290942,0.115790
10257,0.307952,0.116963
10258,0.285772,0.117090
10259,0.320374,0.116040
10260,0.285648,0.116402
10261,0.295391,0.117550
10262,0.280119,0.118164
10263,0.286077,0.118541
10264,0.276528,0.117322
10265,0.298226,0.116780
10266,0.293588,0.117879
10267,0.301988,0.116319
10268,0.300075,0.116880
10269,0.274897,0.115889
10270,0.303741,0.117261
10271,0.294818,0.118099
10272,0.297180,0.117314
10273,0.303304,0.117259
10274,0.309884,0.116400
10275,0.295923,0.117206
10276,0.312751,0.116869
10277,0.298594,0.116217
10278,0.302547,0.116855
10279,0.293489,0.117451
10280,0.293008,0.117979
10281,0.289177,0.117053
10282,0.290467,0.114900
10283,0.296151,0.116376
10284,0.280537,0.118214
10285,0.303376,0.117479
10286,0.287403,0.117230
10287,0.296956,0.115899
10288,0.275792,0.118634
10289,0.320022,0.119447
10290,0.302021,0.117167
10291,0.305970,0.116385
10292,0.299524,0.116311
10293,0.287893,0.116615
10294,0.296671,0.117089
10295,0.292729,0.117330
10296,0.291779,0.117051
10297,0.295549,0.118006
10298,0.300343,0.116760
10299,0.291576,0.116037
10300,0.298769,0.115689
10301,0.293066,0.118292
10302,0.292434,0.116459
10303,0.300612,0.118248
10304,0.299521,0.118425
10305,0.288594,0.117359
10306,0.309235,0.115841
10307,0.301161,0.115901
10308,0.286602,0.116708
10309,0.291026,0.117511
10310,0.294720,0.116647
10311,0.283067,0.117615
10312,0.278641,0.118277
10313,0.291173,0.117586
10314,0.294164,0.117184
10315,0.304012,0.116393
10316,0.293402,0.116250
10317,0.303864,0.117181
10318,0.297141,0.116078
10319,0.303526,0.118254
10320,0.273328,0.116318
10321,0.293723,0.117877
10322,0.293639,0.118366
10323,0.293481,0.116322
10324,0.324171,0.116300
10325,0.291618,0.116890
10326,0.298946,0.117240
10327,0.314002,0.117530
10328,0.301038,0.117855
10329,0.284519,0.117479
10330,0.301837,0.118185
10331,0.291589,0.116696
10332,0.302944,0.117073
10333,0.309588,0.116166
10334,0.316346,0.116340
10335,0.293851,0.117807
10336,0.292743,0.117889
10337,0.301463,0.117924
10338,0.313380,0.116581
10339,0.290630,0.117807
10340,0.302865,0.118481
10341,0.294903,0.116113
10342,0.321800,0.116379
10343,0.285391,0.117005
10344,0.283298,0.116932
10345,0.301898,0.117665
10346,0.312376,0.116867
10347,0.301928,0.116140
10348,0.291351,0.117267
10349,0.288663,0.116870
10350,0.296891,0.117215
10351,0.301559,0.119399
10352,0.308795,0.117674
10353,0.309599,0.116151
10354,0.303760,0.117290
10355,0.298064,0.117584
10356,0.303657,0.117096
10357,0.288451,0.116317
10358,0.288021,0.116842
10359,0.298820,0.118261
10360,0.297360,0.118076
10361,0.315117,0.114280
10362,0.315080,0.116617
10363,0.292837,0.117009
10364,0.306462,0.116791
10365,0.297380,0.116673
10366,0.289132,0.115753
10367,0.322372,0.118135
10368,0.302590,0.120034
10369,0.311659,0.118033
10370,0.312843,0.116678
10371,0.287808,0.116399
10372,0.277433,0.118169
10373,0.304113,0.117804
10374,0.300418,0.116889
10375,0.314904,0.116886
10376,0.298533,0.117997
10377,0.295725,0.117916
10378,0.290147,0.117172
10379,0.300143,0.117442
10380,0.290276,0.116577
10381,0.278908,0.116919
10382,0.288914,0.116562
10383,0.313830,0.116382
10384,0.285559,0.116096
10385,0.298252,0.117984
10386,0.293315,0.119448
10387,0.289210,0.117760
10388,0.288753,0.116959
10389,0.311499,0.115316
10390,0.308900,0.116135
10391,0.308275,0.117555
10392,0.302544,0.116139
10393,0.302941,0.117588
10394,0.316794,0.119510
10395,0.275207,0.117490
10396,0.287657,0.117691
10397,0.279551,0.116922
10398,0.288730,0.116396
10399,0.289147,0.117220
10400,0.304723,0.116461
10401,0.290350,0.119307
10402,0.290940,0.117827
10403,0.286856,0.117259
10404,0.309666,0.116389
10405,0.314007,0.117301
10406,0.290993,0.117634
10407,0.316465,0.117084
10408,0.303847,0.117055
10409,0.306050,0.116745
10410,0.314456,0.117483
10411,0.281917,0.118316
10412,0.285449,0.116496
10413,0.306118,0.117073
10414,0.301855,0.118449
10415,0.314648,0.117421
10416,0.294408,0.117154
10417,0.279942,0.117492
10418,0.305138,0.116751
10419,0.281978,0.117944
10420,0.305027,0.116697
10421,0.316866,0.117128
10422,0.289133,0.116967
10423,0.287163,0.117650
10424,0.301677,0.118873
10425,0.303946,0.117210
10426,0.313038,0.116966
10427,0.283041,0.115646
10428,0.309304,0.117154
10429,0.291315,0.118366
10430,0.284214,0.116333
10431,0.278221,0.116960
10432,0.282129,0.117880
10433,0.288330,0.117384
10434,0.272865,0.117018
10435,0.303463,0.117286
10436,0.286833,0.116732
10437,0.295578,0.117409
10438,0.302391,0.116193
10439,0.293120,0.116786
10440,0.298284,0.116075
10441,0.275895,0.118403
10442,0.281900,0.119453
10443,0.301184,0.117512
10444,0.291232,0.117671
10445,0.283493,0.115344
10446,0.308509,0.116722
10447,0.308447,0.118313
10448,0.289702,0.116402
10449,0.316477,0.117231
10450,0.305196,0.118172
10451,0.307810,0.118397
10452,0.297125,0.117804
10453,0.301810,0.117106
10454,0.299849,0.117277
10455,0.287842,0.117239
10456,0.283094,0.116749
10457,0.307557,0.117772
10458,0.299301,0.116311
10459,0.298673,0.117189
10460,0.309768,0.116761
10461,0.318563,0.117909
10462,0.296172,0.118918
10463,0.309071,0.117733
10464,0.306262,0.117111
10465,0.294991,0.115453
10466,0.341010,0.117302
10467,0.280065,0.118091
10468,0.321302,0.117159
10469,0.296823,0.116481
10470,0.312298,0.117871
10471,0.285239,0.117185
10472,0.290823,0.117064
10473,0.298201,0.117321
10474,0.311362,0.117144
10475,0.311551,0.117659
10476,0.319076,0.116731
10477,0.319818,0.116080
10478,0.323173,0.115732
10479,0.294557,0.117711
10480,0.310333,0.118765
10481,0.328714,0.117545
10482,0.336305,0.117510
10483,0.295016,0.116083
10484,0.311062,0.117528
10485,0.303721,0.117545
10486,0.292289,0.115936
10487,0.296637,0.116539
10488,0.279367,0.117870
10489,0.324423,0.117457
10490,0.305582,0.116896
10491,0.303795,0.117138
10492,0.284400,0.117471
10493,0.299187,0.118436
10494,0.302087,0.116971
10495,0.300969,0.116984
10496,0.300007,0.116117
10497,0.299488,0.118393
10498,0.295581,0.118029
10499,0.283384,0.117752
10500,0.300158,0.117967
10501,0.305806,0.118937
10502,0.335558,0.117157
10503,0.290033,0.115989
10504,0.293568,0.117702
10505,0.285989,0.117924
10506,0.298957,0.117444
10507,0.284138,0.116334
10508,0.302344,0.117472
10509,0.289831,0.118098
10510,0.284234,0.117795
10511,0.295675,0.116910
10512,0.293487,0.116896
10513,0.306033,0.117649
10514,0.295158,0.117121
10515,0.300293,0.117126
10516,0.335486,0.116873
10517,0.338928,0.117094
10518,0.296346,0.118023
10519,0.295407,0.117292
10520,0.310707,0.117277
10521,0.332877,0.115665
10522,0.298795,0.118294
10523,0.305732,0.118751
10524,0.320301,0.117280
10525,0.319780,0.117063
10526,0.293393,0.115631
10527,0.293660,0.117835
10528,0.288063,0.117575
10529,0.299851,0.116136
10530,0.315007,0.117251
10531,0.288559,0.118004
10532,0.285869,0.117501
10533,0.296723,0.117650
10534,0.311749,0.117259
10535,0.283183,0.117152
10536,0.292368,0.117634
10537,0.302718,0.116704
10538,0.317743,0.116119
10539,0.282803,0.116045
10540,0.303965,0.118022
10541,0.306033,0.119285
10542,0.288565,0.117196
10543,0.307175,0.117618
10544,0.290457,0.115821
10545,0.310482,0.117523
10546,0.303341,0.118457
10547,0.309713,0.116920
10548,0.281397,0.117201
10549,0.289790,0.118123
10550,0.326798,0.117408
10551,0.314517,0.118756
10552,0.287324,0.116816
10553,0.298621,0.117550
10554,0.314276,0.117660
10555,0.295948,0.117428
10556,0.287819,0.118946
10557,0.305451,0.117335
10558,0.302756,0.118237
10559,0.290603,0.117908
10560,0.317086,0.117402
10561,0.314652,0.117644
10562,0.309106,0.116830
10563,0.294978,0.117023
10564,0.311541,0.118341
10565,0.294351,0.117931
10566,0.278502,0.119112
10567,0.315778,0.119935
10568,0.312621,0.117931
10569,0.299986,0.117806
10570,0.287217,0.117629
10571,0.303566,0.117102
10572,0.301083,0.117197
10573,0.295554,0.117768
10574,0.292612,0.117780
10575,0.301650,0.117369
10576,0.294694,0.117761
10577,0.316513,0.117622
10578,0.292910,0.117627
10579,0.284663,0.117877
10580,0.297190,0.117128
10581,0.292709,0.117500
10582,0.301067,0.116786
10583,0.318509,0.116071
10584,0.302052,0.117483
10585,0.288152,0.117181
10586,0.278356,0.117446
10587,0.297750,0.116352
10588,0.304278,0.118640
10589,0.295385,0.118759
10590,0.305407,0.117606
10591,0.295130,0.116912
10592,0.285803,0.115589
10593,0.296826,0.117585
10594,0.299120,0.118653
10595,0.282744,0.116726
10596,0.291552,0.117356
10597,0.296214,0.117708
10598,0.297228,0.117555
10599,0.304994,0.117210
10600,0.299456,0.117634
10601,0.294487,0.117754
10602,0.312032,0.115054
10603,0.312056,0.116902
10604,0.296004,0.117948
10605,0.308081,0.117855
10606,0.301571,0.118154
10607,0.296406,0.116763
10608,0.338702,0.117401
10609,0.297046,0.118679
10610,0.291636,0.117241
10611,0.314797,0.116708
10612,0.297480,0.115793
10613,0.288282,0.116647
10614,0.291281,0.118471
10615,0.299577,0.116762
10616,0.295070,0.117920
10617,0.321444,0.119420
10618,0.310669,0.117211
10619,0.313093,0.117556
10620,0.316436,0.116594
10621,0.313782,0.116188
10622,0.307792,0.117366
10623,0.302724,0.116477
10624,0.306735,0.117230
10625,0.308932,0.117459
10626,0.294695,0.118944
10627,0.303835,0.118548
10628,0.301309,0.115600
10629,0.299636,0.116411
10630,0.303806,0.117057
10631,0.308211,0.116724
10632,0.319424,0.117297
10633,0.314363,0.117221
10634,0.298065,0.116903
10635,0.301984,0.117384
10636,0.315570,0.117543
10637,0.313756,0.116821
10638,0.299051,0.116488
10639,0.281357,0.117795
10640,0.315594,0.119745
10641,0.301121,0.117845
10642,0.305839,0.117642
10643,0.320467,0.115408
10644,0.296329,0.117056
10645,0.303213,0.118438
10646,0.311049,0.116882
10647,0.308889,0.117528
10648,0.302620,0.118606
10649,0.304701,0.117811
10650,0.292318,0.118997
10651,0.299722,0.116831
10652,0.305998,0.117157
10653,0.307760,0.131443
10654,0.288779,0.117119
10655,0.286922,0.117682
10656,0.303036,0.117122
10657,0.321124,0.117004
10658,0.315734,0.120464
10659,0.303383,0.119641
10660,0.295851,0.116064
10661,0.292132,0.116297
10662,0.305733,0.116332
10663,0.303387,0.118092
10664,0.291140,0.117910
10665,0.307098,0.117133
10666,0.296049,0.117663
10667,0.306346,0.116264
10668,0.302626,0.116526
10669,0.298072,0.116228
10670,0.294135,0.117763
10671,0.296721,0.117735
10672,0.311282,0.117207
10673,0.309188,0.121043
10674,0.304270,0.134180
10675,0.286013,0.119004
10676,0.299987,0.115622
10677,0.320246,0.118779
10678,0.295615,0.117017
10679,0.311662,0.118982
10680,0.301756,0.115274
10681,0.313061,0.115908
10682,0.294603,0.117125
10683,0.316870,0.118101
10684,0.306466,0.118854
10685,0.308597,0.115600
10686,0.303968,0.117936
10687,0.288292,0.117890
10688,0.317055,0.116723
10689,0.311439,0.118193
10690,0.323583,0.118066
10691,0.296133,0.125464
10692,0.306721,0.122094
10693,0.311857,0.116626
10694,0.289447,0.117066
10695,0.300164,0.118552
10696,0.308825,0.116758
10697,0.304837,0.116753
10698,0.308499,0.118072
10699,0.312806,0.120654
10700,0.313527,0.117894
10701,0.303401,0.117088
10702,0.307817,0.116711
10703,0.303332,0.115725
10704,0.316184,0.118301
10705,0.302188,0.117735
10706,0.303249,0.116875
10707,0.305992,0.115717
10708,0.281592,0.122365
10709,0.300023,0.117418
10710,0.297666,0.118351
10711,0.303570,0.118644
10712,0.285867,0.116327
10713,0.299158,0.118035
10714,0.308511,0.117261
10715,0.279665,0.117436
10716,0.293900,0.116997
10717,0.294025,0.117855
10718,0.299666,0.119224
10719,0.297664,0.119203
10720,0.293243,0.117529
10721,0.291848,0.116956
10722,0.298304,0.117255
10723,0.304749,0.118030
10724,0.298595,0.118252
10725,0.292283,0.115660
10726,0.298013,0.117384
10727,0.310971,0.117396
10728,0.304537,0.116437
10729,0.292545,0.116053
10730,0.292079,0.117473
10731,0.308919,0.119584
10732,0.292712,0.118325
10733,0.296990,0.117336
10734,0.282427,0.115030
10735,0.306542,0.118135
10736,0.360548,0.117908
10737,0.315164,0.116295
10738,0.305264,0.117207
10739,0.300528,0.118553
10740,0.317617,0.117707
10741,0.301805,0.117970
10742,0.316217,0.117556
10743,0.303329,0.123893
10744,0.300333,0.118391
10745,0.290067,0.117863
10746,0.312702,0.117471
10747,0.296805,0.115590
10748,0.298149,0.116210
10749,0.326108,0.117523
10750,0.323476,0.116557
10751,0.315783,0.118445
10752,0.298670,0.120218
10753,0.321727,0.119879
10754,0.334590,0.118066
10755,0.298665,0.117159
10756,0.331631,0.115828
10757,0.297655,0.120684
10758,0.311008,0.116290
10759,0.301186,0.115821
10760,0.286182,0.115242
10761,0.298180,0.117208
10762,0.292771,0.118246
10763,0.301387,0.121803
10764,0.295077,0.116833
10765,0.311911,0.115596
10766,0.314339,0.117231
10767,0.320837,0.118962
10768,0.320463,0.117182
10769,0.291520,0.117405
10770,0.290943,0.119270
10771,0.301548,0.116827
10772,0.308996,0.116758
10773,0.311545,0.115987
10774,0.312593,0.116799
10775,0.310457,0.118202
10776,0.316748,0.121080
10777,0.309062,0.116423
10778,0.313048,0.117888
10779,0.302277,0.117106
10780,0.313044,0.118053
10781,0.291228,0.115566
10782,0.331486,0.119257
10783,0.304226,0.117485
10784,0.315892,0.117140
10785,0.310942,0.120782
10786,0.297298,0.116247
10787,0.300138,0.116259
10788,0.314512,0.116834
10789,0.304768,0.117607
10790,0.311796,0.118421
10791,0.310340,0.118048
10792,0.293356,0.116658
10793,0.309119,0.116826
10794,0.305350,0.118647
10795,0.299490,0.117112
10796,0.298345,0.118945
10797,0.310855,0.117584
10798,0.294266,0.115806
10799,0.299290,0.117572
10800,0.291194,0.127110
10801,0.288877,0.118337
10802,0.316681,0.116727
10803,0.319884,0.117041
10804,0.284684,0.116468
10805,0.312182,0.125175
10806,0.311959,0.118020
10807,0.311236,0.117437
10808,0.295842,0.117367
10809,0.295987,0.117921
10810,0.284042,0.116244
10811,0.301915,0.116192
10812,0.299161,0.115571
10813,0.283636,0.117128
10814,0.293853,0.117141
10815,0.298701,0.116459
10816,0.290970,0.116108
10817,0.312505,0.119731
10818,0.301025,0.117088
10819,0.297213,0.117946
10820,0.292531,0.116099
10821,0.299227,0.119337
10822,0.292304,0.117675
10823,0.290769,0.117297
10824,0.311038,0.116628
10825,0.315074,0.122823
10826,0.293936,0.116812
10827,0.308325,0.117583
10828,0.306628,0.117265
10829,0.302429,0.116776
10830,0.316637,0.117576
10831,0.324228,0.116200
10832,0.306416,0.116825
10833,0.294201,0.116540
10834,0.293556,0.117124
10835,0.323068,0.117975
10836,0.313186,0.119287
10837,0.290602,0.116672
10838,0.297981,0.117714
10839,0.323582,0.117083
10840,0.332436,0.115771
10841,0.294951,0.115033
10842,0.296282,0.116882
10843,0.303319,0.119703
10844,0.286003,0.116488
10845,0.314233,0.116671
10846,0.310171,0.118856
10847,0.295455,0.116649
10848,0.306940,0.117003
10849,0.297442,0.117189
10850,0.298825,0.117185
10851,0.303638,0.119116
10852,0.322159,0.117056
10853,0.304429,0.118227
10854,0.314646,0.116441
10855,0.296007,0.116709
10856,0.291142,0.115388
10857,0.309913,0.116895
10858,0.308989,0.117882
10859,0.296036,0.115899
10860,0.313792,0.116214
10861,0.292894,0.117905
10862,0.301429,0.117058
10863,0.314807,0.125593
10864,0.297996,0.115654
10865,0.328278,0.117069
10866,0.297311,0.116816
10867,0.282259,0.117628
10868,0.301195,0.116741
10869,0.306885,0.118385
10870,0.322460,0.116056
10871,0.296384,0.115861
10872,0.313802,0.120160
10873,0.304326,0.115670
10874,0.287045,0.116667
10875,0.292839,0.116633
10876,0.297772,0.119940
10877,0.340829,0.116872
10878,0.318084,0.116737
10879,0.293779,0.116905
10880,0.312441,0.116020
10881,0.328929,0.116469
10882,0.325857,0.118486
10883,0.293745,0.116671
10884,0.334506,0.117047
10885,0.305906,0.117104
10886,0.331290,0.116864
10887,0.318073,0.117626
10888,0.309682,0.116505
10889,0.326332,0.117126
10890,0.329703,0.124544
10891,0.309862,0.116313
10892,0.317043,0.119205
10893,0.287592,0.120126
10894,0.318838,0.117269
10895,0.341344,0.117896
10896,0.348204,0.121562
10897,0.300337,0.117370
10898,0.299708,0.120587
10899,0.301679,0.122507
10900,0.308861,0.120412
10901,0.294581,0.117142
10902,0.304175,0.116684
10903,0.312572,0.116656
10904,0.321236,0.117043
10905,0.302110,0.117426
10906,0.296735,0.116933
10907,0.297656,0.118420
10908,0.322274,0.117861
10909,0.313534,0.122850
10910,0.308989,0.116957
10911,0.285666,0.117989
10912,0.327096,0.117414
10913,0.296911,0.127763
10914,0.298286,0.115924
10915,0.308665,0.116466
10916,0.293105,0.118628
10917,0.308845,0.114466
10918,0.292727,0.115807
10919,0.292221,0.117489
10920,0.296365,0.116500
10921,0.285464,0.116415
10922,0.294656,0.115596
10923,0.306647,0.118058
10924,0.318050,0.118629
10925,0.306448,0.117041
10926,0.286457,0.116292
10927,0.294257,0.117591
10928,0.291631,0.117831
10929,0.303537,0.117675
10930,0.302696,0.115625
10931,0.320665,0.115503
10932,0.308088,0.117903
10933,0.303672,0.116997
10934,0.305065,0.119465
10935,0.313052,0.115932
10936,0.346198,0.115970
10937,0.298402,0.121497
10938,0.304148,0.117392
10939,0.296771,0.116922
10940,0.311688,0.116804
10941,0.307185,0.115974
10942,0.287601,0.116630
10943,0.293324,0.115393
10944,0.314608,0.118946
10945,0.282019,0.119438
10946,0.310167,0.122201
10947,0.325445,0.116642
10948,0.308481,0.117756
10949,0.306091,0.128309
10950,0.296439,0.116397
10951,0.306116,0.117305
10952,0.300277,0.120509
10953,0.299278,0.128431
10954,0.307778,0.117941
10955,0.296479,0.115773
10956,0.306791,0.116841
10957,0.307196,0.115988
10958,0.308992,0.116325
10959,0.299999,0.116461
10960,0.297828,0.119470
10961,0.305294,0.123455
10962,0.286318,0.117287
10963,0.299881,0.116814
10964,0.299155,0.114923
10965,0.292673,0.116426
10966,0.298258,0.117153
10967,0.289551,0.116229
10968,0.305693,0.117307
10969,0.305103,0.118274
10970,0.314656,0.123267
10971,0.316313,0.118002
10972,0.304120,0.115579
10973,0.306049,0.119161
10974,0.307460,0.118064
10975,0.299699,0.117692
10976,0.313964,0.116655
10977,0.301015,0.117105
10978,0.303302,0.127036
10979,0.310104,0.115575
10980,0.302820,0.115182
10981,0.303683,0.116852
10982,0.326530,0.117801
10983,0.315477,0.116961
10984,0.299498,0.117992
10985,0.324620,0.115597
10986,0.331021,0.117105
10987,0.309344,0.117575
10988,0.309002,0.116276
10989,0.298643,0.116243
10990,0.303462,0.121138
10991,0.297027,0.116075
10992,0.322251,0.116354
10993,0.297737,0.117436
10994,0.310130,0.116998
10995,0.316561,0.117714
10996,0.291479,0.116797
10997,0.293363,0.116705
10998,0.299385,0.116705
10999,0.309516,0.118031
11000,0.302568,0.117655
11001,0.317693,0.117496
11002,0.289685,0.118641
11003,0.340714,0.121471
11004,0.296788,0.116623
11005,0.302701,0.118459
11006,0.300322,0.117680
11007,0.290991,0.115889
11008,0.286646,0.115885
11009,0.310305,0.116524
11010,0.313806,0.117471
11011,0.284033,0.116990
11012,0.307130,0.116949
11013,0.301727,0.117842
11014,0.300209,0.117529
11015,0.303338,0.115832
11016,0.299634,0.120245
11017,0.335328,0.116471
11018,0.305151,0.118115
11019,0.299244,0.117094
11020,0.299361,0.118011
11021,0.297069,0.114756
11022,0.290491,0.116688
11023,0.315469,0.117088
11024,0.313979,0.116613
11025,0.295121,0.116872
11026,0.294913,0.117870
11027,0.283702,0.116125
11028,0.295389,0.116357
11029,0.290626,0.115148
11030,0.308353,0.119265
11031,0.326466,0.116744
11032,0.296327,0.116169
11033,0.301977,0.117042
11034,0.298558,0.119963
11035,0.289107,0.116292
11036,0.311113,0.116595
11037,0.290336,0.115033
11038,0.308478,0.118032
11039,0.298330,0.121624
11040,0.311158,0.116462
11041,0.310750,0.116275
11042,0.305599,0.117294
11043,0.296197,0.118341
11044,0.300895,0.117542
11045,0.313089,0.115488
11046,0.300683,0.116887
11047,0.323638,0.118350
11048,0.307081,0.116408
11049,0.314818,0.116692
11050,0.295122,0.122303
11051,0.313732,0.116928
11052,0.313627,0.117184
11053,0.311441,0.117101
11054,0.313690,0.116548
11055,0.296701,0.115392
11056,0.333705,0.123497
11057,0.317186,0.116121
11058,0.320503,0.119342
11059,0.312510,0.117045
11060,0.294533,0.122543
11061,0.309883,0.116872
11062,0.341925,0.116555
11063,0.336433,0.116100
11064,0.319740,0.116422
11065,0.300485,0.117210
11066,0.286181,0.116508
11067,0.295844,0.118768
11068,0.315049,0.118646
11069,0.348153,0.116708
11070,0.328319,0.117669
11071,0.338904,0.116547
11072,0.299339,0.117022
11073,0.291479,0.124814
11074,0.324327,0.115944
11075,0.341189,0.117382
11076,0.312363,0.115602
11077,0.309319,0.116714
11078,0.298763,0.116965
11079,0.340986,0.120324
11080,0.294807,0.116572
11081,0.306328,0.117453
11082,0.292692,0.116820
11083,0.332292,0.119611
11084,0.309904,0.116436
11085,0.314215,0.116010
11086,0.310578,0.117724
11087,0.301032,0.117416
11088,0.284626,0.116911
11089,0.324510,0.115964
11090,0.346803,0.118740
11091,0.294808,0.123077
11092,0.312148,0.116501
11093,0.320875,0.116710
11094,0.294420,0.122780
11095,0.295063,0.118302
11096,0.340690,0.116357
11097,0.297631,0.115415
11098,0.300352,0.117248
11099,0.301610,0.117901
11100,0.297256,0.115388
11101,0.302908,0.117442
11102,0.292665,0.117208
11103,0.310372,0.116898
11104,0.284139,0.117136
11105,0.294436,0.116281
11106,0.307840,0.117056
11107,0.301898,0.116363
11108,0.316347,0.116697
11109,0.329481,0.117949
11110,0.314414,0.116767
11111,0.322221,0.115695
11112,0.306309,0.116589
11113,0.287116,0.116860
11114,0.298620,0.118538
11115,0.308728,0.117174
11116,0.298372,0.116929
11117,0.311433,0.117173
11118,0.310856,0.115808
11119,0.308706,0.118147
11120,0.307210,0.115674
11121,0.320813,0.119198
11122,0.304526,0.116234
11123,0.307338,0.116285
11124,0.296819,0.118719
11125,0.297079,0.121602
11126,0.340258,0.114950
11127,0.308402,0.117250
11128,0.298231,0.117616
11129,0.315338,0.118460
11130,0.327804,0.117406
11131,0.322878,0.116148
11132,0.326587,0.115802
11133,0.325090,0.117582
11134,0.304025,0.116579
11135,0.310693,0.116920
11136,0.331105,0.119108
11137,0.319780,0.116887
11138,0.308760,0.117282
11139,0.313961,0.116607
11140,0.300047,0.116394
11141,0.316312,0.116196
11142,0.328841,0.117496
11143,0.292891,0.119238
11144,0.293970,0.117749
11145,0.299946,0.115329
11146,0.310631,0.116331
11147,0.325321,0.118238
11148,0.315462,0.124254
11149,0.297238,0.117357
11150,0.311275,0.116367
11151,0.307344,0.116917
11152,0.300789,0.117983
11153,0.309278,0.118365
11154,0.305520,0.117211
11155,0.310748,0.116499
11156,0.290945,0.115658
11157,0.306917,0.116070
11158,0.292569,0.118909
11159,0.329714,0.116078
11160,0.303755,0.116899
11161,0.307854,0.117673
11162,0.319773,0.117359
11163,0.299857,0.117346
11164,0.297346,0.115689
11165,0.302549,0.115734
11166,0.308289,0.124612
11167,0.302753,0.116980
11168,0.295648,0.120187
11169,0.309731,0.115343
11170,0.304701,0.118548
11171,0.297664,0.124354
11172,0.292631,0.117045
11173,0.315629,0.116928
11174,0.309382,0.124487
11175,0.311935,0.117186
11176,0.287730,0.116551
11177,0.300885,0.115207
11178,0.315060,0.116803
11179,0.357513,0.117211
11180,0.294147,0.116011
11181,0.334047,0.116400
11182,0.307819,0.126508
11183,0.312391,0.117253
11184,0.303389,0.116600
11185,0.306389,0.115471
11186,0.311608,0.127486
11187,0.293896,0.118036
11188,0.316671,0.117631
11189,0.312208,0.117908
11190,0.296754,0.116981
11191,0.294335,0.116830
11192,0.299735,0.117173
11193,0.298702,0.117385
11194,0.297015,0.115749
11195,0.312424,0.117828
11196,0.310061,0.116589
11197,0.312872,0.122857
11198,0.314450,0.115426
11199,0.306408,0.116876
11200,0.305155,0.116473
11201,0.292954,0.117346
11202,0.313635,0.117372
11203,0.326788,0.124280
11204,0.336330,0.116622
11205,0.326775,0.117042
11206,0.314907,0.117934
11207,0.298415,0.116334
11208,0.296672,0.115644
11209,0.318546,0.116743
11210,0.352442,0.117800
11211,0.316210,0.116027
11212,0.296632,0.116152
11213,0.311715,0.116900
11214,0.294330,0.117514
11215,0.303837,0.117636
11216,0.319948,0.116771
11217,0.295618,0.133949
11218,0.311306,0.118453
11219,0.358757,0.118122
11220,0.305173,0.116016
11221,0.294633,0.116743
11222,0.290029,0.116907
11223,0.320814,0.116862
11224,0.320445,0.117336
11225,0.313908,0.120576
11226,0.297133,0.117701
11227,0.300090,0.117021
11228,0.315002,0.116885
11229,0.336992,0.115202
11230,0.295456,0.116159
11231,0.291623,0.116934
11232,0.314542,0.116377
11233,0.318379,0.116972
11234,0.307560,0.118077
11235,0.294271,0.117995
11236,0.325403,0.117043
11237,0.313571,0.114705
11238,0.299380,0.115859
11239,0.309602,0.117689
11240,0.314591,0.116580
11241,0.342053,0.117182
11242,0.317808,0.116865
11243,0.299763,0.117160
11244,0.300535,0.118492
11245,0.324666,0.116642
11246,0.309031,0.115927
11247,0.313238,0.117739
11248,0.316106,0.116675
11249,0.316606,0.118368
11250,0.306502,0.119394
11251,0.301454,0.117768
11252,0.298793,0.115241
11253,0.305869,0.116297
11254,0.284834,0.116225
11255,0.297723,0.116277
11256,0.318751,0.117985
11257,0.310229,0.117392
11258,0.309504,0.119713
11259,0.303162,0.117191
11260,0.319691,0.117362
11261,0.316466,0.116534
11262,0.293886,0.117896
11263,0.296946,0.117361
11264,0.304704,0.117414
11265,0.311312,0.115319
11266,0.292960,0.117129
11267,0.311212,0.120878
11268,0.316207,0.117549
11269,0.333576,0.116513
11270,0.299857,0.117539
11271,0.334985,0.117251
11272,0.300164,0.126354
11273,0.320304,0.116054
11274,0.307942,0.116080
11275,0.315833,0.116468
11276,0.302311,0.120181
11277,0.301019,0.116821
11278,0.321161,0.118560
11279,0.328159,0.116200
11280,0.320546,0.117687
11281,0.317071,0.117168
11282,0.322658,0.116456
11283,0.329819,0.120095
11284,0.323662,0.117637
11285,0.311305,0.116270
11286,0.304851,0.116426
11287,0.316401,0.117592
11288,0.332863,0.118751
11289,0.358046,0.117090
11290,0.330032,0.116939
11291,0.295388,0.117176
11292,0.318611,0.117607
11293,0.307209,0.116256
11294,0.308887,0.115385
11295,0.314919,0.119639
11296,0.300150,0.118510
11297,0.308699,0.116424
11298,0.323145,0.117799
11299,0.299793,0.117029
11300,0.304234,0.116666
11301,0.301288,0.118113
11302,0.295979,0.117020
11303,0.319826,0.119156
11304,0.314566,0.115571
11305,0.328035,0.117474
11306,0.307550,0.119725
11307,0.319054,0.117279
11308,0.324201,0.116034
11309,0.311772,0.115886
11310,0.321670,0.119061
11311,0.320247,0.125451
11312,0.312350,0.117551
11313,0.302869,0.116560
11314,0.299013,0.117878
11315,0.334078,0.117680
11316,0.319005,0.115674
11317,0.324138,0.117655
11318,0.317765,0.116454
11319,0.315937,0.117287
11320,0.324483,0.117124
11321,0.302980,0.122128
11322,0.314451,0.117122
11323,0.312812,0.115916
11324,0.334493,0.116221
11325,0.305564,0.119699
11326,0.306758,0.116938
11327,0.312111,0.117136
11328,0.300948,0.116047
11329,0.294912,0.118444
11330,0.306647,0.117356
11331,0.312321,0.115557
11332,0.301149,0.115861
11333,0.310126,0.115252
11334,0.311612,0.116385
11335,0.297918,0.119538
11336,0.298978,0.116990
11337,0.301531,0.115361
11338,0.317807,0.116243
11339,0.309642,0.116780
11340,0.304304,0.117208
11341,0.322436,0.116956
11342,0.343804,0.117287
11343,0.314138,0.118505
11344,0.285571,0.116004
11345,0.333769,0.116101
11346,0.309258,0.115040
11347,0.309318,0.116790
11348,0.308641,0.118038
11349,0.312449,0.116884
11350,0.303458,0.117744
11351,0.309721,0.117899
11352,0.304402,0.116670
11353,0.297145,0.117680
11354,0.303747,0.116696
11355,0.302329,0.116737
11356,0.323200,0.114600
11357,0.328802,0.117513
11358,0.289830,0.117572
11359,0.319649,0.117033
11360,0.294095,0.116323
11361,0.303826,0.116670
11362,0.309832,0.116780
11363,0.291063,0.116645
11364,0.292654,0.116476
11365,0.304306,0.116970
11366,0.306449,0.117748
11367,0.304556,0.116142
11368,0.304506,0.116157
11369,0.319694,0.115417
11370,0.305931,0.116654
11371,0.317508,0.117633
11372,0.334441,0.116531
11373,0.290931,0.115482
11374,0.301548,0.116281
11375,0.316019,0.117090
11376,0.304552,0.116874
11377,0.331249,0.117223
11378,0.316413,0.116878
11379,0.317884,0.117249
11380,0.304015,0.116764
11381,0.312091,0.116393
11382,0.317796,0.117656
11383,0.313299,0.116505
11384,0.301512,0.118297
11385,0.301678,0.117260
11386,0.300146,0.117549
11387,0.318691,0.120560
11388,0.325733,0.116874
11389,0.311981,0.117079
11390,0.304205,0.116166
11391,0.295899,0.116017
11392,0.317379,0.117664
11393,0.316967,0.116483
11394,0.305921,0.115811
11395,0.303060,0.115892
11396,0.303363,0.117846
11397,0.316290,0.117123
11398,0.328071,0.117859
11399,0.299842,0.117451
11400,0.306151,0.117980
11401,0.301968,0.116597
11402,0.462323,0.120292
11403,0.284345,0.117426
11404,0.320266,0.117113
11405,0.295074,0.115527
11406,0.320569,0.117249
11407,0.308289,0.117337
11408,0.321062,0.117217
11409,0.316365,0.118799
11410,0.317103,0.117651
11411,0.299129,0.118654
11412,0.320817,0.117232
11413,0.322528,0.114333
11414,0.309160,0.116110
11415,0.295307,0.117164
11416,0.317443,0.119580
11417,0.329989,0.117380
11418,0.311012,0.117275
11419,0.311925,0.118149
11420,0.306770,0.116474
11421,0.319644,0.122196
11422,0.315151,0.117099
11423,0.300223,0.117002
11424,0.302069,0.116522
11425,0.309407,0.115903
11426,0.317487,0.127361
11427,0.320153,0.117143
11428,0.321610,0.117189
11429,0.324896,0.120317
11430,0.321600,0.116539
11431,0.304826,0.117382
11432,0.318297,0.117040
11433,0.293647,0.117294
11434,0.313067,0.115139
11435,0.308214,0.115647
11436,0.319826,0.117846
11437,0.304179,0.117182
11438,0.319173,0.116564
11439,0.338716,0.122042
11440,0.331462,0.116220
11441,0.322684,0.115699
11442,0.308214,0.115679
11443,0.328538,0.116401
11444,0.314331,0.116966
11445,0.314810,0.117285
11446,0.305182,0.117871
11447,0.306660,0.116036
11448,0.318598,0.117468
11449,0.290026,0.124303
11450,0.306971,0.119012
11451,0.315888,0.117294
11452,0.315603,0.119825
11453,0.320196,0.117404
11454,0.324317,0.117947
11455,0.333494,0.116015
11456,0.302898,0.117453
11457,0.326037,0.115360
11458,0.312885,0.116845
11459,0.321217,0.118336
11460,0.321469,0.115953
11461,0.343217,0.116048
11462,0.318685,0.115950
11463,0.305779,0.120844
11464,0.323713,0.116943
11465,0.308196,0.116959
11466,0.311914,0.120864
11467,0.307924,0.117198
11468,0.308376,0.116513
11469,0.339974,0.116566
11470,0.322738,0.117775
11471,0.353722,0.115791
11472,0.305068,0.119012
11473,0.310650,0.116667
11474,0.311943,0.116771
11475,0.309020,0.118101
11476,0.292488,0.116458
11477,0.312476,0.116975
11478,0.314646,0.115800
11479,0.315813,0.117583
11480,0.325266,0.118245
11481,0.296604,0.120744
11482,0.331704,0.116919
11483,0.334816,0.116161
11484,0.305674,0.117197
11485,0.302168,0.118509
11486,0.307610,0.116409
11487,0.304382,0.115505
11488,0.306127,0.116860
11489,0.306232,0.118672
11490,0.303780,0.116998
11491,0.298852,0.117602
11492,0.319713,0.116710
11493,0.318802,0.117996
11494,0.299259,0.116173
11495,0.316849,0.116594
11496,0.302131,0.115172
11497,0.315408,0.116235
11498,0.345281,0.117656
11499,0.313650,0.119789
11500,0.301334,0.116951
11501,0.301230,0.117789
11502,0.328688,0.117954
11503,0.306138,0.117451
11504,0.295815,0.116815
11505,0.317400,0.116930
11506,0.302538,0.115516
11507,0.314618,0.115679
11508,0.305279,0.116882
11509,0.303933,0.116479
11510,0.304694,0.117349
11511,0.311119,0.115621
11512,0.301350,0.117737
11513,0.321428,0.118052
11514,0.324520,0.115937
11515,0.302149,0.116274
11516,0.292424,0.116595
11517,0.302092,0.116803
11518,0.301259,0.117189
11519,0.312688,0.117183
11520,0.305506,0.116753
11521,0.321301,0.117695
11522,0.315628,0.115817
11523,0.302861,0.115901
11524,0.310344,0.115653
11525,0.296776,0.116750
11526,0.311263,0.119637
11527,0.309059,0.117269
11528,0.299282,0.116322
11529,0.300803,0.116491
11530,0.294860,0.117667
11531,0.306743,0.117673
11532,0.297606,0.116371
11533,0.347366,0.122357
11534,0.331853,0.117112
11535,0.323034,0.116732
11536,0.299267,0.116375
11537,0.307897,0.114752
11538,0.355364,0.116101
11539,0.322674,0.121592
11540,0.307364,0.119122
11541,0.311265,0.117027
11542,0.308105,0.115922
11543,0.321034,0.115861
11544,0.319814,0.116626
11545,0.320328,0.116323
11546,0.313700,0.117504
11547,0.317068,0.118550
11548,0.318229,0.117290
11549,0.325405,0.116949
11550,0.363877,0.115143
11551,0.314701,0.117344
11552,0.296654,0.116043
11553,0.321071,0.117049
11554,0.312152,0.117519
11555,0.327732,0.116503
11556,0.302589,0.116501
11557,0.316765,0.118120
11558,0.306316,0.116856
11559,0.331589,0.117479
11560,0.324161,0.117054
11561,0.311941,0.116595
11562,0.315199,0.117921
11563,0.299777,0.116714
11564,0.318720,0.115942
11565,0.322533,0.115862
11566,0.300168,0.116480
11567,0.302180,0.118524
11568,0.304537,0.118132
11569,0.311221,0.124689
11570,0.331009,0.116008
11571,0.303471,0.116990
11572,0.323212,0.117697
11573,0.307013,0.116905
11574,0.321275,0.117147
11575,0.303613,0.117735
11576,0.302116,0.115929
11577,0.315933,0.115938
11578,0.324505,0.115029
11579,0.312270,0.118417
11580,0.327684,0.118619
11581,0.324589,0.116938
11582,0.345722,0.116533
11583,0.311595,0.117404
11584,0.324909,0.117387
11585,0.311886,0.116515
11586,0.312343,0.123438
11587,0.333632,0.116825
11588,0.300162,0.117989
11589,0.317706,0.116296
11590,0.313123,0.116091
11591,0.310815,0.115335
11592,0.322968,0.118809
11593,0.310002,0.118373
11594,0.322344,0.118578
11595,0.313600,0.118919
11596,0.291191,0.116126
11597,0.309391,0.118643
11598,0.333562,0.117410
11599,0.311261,0.115892
11600,0.316388,0.116422
11601,0.313553,0.118255
11602,0.326130,0.117071
11603,0.334536,0.117946
11604,0.323898,0.117215
11605,0.316738,0.116191
11606,0.329067,0.115580
11607,0.310823,0.116207
11608,0.309863,0.116995
11609,0.304648,0.117328
11610,0.299809,0.117703
11611,0.306846,0.116147
11612,0.319299,0.117749
11613,0.326579,0.118379
11614,0.317857,0.115722
11615,0.319604,0.115993
11616,0.313061,0.116227
11617,0.296961,0.116954
11618,0.306572,0.117384
11619,0.304552,0.117189
11620,0.299406,0.117441
11621,0.300203,0.118676
11622,0.316842,0.120569
11623,0.302072,0.122157
11624,0.312656,0.115790
11625,0.312606,0.116053
11626,0.309721,0.117105
11627,0.305956,0.117442
11628,0.305729,0.116830
11629,0.321209,0.117840
11630,0.317888,0.116504
11631,0.301961,0.116301
11632,0.323498,0.115592
11633,0.322638,0.116368
11634,0.321753,0.117897
11635,0.329335,0.116949
11636,0.295659,0.117554
11637,0.347064,0.116128
11638,0.338783,0.118453
11639,0.319694,0.118725
11640,0.316713,0.116999
11641,0.321620,0.116941
11642,0.315057,0.115260
11643,0.303664,0.117031
11644,0.306029,0.116456
11645,0.312676,0.116457
11646,0.308441,0.117414
11647,0.308777,0.118945
11648,0.298287,0.116920
11649,0.318113,0.116982
11650,0.300585,0.115685
11651,0.330840,0.117700
11652,0.328743,0.116158
11653,0.306876,0.118652
11654,0.322019,0.118636
11655,0.309222,0.117134
11656,0.322782,0.117232
11657,0.332330,0.115547
11658,0.307085,0.116994
11659,0.313356,0.118066
11660,0.315845,0.117067
11661,0.332457,0.116378
11662,0.324108,0.117158
11663,0.312665,0.118209
11664,0.315550,0.117714
11665,0.317635,0.117407
11666,0.326653,0.117003
11667,0.318017,0.117715
11668,0.324502,0.116856
11669,0.314219,0.117299
11670,0.337190,0.117391
11671,0.299863,0.115787
11672,0.305956,0.116914
11673,0.317457,0.116473
11674,0.339953,0.116151
11675,0.331292,0.115823
11676,0.302943,0.117966
11677,0.315122,0.117850
11678,0.348860,0.117846
11679,0.322320,0.117086
11680,0.305636,0.115352
11681,0.314470,0.117811
11682,0.333052,0.117337
11683,0.312731,0.116259
11684,0.318698,0.116496
11685,0.323603,0.116720
11686,0.297343,0.118153
11687,0.320836,0.118418
11688,0.322062,0.117137
11689,0.313117,0.117316
11690,0.317991,0.117585
11691,0.322832,0.116917
11692,0.301239,0.116676
11693,0.308341,0.115607
11694,0.317636,0.116026
11695,0.313121,0.117589
11696,0.295052,0.116818
11697,0.318976,0.117249
11698,0.319064,0.116893
11699,0.316241,0.117802
11700,0.292249,0.117960
11701,0.306094,0.117670
11702,0.304362,0.118044
11703,0.321065,0.117175
11704,0.299889,0.116903
11705,0.294505,0.115679
11706,0.324225,0.116898
11707,0.314601,0.117155
11708,0.299257,0.116300
11709,0.292562,0.116928
11710,0.297896,0.118354
11711,0.313350,0.117102
11712,0.306918,0.117332
11713,0.316348,0.116844
11714,0.298659,0.116128
11715,0.321695,0.117038
11716,0.335192,0.115776
11717,0.315671,0.116571
11718,0.312498,0.116820
11719,0.314696,0.117806
11720,0.331140,0.118720
11721,0.301487,0.117576
11722,0.326789,0.117040
11723,0.315921,0.115359
11724,0.330324,0.116788
11725,0.346087,0.118321
11726,0.325207,0.116065
11727,0.314732,0.116077
11728,0.309347,0.117618
11729,0.301410,0.117172
11730,0.349146,0.117279
11731,0.357618,0.117014
11732,0.332770,0.117083
11733,0.320300,0.118631
11734,0.349306,0.116060
11735,0.311122,0.115850
11736,0.328055,0.115207
11737,0.328248,0.116360
11738,0.311083,0.118009
11739,0.349133,0.117430
11740,0.358994,0.117153
11741,0.308595,0.116157
11742,0.325449,0.118146
11743,0.320760,0.117665
11744,0.334788,0.117119
11745,0.309906,0.116766
11746,0.301073,0.115066
11747,0.324001,0.117375
11748,0.312103,0.118957
11749,0.327321,0.116467
11750,0.330062,0.116709
11751,0.325316,0.118091
11752,0.302393,0.117212
11753,0.306730,0.117738
11754,0.324931,0.116628
11755,0.336493,0.116761
11756,0.313510,0.115119
11757,0.321777,0.115625
11758,0.310726,0.117391
11759,0.316873,0.116881
11760,0.316410,0.117321
11761,0.331813,0.115989
11762,0.331030,0.118686
11763,0.318256,0.119284
11764,0.325915,0.117175
11765,0.312652,0.116968
11766,0.334066,0.115905
11767,0.315061,0.116755
11768,0.322939,0.118039
11769,0.318354,0.116327
11770,0.306875,0.116859
11771,0.321036,0.117963
11772,0.314627,0.117387
11773,0.299240,0.116963
11774,0.327699,0.117141
11775,0.333114,0.117099
11776,0.312582,0.117933
11777,0.315984,0.116086
11778,0.338001,0.115851
11779,0.334026,0.115287
11780,0.298881,0.117110
11781,0.311615,0.118879
11782,0.318592,0.117728
11783,0.317601,0.117342
11784,0.311832,0.115961
11785,0.323078,0.117779
11786,0.334983,0.118672
11787,0.310839,0.115394
11788,0.309014,0.116016
11789,0.314249,0.116562
11790,0.312265,0.116793
11791,0.322489,0.117984
11792,0.314642,0.116993
11793,0.294274,0.117110
11794,0.318443,0.118184
11795,0.310166,0.116940
11796,0.327833,0.116402
11797,0.314340,0.115355
11798,0.310344,0.116141
11799,0.314064,0.117046
11800,0.323471,0.117083
11801,0.312368,0.118866
11802,0.311579,0.117385
11803,0.317821,0.117022
11804,0.315030,0.116207
11805,0.304569,0.115498
11806,0.328925,0.117219
11807,0.305440,0.115601
11808,0.343053,0.116922
11809,0.296463,0.118482
11810,0.306521,0.116545
11811,0.320845,0.115985
11812,0.304948,0.115407
11813,0.323380,0.116354
11814,0.331660,0.116999
11815,0.312637,0.116832
11816,0.308830,0.118201
11817,0.321948,0.116564
11818,0.309764,0.118308
11819,0.313159,0.118570
11820,0.317921,0.116020
11821,0.303023,0.115791
11822,0.306009,0.116103
11823,0.323802,0.116349
11824,0.297985,0.117839
11825,0.307929,0.118030
11826,0.315745,0.118389
11827,0.312703,0.119374
11828,0.322155,0.116938
11829,0.324823,0.117524
11830,0.317845,0.117187
11831,0.301325,0.116485
11832,0.310286,0.117271
11833,0.320898,0.116076
11834,0.302241,0.116500
11835,0.316860,0.116471
11836,0.334791,0.117972
11837,0.312702,0.118274
11838,0.320605,0.118236
11839,0.309181,0.117401
11840,0.318657,0.115784
11841,0.326164,0.117410
11842,0.332603,0.117920
11843,0.326820,0.117057
11844,0.310029,0.116489
11845,0.327701,0.116227
11846,0.343034,0.116997
11847,0.322943,0.117901
11848,0.310486,0.116507
11849,0.311287,0.117107
11850,0.319411,0.118148
11851,0.302409,0.118539
11852,0.335831,0.117676
11853,0.351669,0.116989
11854,0.331341,0.116575
11855,0.327120,0.115930
11856,0.315124,0.117514
11857,0.324385,0.118257
11858,0.316059,0.116540
11859,0.315531,0.117205
11860,0.326152,0.116256
11861,0.302902,0.118093
11862,0.298616,0.118667
11863,0.320776,0.117122
11864,0.316814,0.117874
11865,0.325263,0.117679
11866,0.340276,0.117868
11867,0.320978,0.117380
11868,0.329886,0.117405
11869,0.302483,0.117115
11870,0.322209,0.116170
11871,0.354861,0.116647
11872,0.329927,0.118269
11873,0.295399,0.116910
11874,0.306824,0.117696
11875,0.312651,0.117888
11876,0.306288,0.117771
11877,0.309139,0.117293
11878,0.311616,0.117438
11879,0.314736,0.117615
11880,0.314607,0.118079
11881,0.304695,0.116459
11882,0.308803,0.116752
11883,0.316929,0.115758
11884,0.329080,0.118488
11885,0.304512,0.118789
11886,0.324132,0.117912
11887,0.391402,0.117335
11888,0.333081,0.115796
11889,0.319212,0.116984
11890,0.309683,0.117425
11891,0.324853,0.117179
11892,0.314073,0.116495
11893,0.308511,0.116159
11894,0.301298,0.117751
11895,0.310820,0.117579
11896,0.319347,0.117060
11897,0.299771,0.117398
11898,0.317043,0.117696
11899,0.306534,0.117126
11900,0.312005,0.117437
11901,0.312633,0.118449
11902,0.316420,0.117468
11903,0.309784,0.117066
11904,0.312568,0.117350
11905,0.333372,0.118492
11906,0.340413,0.116809
11907,0.323529,0.117027
11908,0.321799,0.115836
11909,0.339577,0.117911
11910,0.325010,0.118185
11911,0.324443,0.117246
11912,0.316318,0.117205
11913,0.313407,0.115370
11914,0.327945,0.117231
11915,0.328204,0.118276
11916,0.313186,0.116176
11917,0.330835,0.116454
11918,0.337582,0.117198
11919,0.332355,0.117923
11920,0.381799,0.117752
11921,0.318840,0.117415
11922,0.337044,0.117733
11923,0.309732,0.119039
11924,0.333701,0.116768
11925,0.330712,0.117321
11926,0.315343,0.115705
11927,0.313751,0.116630
11928,0.317629,0.117496
11929,0.334729,0.116850
11930,0.321979,0.117472
11931,0.318218,0.116887
11932,0.320525,0.118026
11933,0.302454,0.118171
11934,0.332660,0.117138
11935,0.313989,0.116304
11936,0.311980,0.116168
11937,0.326437,0.117108
11938,0.324973,0.118775
11939,0.350310,0.116609
11940,0.321846,0.117499
11941,0.310026,0.117938
11942,0.314877,0.117096
11943,0.326679,0.117585
11944,0.326011,0.117455
11945,0.318891,0.116661
11946,0.315257,0.117808
11947,0.292704,0.116014
11948,0.316333,0.116908
11949,0.315130,0.117239
11950,0.329823,0.117696
11951,0.311795,0.117499
11952,0.320748,0.117360
11953,0.320716,0.117723
11954,0.302388,0.117160
11955,0.323709,0.117244
11956,0.305536,0.115850
11957,0.289455,0.117646
11958,0.300401,0.119392
11959,0.308641,0.116635
11960,0.335053,0.116762
11961,0.315235,0.117372
11962,0.324366,0.118055
11963,0.316509,0.116945
11964,0.312444,0.116926
11965,0.308459,0.116953
11966,0.312307,0.118551
11967,0.314251,0.116764
11968,0.293176,0.116926
11969,0.330219,0.116266
11970,0.326475,0.117347
11971,0.323542,0.117524
11972,0.319139,0.116530
11973,0.313557,0.117809
11974,0.307520,0.116810
11975,0.320145,0.117804
11976,0.316405,0.118910
11977,0.331883,0.117115
11978,0.312083,0.117129
11979,0.306504,0.115885
11980,0.302938,0.116653
11981,0.325853,0.117551
11982,0.320246,0.116554
11983,0.322105,0.117527
11984,0.319121,0.118169
11985,0.310312,0.117694
11986,0.295479,0.117193
11987,0.325468,0.117327
11988,0.313701,0.116989
11989,0.308649,0.118559
11990,0.322066,0.115999
11991,0.341268,0.116800
11992,0.320429,0.115780
11993,0.316423,0.117314
11994,0.346779,0.118770
11995,0.306787,0.116893
11996,0.306204,0.117308
11997,0.317175,0.116663
11998,0.362506,0.117191
11999,0.317325,0.118055
12000,0.320354,0.116684
12001,0.331664,0.114411
12002,0.323992,0.116509
12003,0.309551,0.118239
12004,0.319582,0.117375
12005,0.323523,0.117294
12006,0.326107,0.115298
12007,0.303100,0.116338
12008,0.308672,0.119094
12009,0.310458,0.117233
12010,0.323959,0.116970
12011,0.310402,0.118193
12012,0.334327,0.117169
12013,0.337675,0.116944
12014,0.310154,0.117398
12015,0.334670,0.117022
12016,0.317503,0.117322
12017,0.312185,0.116245
12018,0.339447,0.116066
12019,0.309437,0.117203
12020,0.324434,0.117879
12021,0.316876,0.118286
12022,0.347053,0.118091
12023,0.319838,0.117507
12024,0.320253,0.116281
12025,0.330438,0.117263
12026,0.314476,0.118435
12027,0.326269,0.116853
12028,0.317537,0.116316
12029,0.323221,0.117033
12030,0.313291,0.118018
12031,0.330197,0.118488
12032,0.330458,0.117345
12033,0.316529,0.118431
12034,0.326437,0.119135
12035,0.327019,0.117407
12036,0.327716,0.117522
12037,0.328882,0.117633
12038,0.308707,0.118017
12039,0.306449,0.118300
12040,0.309849,0.117020
12041,0.308224,0.116592
12042,0.318533,0.116148
12043,0.316584,0.117611
12044,0.313990,0.118557
12045,0.318678,0.116962
12046,0.340532,0.117528
12047,0.325331,0.116221
12048,0.330390,0.118037
12049,0.321858,0.120845
12050,0.349432,0.117214
12051,0.353173,0.118155
12052,0.312784,0.121523
12053,0.310771,0.116882
12054,0.325211,0.118007
12055,0.338443,0.116395
12056,0.336463,0.117185
12057,0.331124,0.115835
12058,0.321708,0.117950
12059,0.309776,0.122166
12060,0.331157,0.115949
12061,0.326732,0.117921
12062,0.332773,0.118253
12063,0.328837,0.117362
12064,0.327481,0.117358
12065,0.310518,0.117443
12066,0.308964,0.117011
12067,0.326998,0.118072
12068,0.334429,0.120861
12069,0.341010,0.118286
12070,0.327842,0.115996
12071,0.304891,0.116575
12072,0.302905,0.116768
12073,0.379825,0.116745
12074,0.319765,0.117170
12075,0.310552,0.116838
12076,0.316974,0.118020
12077,0.313568,0.122131
12078,0.295606,0.116035
12079,0.327902,0.116129
12080,0.308494,0.118089
12081,0.322163,0.116934
12082,0.298496,0.117624
12083,0.320455,0.115586
12084,0.326043,0.118150
12085,0.307458,0.117940
12086,0.313613,0.115834
12087,0.364909,0.117771
12088,0.307045,0.118462
12089,0.323319,0.118407
12090,0.315705,0.118155
12091,0.310551,0.117324
12092,0.347586,0.117910
12093,0.320678,0.118429
12094,0.308236,0.117545
12095,0.328581,0.117625
12096,0.321556,0.114911
12097,0.325903,0.117924
12098,0.328123,0.118641
12099,0.318232,0.117147
12100,0.322247,0.117046
12101,0.327263,0.118512
12102,0.331594,0.118329
12103,0.311549,0.116506
12104,0.342953,0.118521
12105,0.350309,0.117923
12106,0.330957,0.117257
12107,0.316210,0.116148
12108,0.335726,0.117156
12109,0.327068,0.117284
12110,0.319200,0.117353
12111,0.313630,0.117911
12112,0.311807,0.116306
12113,0.338088,0.125630
12114,0.305693,0.117227
12115,0.348487,0.116840
12116,0.332165,0.115826
12117,0.313313,0.117608
12118,0.318326,0.120106
12119,0.294548,0.117569
12120,0.324292,0.116866
12121,0.324313,0.116589
12122,0.308795,0.116243
12123,0.324262,0.116788
12124,0.307540,0.117369
12125,0.328226,0.119388
12126,0.320098,0.118741
12127,0.313080,0.116423
12128,0.321839,0.115910
12129,0.322531,0.116195
12130,0.314856,0.122922
12131,0.316658,0.117959
12132,0.321109,0.117680
12133,0.315581,0.116537
12134,0.325034,0.117257
12135,0.312152,0.117010
12136,0.326839,0.117601
12137,0.290258,0.117424
12138,0.322387,0.117098
12139,0.304479,0.118190
12140,0.332300,0.127092
12141,0.311036,0.117085
12142,0.318640,0.115605
12143,0.315618,0.119364
12144,0.300420,0.117979
12145,0.321334,0.116609
12146,0.317948,0.117492
12147,0.321805,0.117612
12148,0.319111,0.117359
12149,0.326685,0.117499
12150,0.298985,0.117379
12151,0.318082,0.117765
12152,0.311797,0.115971
12153,0.311340,0.118103
12154,0.317405,0.117892
12155,0.305045,0.118277
12156,0.307748,0.117571
12157,0.319555,0.116410
12158,0.311876,0.117258
12159,0.334595,0.118824
12160,0.327965,0.119580
12161,0.322796,0.116591
12162,0.316494,0.117760
12163,0.306241,0.116961
12164,0.330918,0.117745
12165,0.333527,0.114993
12166,0.363878,0.116619
12167,0.305722,0.118659
12168,0.315246,0.117058
12169,0.311871,0.117241
12170,0.310092,0.115516
12171,0.318770,0.117626
12172,0.316695,0.118749
12173,0.308127,0.116205
12174,0.323348,0.116706
12175,0.323854,0.117152
12176,0.320358,0.116761
12177,0.300008,0.117119
12178,0.312252,0.117471
12179,0.330442,0.115988
12180,0.317800,0.123258
12181,0.343451,0.117043
12182,0.317390,0.116949
12183,0.316717,0.116629
12184,0.307836,0.116248
12185,0.342431,0.117659
12186,0.304336,0.116392
12187,0.315044,0.117653
12188,0.358384,0.118414
12189,0.354043,0.117094
12190,0.321176,0.117611
12191,0.306332,0.117386
12192,0.324917,0.116314
12193,0.344538,0.127822
12194,0.364246,0.117156
12195,0.382977,0.117151
12196,0.338304,0.115687
12197,0.327384,0.116567
12198,0.332123,0.118737
12199,0.342999,0.116161
12200,0.342863,0.117441
12201,0.329784,0.117892
12202,0.336866,0.115558
12203,0.332739,0.118350
12204,0.307703,0.116980
12205,0.318644,0.123107
12206,0.311216,0.114945
12207,0.341961,0.122070
12208,0.341364,0.117535
12209,0.314493,0.117185
12210,0.321238,0.117303
12211,0.332495,0.117754
12212,0.320322,0.116797
12213,0.319260,0.127019
12214,0.323376,0.116112
12215,0.317948,0.115992
12216,0.315886,0.116814
12217,0.315032,0.116673
12218,0.315300,0.117275
12219,0.305681,0.118135
12220,0.330263,0.118840
12221,0.303752,0.118313
12222,0.311688,0.116215
12223,0.313680,0.116061
12224,0.310399,0.118680
12225,0.330185,0.117393
12226,0.327585,0.116863
12227,0.315806,0.115711
12228,0.316572,0.117540
12229,0.345142,0.119112
12230,0.314734,0.116574
12231,0.337557,0.117401
12232,0.320323,0.117534
12233,0.311804,0.116853
12234,0.324947,0.119753
12235,0.319385,0.119010
12236,0.332965,0.119891
12237,0.303929,0.118300
12238,0.333369,0.118568
12239,0.333456,0.121211
12240,0.330790,0.117683
12241,0.313627,0.131163
12242,0.311618,0.118113
12243,0.317141,0.116467
12244,0.315858,0.117205
12245,0.316596,0.117137
12246,0.307229,0.116624
12247,0.316677,0.116728
12248,0.314008,0.117637
12249,0.331482,0.117126
12250,0.316202,0.117511
12251,0.344714,0.117829
12252,0.314337,0.118321
12253,0.330464,0.116946
12254,0.319786,0.118167
12255,0.317053,0.117941
12256,0.339061,0.117778
12257,0.321405,0.116468
12258,0.320718,0.115328
12259,0.315384,0.117261
12260,0.322833,0.118709
12261,0.322300,0.117611
12262,0.334577,0.117525
12263,0.323480,0.116394
12264,0.318650,0.117841
12265,0.317878,0.117342
12266,0.319852,0.116716
12267,0.310161,0.116032
12268,0.324973,0.117339
12269,0.317085,0.116823
12270,0.316199,0.117818
12271,0.307481,0.117721
12272,0.325655,0.118649
12273,0.318558,0.118136
12274,0.343780,0.117303
12275,0.305555,0.117534
12276,0.331245,0.116049
12277,0.318442,0.116186
12278,0.340934,0.117018
12279,0.331881,0.117250
12280,0.326619,0.117583
12281,0.335271,0.117389
12282,0.317811,0.118350
12283,0.329909,0.118738
12284,0.325510,0.117013
12285,0.322346,0.116531
12286,0.322601,0.115771
12287,0.311925,0.115912
12288,0.326471,0.117270
12289,0.327846,0.117639
12290,0.330870,0.118096
12291,0.317591,0.118366
12292,0.330299,0.117289
12293,0.319013,0.117287
12294,0.323258,0.117147
12295,0.306697,0.116051
12296,0.301255,0.116624
12297,0.310427,0.116063
12298,0.347239,0.117261
12299,0.306395,0.116447
12300,0.340640,0.118201
12301,0.336705,0.116888
12302,0.324623,0.117184
12303,0.345159,0.118998
12304,0.327916,0.116069
12305,0.317115,0.116218
12306,0.315468,0.115947
12307,0.315496,0.117051
12308,0.322183,0.118862
12309,0.320965,0.117865
12310,0.361868,0.117251
12311,0.328510,0.118847
12312,0.322259,0.116020
12313,0.315207,0.116524
12314,0.352903,0.115370
12315,0.338132,0.116545
12316,0.309547,0.118167
12317,0.325485,0.118531
12318,0.330051,0.118384
12319,0.346452,0.117757
12320,0.327967,0.117497
12321,0.361377,0.117141
12322,0.340016,0.117231
12323,0.315546,0.116856
12324,0.319315,0.115417
12325,0.354450,0.116459
12326,0.318700,0.118673
12327,0.331561,0.118352
12328,0.350489,0.117545
12329,0.332383,0.117959
12330,0.306909,0.117142
12331,0.319750,0.117423
12332,0.331269,0.117105
12333,0.318853,0.116484
12334,0.317714,0.117112
12335,0.316563,0.116246
12336,0.312498,0.116168
12337,0.323057,0.116213
12338,0.323555,0.118743
12339,0.308322,0.118484
12340,0.329107,0.117420
12341,0.341083,0.117015
12342,0.318394,0.115435
12343,0.323578,0.117962
12344,0.319164,0.117017
12345,0.322412,0.116219
12346,0.303109,0.116912
12347,0.321239,0.117986
12348,0.341396,0.117411
12349,0.327896,0.117339
12350,0.332414,0.117085
12351,0.318208,0.117731
12352,0.319224,0.117282
12353,0.338958,0.116724
12354,0.312930,0.119006
12355,0.313328,0.116934
12356,0.314544,0.117022
12357,0.336923,0.116077
12358,0.325469,0.116855
12359,0.327297,0.117985
12360,0.319579,0.117233
12361,0.332627,0.117377
12362,0.346231,0.116419
12363,0.334951,0.118508
12364,0.328082,0.118582
12365,0.352660,0.116535
12366,0.326674,0.116650
12367,0.322074,0.116956
12368,0.321204,0.117542
12369,0.338579,0.117180
12370,0.320012,0.117619
12371,0.311433,0.117841
12372,0.303940,0.118397
12373,0.323479,0.117566
12374,0.347325,0.116527
12375,0.335715,0.115442
12376,0.296764,0.116729
12377,0.314992,0.117490
12378,0.332416,0.116952
12379,0.357094,0.118206
12380,0.341044,0.116185
12381,0.330634,0.119485
12382,0.339520,0.118786
12383,0.310285,0.117046
12384,0.338019,0.116821
12385,0.306732,0.115487
12386,0.310396,0.116949
12387,0.329422,0.118338
12388,0.347020,0.117124
12389,0.333695,0.118389
12390,0.333884,0.119570
12391,0.309295,0.117094
12392,0.318406,0.117972
12393,0.308848,0.117333
12394,0.348124,0.116663
12395,0.316500,0.117290
12396,0.343084,0.116310
12397,0.305471,0.116591
12398,0.324513,0.116750
12399,0.331833,0.118412
12400,0.324657,0.117955
12401,0.340830,0.119103
12402,0.330599,0.117583
12403,0.314382,0.117211
12404,0.326381,0.116505
12405,0.348121,0.115806
12406,0.322512,0.117545
12407,0.312765,0.118289
12408,0.309185,0.117554
12409,0.331819,0.117630
12410,0.329531,0.118708
12411,0.343294,0.116854
12412,0.315704,0.117286
12413,0.338341,0.117296
12414,0.328523,0.116608
12415,0.330814,0.117434
12416,0.318125,0.116117
12417,0.329856,0.117193
12418,0.324563,0.116666
12419,0.327373,0.118492
12420,0.339161,0.118823
12421,0.331948,0.117359
12422,0.334313,0.115804
12423,0.327026,0.116905
12424,0.303508,0.116128
12425,0.318596,0.116888
12426,0.313858,0.116979
12427,0.323191,0.117937
12428,0.317043,0.118669
12429,0.313169,0.117525
12430,0.316516,0.117615
12431,0.301757,0.115568
12432,0.312950,0.116038
12433,0.319130,0.117084
12434,0.335063,0.117143
12435,0.307967,0.118239
12436,0.313020,0.118107
12437,0.312295,0.118471
12438,0.319044,0.118627
12439,0.308990,0.117114
12440,0.300439,0.117293
12441,0.312047,0.115398
12442,0.321064,0.116151
12443,0.309057,0.117588
12444,0.332901,0.118046
12445,0.338867,0.118267
12446,0.303742,0.118864
12447,0.312166,0.118332
12448,0.321957,0.117569
12449,0.317178,0.117070
12450,0.328670,0.117052
12451,0.308893,0.118244
12452,0.323128,0.117509
12453,0.323870,0.118216
12454,0.322614,0.116622
12455,0.317750,0.117305
12456,0.329171,0.117161
12457,0.329095,0.117370
12458,0.332292,0.117774
12459,0.322193,0.116960
12460,0.323357,0.117018
12461,0.349145,0.115475
12462,0.318436,0.118704
12463,0.316665,0.118525
12464,0.344528,0.116600
12465,0.339409,0.116313
12466,0.323850,0.117275
12467,0.316902,0.117600
12468,0.316296,0.117630
12469,0.321160,0.116982
12470,0.313033,0.117788
12471,0.336880,0.118405
12472,0.346648,0.117184
12473,0.322121,0.117575
12474,0.379212,0.117249
12475,0.316909,0.117081
12476,0.325727,0.117874
12477,0.327777,0.116839
12478,0.324574,0.116367
12479,0.331012,0.118186
12480,0.341240,0.117830
12481,0.315918,0.118532
12482,0.328249,0.117073
12483,0.326465,0.116870
12484,0.328295,0.115824
12485,0.319740,0.117689
12486,0.322366,0.117190
12487,0.349615,0.117457
12488,0.316120,0.117554
12489,0.314436,0.116726
12490,0.330573,0.117371
12491,0.327692,0.117464
12492,0.325435,0.116462
12493,0.325919,0.117204
12494,0.332318,0.117369
12495,0.346060,0.118022
12496,0.344818,0.117409
12497,0.348568,0.117277
12498,0.334456,0.116903
12499,0.334163,0.117388
12500,0.314131,0.116115
12501,0.326277,0.118780
12502,0.304747,0.118012
12503,0.324444,0.118293
12504,0.328892,0.116827
12505,0.300386,0.118177
12506,0.351879,0.118490
12507,0.335445,0.117168
12508,0.310788,0.117136
12509,0.311040,0.115561
12510,0.325055,0.116723
12511,0.321918,0.117525
12512,0.328659,0.116788
12513,0.337441,0.117415
12514,0.316379,0.118004
12515,0.348847,0.117883
12516,0.328816,0.118346
12517,0.325842,0.117198
12518,0.317880,0.116946
12519,0.338831,0.117360
12520,0.315027,0.116965
12521,0.316956,0.116924
12522,0.321230,0.115499
12523,0.339290,0.117796
12524,0.315259,0.118845
12525,0.320647,0.117920
12526,0.344321,0.117505
12527,0.347541,0.115854
12528,0.323787,0.117904
12529,0.322274,0.118218
12530,0.314594,0.117146
12531,0.321105,0.117267
12532,0.331399,0.115875
12533,0.316124,0.117337
12534,0.320870,0.118347
12535,0.347917,0.117368
12536,0.333937,0.116858
12537,0.318603,0.117954
12538,0.317376,0.117363
12539,0.326160,0.117032
12540,0.325199,0.115435
12541,0.320494,0.116026
12542,0.343052,0.117981
12543,0.320096,0.118265
12544,0.312773,0.118137
12545,0.332610,0.117880
12546,0.334484,0.118242
12547,0.331863,0.117688
12548,0.332584,0.117411
12549,0.323860,0.117012
12550,0.338763,0.115463
12551,0.350261,0.118338
12552,0.321472,0.116988
12553,0.321402,0.118949
12554,0.310188,0.118893
12555,0.338847,0.117778
12556,0.330618,0.117186
12557,0.331873,0.117984
12558,0.312380,0.117015
12559,0.318386,0.117367
12560,0.327010,0.117586
12561,0.324891,0.116951
12562,0.311584,0.117583
12563,0.340116,0.116919
12564,0.321108,0.116049
12565,0.323584,0.116230
12566,0.312497,0.118418
12567,0.335139,0.118610
12568,0.358670,0.117345
12569,0.317946,0.117713
12570,0.327328,0.116177
12571,0.319228,0.119169
12572,0.315363,0.118663
12573,0.322558,0.117239
12574,0.319434,0.116931
12575,0.331459,0.115743
12576,0.333690,0.117737
12577,0.319505,0.119111
12578,0.315516,0.116739
12579,0.343412,0.117162
12580,0.323560,0.118072
12581,0.328762,0.117045
12582,0.331314,0.117438
12583,0.316432,0.117514
12584,0.319838,0.116926
12585,0.342162,0.117934
12586,0.330471,0.116936
12587,0.324672,0.116919
12588,0.326419,0.117030
12589,0.331350,0.117011
12590,0.305262,0.118235
12591,0.310757,0.117929
12592,0.318604,0.118599
12593,0.320401,0.117387
12594,0.326093,0.117630
12595,0.330316,0.118461
12596,0.333089,0.117315
12597,0.342171,0.117222
12598,0.320855,0.115609
12599,0.315932,0.117282
12600,0.328365,0.118974
12601,0.345548,0.117618
12602,0.322830,0.117191
12603,0.316449,0.117609
12604,0.319921,0.117499
12605,0.334351,0.118039
12606,0.335979,0.117366
12607,0.325057,0.117199
12608,0.329293,0.117351
12609,0.330742,0.116660
12610,0.324825,0.117557
12611,0.332498,0.116784
12612,0.355162,0.117042
12613,0.319786,0.116876
12614,0.318300,0.117625
12615,0.322475,0.119029
12616,0.369295,0.117876
12617,0.330553,0.117945
12618,0.327918,0.116459
12619,0.318720,0.117218
12620,0.337601,0.118385
12621,0.324180,0.117497
12622,0.327152,0.116972
12623,0.300237,0.117902
12624,0.341246,0.117373
12625,0.314987,0.116663
12626,0.385601,0.117163
12627,0.299492,0.118305
12628,0.324526,0.118961
12629,0.311993,0.117582
12630,0.304192,0.117772
12631,0.326524,0.116594
12632,0.345315,0.117174
12633,0.307565,0.117240
12634,0.306736,0.116606
12635,0.330790,0.117921
12636,0.321676,0.117174
12637,0.327648,0.117375
12638,0.326245,0.118610
12639,0.312352,0.117117
12640,0.329542,0.123874
12641,0.317090,0.117836
12642,0.312649,0.116417
12643,0.344036,0.118436
12644,0.332059,0.115370
12645,0.326709,0.116768
12646,0.309372,0.117653
12647,0.328556,0.118496
12648,0.328545,0.117797
12649,0.333178,0.117369
12650,0.332691,0.120716
12651,0.330107,0.118735
12652,0.341181,0.117050
12653,0.305194,0.117671
12654,0.318595,0.118783
12655,0.308536,0.117121
12656,0.332857,0.119179
12657,0.327936,0.117377
12658,0.332211,0.117479
12659,0.321272,0.115945
12660,0.312760,0.118130
12661,0.311469,0.119062
12662,0.322037,0.116495
12663,0.325166,0.128513
12664,0.323333,0.119678
12665,0.320358,0.116268
12666,0.314661,0.117927
12667,0.321031,0.116348
12668,0.333526,0.116919
12669,0.321345,0.117250
12670,0.326605,0.116886
12671,0.344391,0.124573
12672,0.314921,0.117300
12673,0.320906,0.117023
12674,0.307968,0.117194
12675,0.321633,0.118143
12676,0.338175,0.117620
12677,0.326567,0.118139
12678,0.313891,0.117355
12679,0.324696,0.116474
12680,0.336196,0.117299
12681,0.324037,0.116457
12682,0.318452,0.118267
12683,0.345000,0.117418
12684,0.308923,0.117077
12685,0.311375,0.117666
12686,0.315115,0.116363
12687,0.325656,0.116923
12688,0.344771,0.115663
12689,0.317585,0.122291
12690,0.325780,0.119040
12691,0.323236,0.116546
12692,0.326056,0.116599
12693,0.343727,0.118378
12694,0.319097,0.116704
12695,0.338230,0.117198
12696,0.345668,0.119861
12697,0.339859,0.116962
12698,0.339368,0.117696
12699,0.343473,0.118061
12700,0.320867,0.119280
12701,0.369352,0.119523
12702,0.344705,0.119946
12703,0.343553,0.122794
12704,0.332346,0.117225
12705,0.333773,0.117341
12706,0.341391,0.116745
12707,0.340864,0.116607
12708,0.330106,0.117869
12709,0.346662,0.117572
12710,0.319060,0.117024
12711,0.329294,0.115633
12712,0.335027,0.117152
12713,0.324481,0.116878
12714,0.310361,0.117020
12715,0.311416,0.117664
12716,0.321055,0.118417
12717,0.313601,0.118018
12718,0.321613,0.120323
12719,0.329989,0.117585
12720,0.325496,0.116056
12721,0.308546,0.117817
12722,0.321390,0.117063
12723,0.340105,0.119606
12724,0.319416,0.115950
12725,0.341164,0.117322
12726,0.339845,0.118692
12727,0.335615,0.116105
12728,0.349632,0.117066
12729,0.331432,0.117225
12730,0.332054,0.118226
12731,0.316699,0.116173
12732,0.336576,0.120193
12733,0.318998,0.120633
12734,0.321850,0.115677
12735,0.350665,0.116324
12736,0.353314,0.116255
12737,0.324057,0.118010
12738,0.340098,0.117054
12739,0.310706,0.117348
12740,0.331863,0.116090
12741,0.311601,0.116774
12742,0.320367,0.119749
12743,0.317489,0.117011
12744,0.340242,0.117041
12745,0.333712,0.115789
12746,0.325983,0.117036
12747,0.321021,0.121901
12748,0.317689,0.117351
12749,0.330162,0.117096
12750,0.322990,0.117611
12751,0.329466,0.116744
12752,0.331488,0.117524
12753,0.332700,0.117818
12754,0.321254,0.117649
12755,0.310060,0.121444
12756,0.325672,0.117751
12757,0.325130,0.117032
12758,0.334644,0.117296
12759,0.345238,0.116762
12760,0.325010,0.118405
12761,0.314276,0.116981
12762,0.321914,0.118135
12763,0.318886,0.114898
12764,0.342371,0.128090
12765,0.332646,0.116768
12766,0.315200,0.116230
12767,0.316527,0.116690
12768,0.341877,0.117141
12769,0.324091,0.117696
12770,0.348433,0.118202
12771,0.327475,0.118242
12772,0.303077,0.116903
12773,0.331756,0.117432
12774,0.316534,0.115723
12775,0.316136,0.116518
12776,0.328808,0.116155
12777,0.335879,0.116966
12778,0.323823,0.121164
12779,0.340229,0.117232
12780,0.323282,0.116942
12781,0.324043,0.123196
12782,0.315353,0.116855
12783,0.323926,0.117453
12784,0.360961,0.119148
12785,0.326234,0.116466
12786,0.323798,0.117004
12787,0.312149,0.116197
12788,0.327043,0.116899
12789,0.330396,0.116941
12790,0.336916,0.121287
12791,0.346997,0.116463
12792,0.309836,0.116525
12793,0.341393,0.117812
12794,0.328391,0.116789
12795,0.327289,0.117238
12796,0.329569,0.120002
12797,0.349077,0.117469
12798,0.338738,0.117908
12799,0.340887,0.118917
12800,0.339797,0.122928
12801,0.321243,0.117209
12802,0.306317,0.120563
12803,0.356336,0.117011
12804,0.326189,0.116767
12805,0.334352,0.116923
12806,0.341744,0.118278
12807,0.316583,0.117578
12808,0.323165,0.116768
12809,0.325445,0.119320
12810,0.321204,0.116310
12811,0.330588,0.116630
12812,0.338759,0.116474
12813,0.338152,0.117023
12814,0.347928,0.118938
12815,0.324264,0.117635
12816,0.329309,0.118212
12817,0.340258,0.116456
12818,0.335554,0.119300
12819,0.319772,0.116912
12820,0.326190,0.118172
12821,0.331433,0.116889
12822,0.330599,0.117962
12823,0.329040,0.115888
12824,0.325536,0.115746
12825,0.330059,0.115303
12826,0.320591,0.116565
12827,0.310987,0.117691
12828,0.329013,0.124263
12829,0.325046,0.116707
12830,0.336036,0.117611
12831,0.319465,0.116991
12832,0.305397,0.118875
12833,0.329898,0.115773
12834,0.333894,0.115841
12835,0.336858,0.117198
12836,0.348484,0.128027
12837,0.328350,0.116872
12838,0.364516,0.115085
12839,0.310626,0.117166
12840,0.317515,0.118509
12841,0.356439,0.122314
12842,0.320029,0.119529
12843,0.343166,0.117509
12844,0.399565,0.116646
12845,0.328544,0.115750
12846,0.315994,0.115905
12847,0.328188,0.116705
12848,0.314801,0.118503
12849,0.324326,0.118128
12850,0.335115,0.118523
12851,0.323990,0.117702
12852,0.322637,0.116172
12853,0.341246,0.118878
12854,0.328879,0.116939
12855,0.320565,0.119651
12856,0.349220,0.117087
12857,0.330628,0.117792
12858,0.352533,0.117523
12859,0.338777,0.122375
12860,0.326476,0.117117
12861,0.333618,0.115411
12862,0.325939,0.119249
12863,0.325750,0.117452
12864,0.326376,0.117057
12865,0.321806,0.117767
12866,0.311860,0.118047
12867,0.309111,0.117225
12868,0.327152,0.117360
12869,0.336455,0.116189
12870,0.316377,0.115661
12871,0.340423,0.116869
12872,0.314285,0.116408
12873,0.309383,0.118253
12874,0.334094,0.116182
12875,0.332221,0.117952
12876,0.339326,0.118524
12877,0.340338,0.117005
12878,0.366455,0.119282
12879,0.331907,0.117043
12880,0.330337,0.116999
12881,0.338216,0.121432
12882,0.348659,0.129121
12883,0.340065,0.117715
12884,0.330124,0.117921
12885,0.325140,0.117453
12886,0.350304,0.115693
12887,0.317027,0.116180
12888,0.355318,0.116043
12889,0.337172,0.118549
12890,0.333419,0.122884
12891,0.339586,0.118536
12892,0.320742,0.118071
12893,0.338121,0.118129
12894,0.335543,0.117004
12895,0.333083,0.115172
12896,0.339213,0.116578
12897,0.357982,0.118984
12898,0.349011,0.117793
12899,0.316467,0.117722
12900,0.337084,0.116258
12901,0.353851,0.117209
12902,0.349336,0.115212
12903,0.340172,0.118848
12904,0.356107,0.118029
12905,0.317973,0.122835
12906,0.330462,0.115993
12907,0.328477,0.123614
12908,0.330750,0.116712
12909,0.327826,0.115914
12910,0.359623,0.116247
12911,0.329306,0.116779
12912,0.328448,0.117529
12913,0.321016,0.116647
12914,0.339757,0.120221
12915,0.353268,0.119266
12916,0.322077,0.117236
12917,0.310081,0.116594
12918,0.337436,0.115429
12919,0.326244,0.117057
12920,0.311899,0.120144
12921,0.322155,0.117390
12922,0.317739,0.115890
12923,0.343838,0.115973
12924,0.340902,0.116745
12925,0.360421,0.116924
12926,0.346212,0.116713
12927,0.330616,0.116911
12928,0.330423,0.117921
12929,0.331005,0.118511
12930,0.336349,0.117915
12931,0.329842,0.116988
12932,0.336740,0.116153
12933,0.344804,0.117196
12934,0.325887,0.116324
12935,0.340466,0.116321
12936,0.338154,0.115935
12937,0.339088,0.118753
12938,0.331792,0.119013
12939,0.331473,0.118501
12940,0.336181,0.117342
12941,0.332694,0.116425
12942,0.320381,0.116364
12943,0.319853,0.116967
12944,0.352239,0.117299
12945,0.350384,0.118729
12946,0.335358,0.120155
12947,0.322706,0.117057
12948,0.344652,0.117676
12949,0.333452,0.116917
12950,0.344492,0.117278
12951,0.335553,0.116856
12952,0.329914,0.117272
12953,0.338536,0.121534
12954,0.329803,0.118224
12955,0.333878,0.117216
12956,0.338826,0.127840
12957,0.344280,0.118109
12958,0.333057,0.117967
12959,0.330836,0.115649
12960,0.328825,0.116797
12961,0.325033,0.117916
12962,0.347305,0.117004
12963,0.351216,0.117484
12964,0.329370,0.117434
12965,0.326284,0.116931
12966,0.324468,0.117926
12967,0.323220,0.116959
12968,0.324744,0.117100
12969,0.320558,0.117576
12970,0.341147,0.116643
12971,0.331397,0.116651
12972,0.366160,0.115237
12973,0.337805,0.116771
12974,0.326794,0.118302
12975,0.328912,0.119523
12976,0.342008,0.117965
12977,0.341212,0.115950
12978,0.347140,0.116205
12979,0.327717,0.119963
12980,0.327413,0.117068
12981,0.336691,0.117499
12982,0.314964,0.118158
12983,0.334750,0.117226
12984,0.367598,0.117138
12985,0.327879,0.116555
12986,0.330732,0.116613
12987,0.345898,0.117325
12988,0.316959,0.117004
12989,0.335477,0.117882
12990,0.319162,0.116817
12991,0.319186,0.119307
12992,0.338718,0.119290
12993,0.328541,0.118344
12994,0.342038,0.120148
12995,0.319566,0.117349
12996,0.339207,0.116687
12997,0.344705,0.117574
12998,0.360084,0.115611
12999,0.325692,0.116559
13000,0.340265,0.116300
13001,0.350577,0.118876
13002,0.338201,0.119374
13003,0.374146,0.117327
13004,0.346260,0.116852
13005,0.318871,0.115357
13006,0.332403,0.124459
13007,0.371961,0.116764
13008,0.333822,0.122182
13009,0.339127,0.116758
13010,0.334810,0.117032
13011,0.341054,0.122594
13012,0.331829,0.117160
13013,0.326055,0.115310
13014,0.322462,0.117125
13015,0.328724,0.118223
13016,0.324879,0.116439
13017,0.324133,0.117614
13018,0.322622,0.117064
13019,0.334540,0.118128
13020,0.341943,0.117747
13021,0.322227,0.116726
13022,0.322763,0.123010
13023,0.342629,0.117761
13024,0.343134,0.116752
13025,0.316025,0.116759
13026,0.338016,0.118643
13027,0.322897,0.116899
13028,0.346193,0.117263
13029,0.345866,0.117072
13030,0.326322,0.118361
13031,0.319175,0.117372
13032,0.309395,0.118647
13033,0.350136,0.118937
13034,0.332192,0.116591
13035,0.328250,0.116795
13036,0.336625,0.116707
13037,0.340576,0.118325
13038,0.331396,0.118698
13039,0.336316,0.117749
13040,0.321120,0.118368
13041,0.334212,0.117650
13042,0.332574,0.118410
13043,0.333322,0.117969
13044,0.314933,0.116169
13045,0.334653,0.117717
13046,0.320829,0.117681
13047,0.331812,0.117357
13048,0.364971,0.118472
13049,0.328552,0.117858
13050,0.340460,0.118352
13051,0.347820,0.118211
13052,0.330182,0.117458
13053,0.329317,0.117749
13054,0.361744,0.117633
13055,0.333153,0.117437
13056,0.315036,0.117282
13057,0.344008,0.117289
13058,0.328950,0.119363
13059,0.323417,0.116866
13060,0.334959,0.117243
13061,0.329375,0.115344
13062,0.315581,0.117899
13063,0.328262,0.117532
13064,0.318560,0.116921
13065,0.340971,0.117504
13066,0.328734,0.118083
13067,0.349501,0.117572
13068,0.339041,0.117042
13069,0.313894,0.116777
13070,0.321995,0.117680
13071,0.329905,0.118398
13072,0.332349,0.118545
13073,0.355937,0.116995
13074,0.328297,0.115292
13075,0.328508,0.118165
13076,0.316131,0.120456
13077,0.324678,0.117540
13078,0.338944,0.116665
13079,0.337171,0.117645
13080,0.342260,0.119457
13081,0.336381,0.117108
13082,0.322501,0.117491
13083,0.338653,0.117138
13084,0.322337,0.117302
13085,0.331575,0.129549
13086,0.325858,0.116143
13087,0.340439,0.115444
13088,0.334156,0.116239
13089,0.326721,0.116628
13090,0.350824,0.116247
13091,0.344613,0.116513
13092,0.406335,0.121594
13093,0.314385,0.119434
13094,0.326419,0.116028
13095,0.331086,0.116704
13096,0.340841,0.116833
13097,0.345184,0.117745
13098,0.357405,0.116679
13099,0.316483,0.117706
13100,0.323066,0.116882
13101,0.351087,0.118177
13102,0.316168,0.114981
13103,0.344351,0.116616
13104,0.341699,0.116906
13105,0.343259,0.116558
13106,0.335729,0.117337
13107,0.342593,0.118211
13108,0.353124,0.117939
13109,0.369363,0.117797
13110,0.338818,0.117041
13111,0.335367,0.123395
13112,0.330149,0.116532
13113,0.359704,0.120493
13114,0.359446,0.116684
13115,0.348339,0.115340
13116,0.328520,0.116256
13117,0.345136,0.118352
13118,0.319946,0.117226
13119,0.336778,0.118120
13120,0.325849,0.117451
13121,0.336988,0.117598
13122,0.332274,0.118761
13123,0.336613,0.118310
13124,0.342746,0.118129
13125,0.354177,0.121055
13126,0.323962,0.119090
13127,0.332662,0.117168
13128,0.349173,0.115626
13129,0.341655,0.117122
13130,0.324408,0.118873
13131,0.311438,0.117468
13132,0.322772,0.117226
13133,0.332985,0.117669
13134,0.319169,0.118256
13135,0.343503,0.117486
13136,0.337524,0.119053
13137,0.336399,0.116985
13138,0.331984,0.119375
13139,0.353346,0.116973
13140,0.345448,0.116935
13141,0.334705,0.115865
13142,0.339561,0.115828
13143,0.323223,0.118433
13144,0.336858,0.121407
13145,0.316795,0.117646
13146,0.335557,0.115265
13147,0.328093,0.116296
13148,0.347258,0.117470
13149,0.312077,0.115979
13150,0.320246,0.116560
13151,0.332504,0.115827
13152,0.336729,0.117416
13153,0.353047,0.120439
13154,0.369561,0.116626
13155,0.325434,0.116904
13156,0.341580,0.115458
13157,0.330442,0.116924
13158,0.317664,0.118663
13159,0.328379,0.117183
13160,0.330703,0.117338
13161,0.341052,0.116526
13162,0.366364,0.117400
13163,0.339848,0.117801
13164,0.358645,0.116334
13165,0.326264,0.117460
13166,0.329021,0.118552
13167,0.323732,0.117161
13168,0.353354,0.117069
13169,0.333183,0.119303
13170,0.328450,0.121733
13171,0.311480,0.119414
13172,0.326709,0.117135
13173,0.305091,0.120783
13174,0.332105,0.116290
13175,0.331683,0.120757
13176,0.330244,0.117198
13177,0.335601,0.118330
13178,0.339392,0.117524
13179,0.338854,0.118341
13180,0.321553,0.116678
13181,0.336837,0.116930
13182,0.330974,0.117994
13183,0.317336,0.117731
13184,0.337594,0.118820
13185,0.328342,0.117591
13186,0.332818,0.116778
13187,0.332397,0.116963
13188,0.349119,0.116780
13189,0.335369,0.117676
13190,0.333629,0.117588
13191,0.334944,0.118030
13192,0.348057,0.116145
13193,0.324475,0.118621
13194,0.336165,0.121082
13195,0.345730,0.119593
13196,0.335661,0.115941
13197,0.349029,0.116646
13198,0.374194,0.119509
13199,0.333184,0.119578
13200,0.346706,0.117435
13201,0.337948,0.118523
13202,0.320632,0.117384
13203,0.360261,0.120130
13204,0.356771,0.118993
13205,0.330186,0.120062
13206,0.338013,0.117910
13207,0.359550,0.116155
13208,0.329020,0.117862
13209,0.319493,0.118189
13210,0.328751,0.116235
13211,0.316905,0.117126
13212,0.339712,0.118272
13213,0.354328,0.119007
13214,0.335871,0.117793
13215,0.337440,0.115655
13216,0.334953,0.116151
13217,0.320502,0.116981
13218,0.333798,0.116020
13219,0.339188,0.118460
13220,0.346354,0.119121
13221,0.326179,0.118796
13222,0.321363,0.118837
13223,0.340683,0.118584
13224,0.323796,0.116961
13225,0.327441,0.115178
13226,0.340361,0.116918
13227,0.325246,0.117824
13228,0.328958,0.116643
13229,0.358025,0.117056
13230,0.326637,0.118407
13231,0.332576,0.118951
13232,0.339147,0.122790
13233,0.321434,0.115576
13234,0.342674,0.116133
13235,0.332108,0.117068
13236,0.338194,0.116927
13237,0.318829,0.116813
13238,0.351446,0.116368
13239,0.320848,0.119323
13240,0.341773,0.119760
13241,0.323393,0.117150
13242,0.318820,0.118123
13243,0.324757,0.116671
13244,0.348173,0.116167
13245,0.350902,0.116479
13246,0.360079,0.116393
13247,0.334612,0.117629
13248,0.328712,0.118611
13249,0.332128,0.117036
13250,0.346704,0.118774
13251,0.319653,0.117728
13252,0.337735,0.116719
13253,0.321814,0.115421
13254,0.355597,0.126261
13255,0.323380,0.118394
13256,0.339220,0.117257
13257,0.321952,0.116158
13258,0.350241,0.116775
13259,0.361061,0.116914
13260,0.333196,0.120392
13261,0.327674,0.118719
13262,0.364314,0.117112
13263,0.330192,0.117255
13264,0.324115,0.117659
13265,0.331073,0.127877
13266,0.337059,0.115514
13267,0.325141,0.123108
13268,0.327838,0.117112
13269,0.326532,0.117274
13270,0.337224,0.117497
13271,0.330596,0.116009
13272,0.333048,0.118819
13273,0.315265,0.121458
13274,0.326075,0.117521
13275,0.349281,0.116963
13276,0.323417,0.117525
13277,0.334506,0.117141
13278,0.346811,0.117134
13279,0.322760,0.117399
13280,0.337682,0.117938
13281,0.338783,0.118325
13282,0.320161,0.118591
13283,0.333892,0.118570
13284,0.337355,0.117584
13285,0.346027,0.117136
13286,0.330461,0.117207
13287,0.339655,0.116641
13288,0.368709,0.117141
13289,0.329986,0.117484
13290,0.331956,0.118712
13291,0.351815,0.118972
13292,0.347158,0.116623
13293,0.341759,0.116950
13294,0.348776,0.116137
13295,0.329835,0.117392
13296,0.352856,0.117941
13297,0.336432,0.117463
13298,0.327073,0.117398
13299,0.337790,0.115727
13300,0.338490,0.122110
13301,0.332579,0.118457
13302,0.344604,0.116549
13303,0.349056,0.118686
13304,0.337914,0.117874
13305,0.325428,0.118984
13306,0.379421,0.118590
13307,0.343320,0.117324
13308,0.333773,0.118899
13309,0.351761,0.115538
13310,0.331346,0.117289
13311,0.318023,0.116930
13312,0.325351,0.117641
13313,0.349797,0.117367
13314,0.358147,0.115894
13315,0.338594,0.115922
13316,0.339704,0.117144
13317,0.349793,0.117365
13318,0.327277,0.116594
13319,0.356964,0.117898
13320,0.343218,0.117466
13321,0.333610,0.117545
13322,0.326265,0.114380
13323,0.326071,0.119568
13324,0.338146,0.116916
13325,0.340336,0.127779
13326,0.333813,0.116302
13327,0.334350,0.116959
13328,0.345876,0.117055
13329,0.346841,0.117438
13330,0.330609,0.117442
13331,0.353765,0.117522
13332,0.333660,0.117508
13333,0.326503,0.116666
13334,0.336157,0.116540
13335,0.344406,0.117200
13336,0.341841,0.118329
13337,0.331332,0.119050
13338,0.333276,0.117037
13339,0.330276,0.126725
13340,0.330517,0.119292
13341,0.334954,0.116904
13342,0.333434,0.116980
13343,0.349457,0.117506
13344,0.356501,0.118338
13345,0.337700,0.117174
13346,0.317980,0.116069
13347,0.347911,0.116422
13348,0.334351,0.115965
13349,0.334650,0.122748
13350,0.331760,0.119113
13351,0.354986,0.117780
13352,0.332126,0.117330
13353,0.334085,0.116413
13354,0.341711,0.116451
13355,0.333037,0.118158
13356,0.336545,0.117583
13357,0.338001,0.118760
13358,0.333428,0.118706
13359,0.341146,0.117080
13360,0.337815,0.117200
13361,0.358145,0.116907
13362,0.326064,0.117204
13363,0.352791,0.117220
13364,0.333889,0.116718
13365,0.335523,0.117808
13366,0.331730,0.117770
13367,0.332460,0.117724
13368,0.316145,0.117341
13369,0.348559,0.117893
13370,0.339752,0.118724
13371,0.435848,0.116939
13372,0.339298,0.118715
13373,0.326183,0.117241
13374,0.339806,0.118006
13375,0.317747,0.118296
13376,0.331338,0.118013
13377,0.310362,0.118048
13378,0.332667,0.118130
13379,0.346362,0.118236
13380,0.347661,0.118862
13381,0.333300,0.116366
13382,0.326551,0.116191
13383,0.352132,0.117787
13384,0.341715,0.116808
13385,0.338156,0.118436
13386,0.329258,0.117536
13387,0.346826,0.118302
13388,0.333296,0.117682
13389,0.340160,0.118012
13390,0.328333,0.117549
13391,0.346425,0.117309
13392,0.334579,0.117253
13393,0.380775,0.116106
13394,0.332304,0.117754
13395,0.338347,0.118563
13396,0.307739,0.118252
13397,0.336061,0.117405
13398,0.335391,0.115987
13399,0.332608,0.117224
13400,0.342591,0.117813
13401,0.345350,0.119597
13402,0.330150,0.117437
13403,0.339951,0.117598
13404,0.336129,0.117444
13405,0.333588,0.117689
13406,0.334437,0.116889
13407,0.345701,0.117710
13408,0.352268,0.117314
13409,0.356278,0.116552
13410,0.343154,0.117644
13411,0.341287,0.116350
13412,0.346119,0.117418
13413,0.334303,0.118508
13414,0.334849,0.117518
13415,0.350427,0.118397
13416,0.371291,0.117062
13417,0.339168,0.117474
13418,0.323169,0.115466
13419,0.349312,0.116808
13420,0.341291,0.118053
13421,0.345804,0.117687
13422,0.347383,0.117876
13423,0.327829,0.116188
13424,0.330708,0.118035
13425,0.316961,0.118194
13426,0.332888,0.116931
13427,0.357385,0.116737
13428,0.328784,0.116779
13429,0.323761,0.118153
13430,0.341541,0.117547
13431,0.339025,0.117738
13432,0.345595,0.117839
13433,0.349635,0.119148
13434,0.334524,0.117296
13435,0.337996,0.117529
13436,0.324326,0.117480
13437,0.344640,0.117920
13438,0.366051,0.117865
13439,0.355452,0.117498
13440,0.341191,0.118187
13441,0.334899,0.118179
13442,0.357064,0.117262
13443,0.362471,0.117545
13444,0.348441,0.117144
13445,0.351102,0.118406
13446,0.329864,0.117703
13447,0.341048,0.117975
13448,0.342050,0.119515
13449,0.342391,0.118150
13450,0.347101,0.117609
13451,0.329326,0.118364
13452,0.347905,0.117272
13453,0.372503,0.117247
13454,0.337904,0.117607
13455,0.331709,0.118708
13456,0.322721,0.117255
13457,0.342397,0.116632
13458,0.335153,0.117226
13459,0.347231,0.117793
13460,0.344555,0.118653
13461,0.337199,0.117580
13462,0.318471,0.117699
13463,0.330713,0.116925
13464,0.334029,0.118792
13465,0.332552,0.118575
13466,0.332723,0.117532
13467,0.361368,0.116894
13468,0.338591,0.115689
13469,0.337150,0.117387
13470,0.349135,0.118942
13471,0.337096,0.117532
13472,0.343807,0.117417
13473,0.347759,0.116935
13474,0.331199,0.118274
13475,0.331410,0.117724
13476,0.333954,0.116978
13477,0.349724,0.117520
13478,0.348748,0.117169
13479,0.349994,0.117165
13480,0.342892,0.118089
13481,0.323329,0.117556
13482,0.326816,0.117775
13483,0.340526,0.117665
13484,0.334149,0.116273
13485,0.330789,0.116536
13486,0.346366,0.116328
13487,0.331351,0.117457
13488,0.341943,0.119085
13489,0.343991,0.117884
13490,0.336307,0.118449
13491,0.336360,0.117387
13492,0.324685,0.117979
13493,0.337828,0.117364
13494,0.360758,0.117349
13495,0.333192,0.117072
13496,0.339964,0.115467
13497,0.330502,0.117774
13498,0.357014,0.118156
13499,0.334674,0.117728
13500,0.327288,0.117368
13501,0.331278,0.117838
13502,0.329603,0.117288
13503,0.329088,0.118140
13504,0.337192,0.117267
13505,0.328864,0.117586
13506,0.329731,0.117185
13507,0.325781,0.116902
13508,0.325804,0.118017
13509,0.322507,0.117081
13510,0.346358,0.116897
13511,0.323070,0.115701
13512,0.333211,0.117242
13513,0.337325,0.118562
13514,0.330153,0.117721
13515,0.343513,0.117295
13516,0.321253,0.115641
13517,0.380222,0.117715
13518,0.356528,0.118504
13519,0.326673,0.116901
13520,0.332770,0.116616
13521,0.365309,0.115983
13522,0.342848,0.118164
13523,0.353319,0.118067
13524,0.340738,0.116717
13525,0.335938,0.118143
13526,0.351277,0.119060
13527,0.354748,0.117047
13528,0.356537,0.117832
13529,0.330061,0.117356
13530,0.330586,0.117062
13531,0.326005,0.118090
13532,0.345312,0.116345
13533,0.335534,0.115977
13534,0.336138,0.116503
13535,0.332891,0.118316
13536,0.321489,0.118343
13537,0.324764,0.118536
13538,0.335706,0.117715
13539,0.341072,0.117132
13540,0.332581,0.117906
13541,0.342109,0.117932
13542,0.339418,0.117862
13543,0.344554,0.117987
13544,0.324080,0.117624
13545,0.309127,0.119251
13546,0.341264,0.118451
13547,0.359178,0.116520
13548,0.356441,0.116868
13549,0.347317,0.116856
13550,0.347545,0.118589
13551,0.326783,0.117741
13552,0.320854,0.117986
13553,0.330549,0.118584
13554,0.346457,0.117137
13555,0.334763,0.116990
13556,0.337681,0.117239
13557,0.330820,0.117012
13558,0.343007,0.116992
13559,0.336345,0.117889
13560,0.369185,0.117275
13561,0.349457,0.118026
13562,0.324318,0.115692
13563,0.334626,0.116703
13564,0.339912,0.117187
13565,0.347111,0.117797
13566,0.370560,0.118488
13567,0.351355,0.117471
13568,0.353924,0.118019
13569,0.335032,0.117613
13570,0.362771,0.117668
13571,0.333032,0.117639
13572,0.323872,0.117281
13573,0.348345,0.116961
13574,0.334462,0.115278
13575,0.349717,0.117357
13576,0.351346,0.118199
13577,0.333663,0.117084
13578,0.347824,0.117671
13579,0.354535,0.118058
13580,0.346751,0.117427
13581,0.326990,0.117040
13582,0.331485,0.117188
13583,0.363080,0.116869
13584,0.339415,0.117536
13585,0.337005,0.118368
13586,0.347463,0.117449
13587,0.342706,0.115571
13588,0.323956,0.117793
13589,0.334967,0.118627
13590,0.367045,0.118248
13591,0.334889,0.117643
13592,0.356083,0.117285
13593,0.342612,0.118415
13594,0.334989,0.118403
13595,0.342862,0.117115
13596,0.363985,0.116867
13597,0.335864,0.117845
13598,0.335402,0.117894
13599,0.354092,0.118722
13600,0.341870,0.117283
13601,0.344445,0.118504
13602,0.344041,0.116970
13603,0.334902,0.116988
13604,0.338765,0.115715
13605,0.341829,0.117494
13606,0.357747,0.118294
13607,0.342028,0.116214
13608,0.360845,0.117027
13609,0.332319,0.118326
13610,0.331369,0.117386
13611,0.336732,0.117768
13612,0.361369,0.117174
13613,0.323976,0.117302
13614,0.337902,0.118853
13615,0.339691,0.116830
13616,0.323256,0.117130
13617,0.333386,0.115261
13618,0.356623,0.116269
13619,0.331648,0.118174
13620,0.325872,0.117087
13621,0.334371,0.118146
13622,0.347030,0.117257
13623,0.335618,0.119018
13624,0.342997,0.118848
13625,0.350196,0.117347
13626,0.336009,0.117064
13627,0.335879,0.117166
13628,0.348290,0.118398
13629,0.347166,0.119234
13630,0.336081,0.117745
13631,0.363794,0.117895
13632,0.340866,0.117266
13633,0.360607,0.117481
13634,0.340934,0.117584
13635,0.368804,0.117282
13636,0.350163,0.117873
13637,0.333626,0.116692
13638,0.341917,0.118340
13639,0.331193,0.117685
13640,0.345650,0.116607
13641,0.348806,0.117476
13642,0.383889,0.117640
13643,0.352583,0.117209
13644,0.338547,0.117068
13645,0.322260,0.117134
13646,0.342609,0.117649
13647,0.334147,0.117999
13648,0.360317,0.116932
13649,0.363354,0.116695
13650,0.334162,0.116001
13651,0.354181,0.119024
13652,0.342337,0.117191
13653,0.327202,0.118124
13654,0.329228,0.118893
13655,0.331247,0.117469
13656,0.328747,0.116890
13657,0.345716,0.115500
13658,0.329567,0.116790
13659,0.343271,0.117708
13660,0.325461,0.117664
13661,0.375714,0.117915
13662,0.340378,0.118007
13663,0.352413,0.118332
13664,0.327223,0.118183
13665,0.341920,0.116619
13666,0.350356,0.116368
13667,0.337030,0.116471
13668,0.327801,0.117223
13669,0.335793,0.118716
13670,0.342890,0.118409
13671,0.324338,0.118270
13672,0.323022,0.118891
13673,0.353765,0.117250
13674,0.324175,0.117358
13675,0.360642,0.117353
13676,0.337676,0.117233
13677,0.333327,0.117951
13678,0.367360,0.116012
13679,0.344746,0.117094
13680,0.334851,0.116666
13681,0.344733,0.117495
13682,0.327372,0.118012
13683,0.338760,0.117248
13684,0.351063,0.117699
13685,0.337843,0.117586
13686,0.339415,0.117945
13687,0.351281,0.118197
13688,0.343779,0.117918
13689,0.325629,0.117581
13690,0.347777,0.115786
13691,0.333562,0.118252
13692,0.350318,0.118335
13693,0.334808,0.116523
13694,0.352405,0.117239
13695,0.355320,0.117883
13696,0.335634,0.117847
13697,0.352870,0.117313
13698,0.347502,0.117281
13699,0.321657,0.117599
13700,0.344174,0.118531
13701,0.341403,0.118064
13702,0.354299,0.118198
13703,0.354670,0.117489
13704,0.356557,0.117380
13705,0.342274,0.116792
13706,0.321359,0.117798
13707,0.351658,0.117932
13708,0.362675,0.117240
13709,0.338707,0.117287
13710,0.340642,0.116454
13711,0.350580,0.118276
13712,0.350592,0.118685
13713,0.360268,0.117301
13714,0.325429,0.117791
13715,0.336689,0.116349
13716,0.330987,0.117960
13717,0.336286,0.118206
13718,0.331744,0.117155
13719,0.332271,0.118061
13720,0.329572,0.116872
13721,0.333770,0.116759
13722,0.328497,0.117251
13723,0.337940,0.117470
13724,0.360099,0.117906
13725,0.331304,0.119126
13726,0.335206,0.118058
13727,0.329887,0.117291
13728,0.371413,0.117393
13729,0.364537,0.116961
13730,0.337881,0.117957
13731,0.330607,0.117106
13732,0.342533,0.116401
13733,0.351055,0.115680
13734,0.349223,0.118274
13735,0.323632,0.118682
13736,0.371528,0.117542
13737,0.384988,0.117940
13738,0.345686,0.115904
13739,0.344724,0.117775
13740,0.347984,0.117363
13741,0.355431,0.117236
13742,0.351140,0.116885
13743,0.365687,0.116317
13744,0.339816,0.117623
13745,0.344582,0.118676
13746,0.337001,0.117366
13747,0.332987,0.117495
13748,0.341777,0.118691
13749,0.357924,0.117044
13750,0.322471,0.117130
13751,0.345468,0.118004
13752,0.347536,0.117868
13753,0.355873,0.117192
13754,0.339120,0.116794
13755,0.325770,0.118647
13756,0.358800,0.117665
13757,0.319090,0.117121
13758,0.347118,0.116393
13759,0.342750,0.118060
13760,0.324165,0.117747
13761,0.350237,0.118304
13762,0.338620,0.117221
13763,0.336314,0.116080
13764,0.354034,0.117884
13765,0.342197,0.118361
13766,0.323669,0.115901
13767,0.336687,0.116741
13768,0.352333,0.117051
13769,0.346793,0.117549
13770,0.359420,0.118091
13771,0.332814,0.117398
13772,0.344486,0.118753
13773,0.336682,0.119017
13774,0.330952,0.116949
13775,0.357641,0.117213
13776,0.336745,0.117274
13777,0.333080,0.116602
13778,0.356623,0.117598
13779,0.335783,0.116299
13780,0.358304,0.117512
13781,0.354492,0.117276
13782,0.332402,0.118615
13783,0.341700,0.118605
13784,0.330233,0.118088
13785,0.360245,0.116972
13786,0.352674,0.115895
13787,0.336258,0.116873
13788,0.351725,0.118274
13789,0.334886,0.117712
13790,0.344603,0.117532
13791,0.331622,0.115794
13792,0.343737,0.118435
13793,0.347634,0.118352
13794,0.339986,0.116348
13795,0.346560,0.115929
13796,0.327957,0.116920
13797,0.358300,0.117194
13798,0.360257,0.117798
13799,0.329714,0.117544
13800,0.329241,0.118323
13801,0.351262,0.118680
13802,0.345376,0.117349
13803,0.348312,0.117580
13804,0.355546,0.117182
13805,0.347557,0.117427
13806,0.338456,0.117030
13807,0.334608,0.116706
13808,0.324602,0.117785
13809,0.352350,0.117374
13810,0.372670,0.117771
13811,0.348571,0.116700
13812,0.321208,0.117354
13813,0.330449,0.118639
13814,0.346440,0.116865
13815,0.351280,0.117519
13816,0.349731,0.115791
13817,0.332805,0.117240
13818,0.330794,0.116283
13819,0.340622,0.117511
13820,0.336619,0.117442
13821,0.339926,0.118098
13822,0.330176,0.117218
13823,0.344115,0.118190
13824,0.364479,0.117531
13825,0.343747,0.117677
13826,0.342227,0.117864
13827,0.346026,0.116737
13828,0.340607,0.117109
13829,0.328106,0.116670
13830,0.344401,0.117468
13831,0.348801,0.117650
13832,0.347913,0.116449
13833,0.348827,0.117192
13834,0.357896,0.116589
13835,0.355837,0.118188
13836,0.345877,0.117793
13837,0.379476,0.117632
13838,0.349912,0.117731
13839,0.373108,0.115502
13840,0.369502,0.117487
13841,0.338997,0.117010
13842,0.358742,0.116798
13843,0.369356,0.118007
13844,0.339782,0.118378
13845,0.338120,0.117163
13846,0.336518,0.117775
13847,0.357352,0.117226
13848,0.344375,0.117361
13849,0.352072,0.117368
13850,0.328981,0.116777
13851,0.331332,0.119576
13852,0.328155,0.116144
13853,0.324661,0.116497
13854,0.316004,0.116775
13855,0.343310,0.117770
13856,0.352305,0.118708
13857,0.358045,0.117404
13858,0.342153,0.117442
13859,0.340345,0.117948
13860,0.345157,0.117093
13861,0.331135,0.117628
13862,0.349693,0.117111
13863,0.372031,0.117288
13864,0.340106,0.115779
13865,0.342855,0.117644
13866,0.351976,0.117128
13867,0.332267,0.116558
13868,0.330239,0.117779
13869,0.338253,0.119611
13870,0.336272,0.117641
13871,0.338431,0.116818
13872,0.342046,0.117110
13873,0.354758,0.117417
13874,0.356197,0.118051
13875,0.328172,0.117094
13876,0.337182,0.116717
13877,0.349535,0.115918
13878,0.342426,0.118183
13879,0.337317,0.117802
13880,0.341854,0.116794
13881,0.354831,0.117447
13882,0.325270,0.116520
13883,0.340214,0.117855
13884,0.346742,0.117884
13885,0.342009,0.117038
13886,0.330183,0.116654
13887,0.346573,0.116821
13888,0.324738,0.117319
13889,0.327761,0.118666
13890,0.333472,0.116825
13891,0.330511,0.117257
13892,0.333136,0.118274
13893,0.348479,0.117892
13894,0.343960,0.117429
13895,0.338509,0.117526
13896,0.345687,0.116298
13897,0.361383,0.117021
13898,0.338790,0.116771
13899,0.334012,0.117255
13900,0.343327,0.118269
13901,0.321979,0.118427
13902,0.342037,0.116278
13903,0.335164,0.119306
13904,0.345691,0.118611
13905,0.346279,0.116904
13906,0.339837,0.116383
13907,0.359504,0.116866
13908,0.350742,0.119827
13909,0.336126,0.118807
13910,0.338648,0.119303
13911,0.320352,0.117820
13912,0.351491,0.119065
13913,0.339985,0.118269
13914,0.337778,0.117581
13915,0.337705,0.117682
13916,0.339640,0.117512
13917,0.327413,0.118466
13918,0.353782,0.119698
13919,0.333367,0.118405
13920,0.339277,0.119253
13921,0.330954,0.119219
13922,0.334643,0.118880
13923,0.348327,0.120025
13924,0.357869,0.118117
13925,0.325902,0.115896
13926,0.326210,0.117107
13927,0.349143,0.117562
13928,0.333253,0.117166
13929,0.335654,0.117984
13930,0.334769,0.118569
13931,0.319316,0.118729
13932,0.345301,0.117709
13933,0.349716,0.118499
13934,0.337096,0.117863
13935,0.350372,0.120421
13936,0.365450,0.118329
13937,0.342527,0.116623
13938,0.329006,0.115657
13939,0.353428,0.117985
13940,0.383866,0.118088
13941,0.336251,0.117559
13942,0.328566,0.117772
13943,0.330440,0.117385
13944,0.353828,0.118587
13945,0.332810,0.117703
13946,0.345024,0.117342
13947,0.340469,0.117489
13948,0.325486,0.116522
13949,0.344731,0.117579
13950,0.356607,0.118744
13951,0.345340,0.118952
13952,0.334448,0.117348
13953,0.353184,0.117549
13954,0.347640,0.117574
13955,0.338456,0.117977
13956,0.337098,0.118280
13957,0.340902,0.117733
13958,0.336632,0.117444
13959,0.338620,0.117371
13960,0.337816,0.117522
13961,0.322927,0.116673
13962,0.328985,0.116729
13963,0.340795,0.117064
13964,0.331990,0.118208
13965,0.346180,0.118702
13966,0.325208,0.120452
13967,0.343479,0.117632
13968,0.355879,0.117964
13969,0.350661,0.118350
13970,0.342177,0.118356
13971,0.341485,0.117564
13972,0.333427,0.118580
13973,0.344490,0.121067
13974,0.333760,0.120985
13975,0.347377,0.120470
13976,0.335727,0.120329
13977,0.325509,0.119658
13978,0.343670,0.120299
13979,0.361072,0.118941
13980,0.333390,0.116872
13981,0.339841,0.117398
13982,0.359050,0.117007
13983,0.348609,0.117197
13984,0.329348,0.117301
13985,0.335233,0.117571
13986,0.338361,0.117319
13987,0.354181,0.116527
13988,0.329489,0.116396
13989,0.337266,0.115775
13990,0.334942,0.118207
13991,0.348030,0.118848
13992,0.363860,0.117639
13993,0.335719,0.116755
13994,0.339492,0.116230
13995,0.329666,0.117373
13996,0.342789,0.117953
13997,0.356694,0.117242
13998,0.352731,0.116983
13999,0.337292,0.116195
14000,0.333645,0.117986
14001,0.359584,0.116136
14002,0.350231,0.117022
14003,0.357350,0.116226
14004,0.342787,0.116665
14005,0.361381,0.117900
14006,0.369878,0.116150
14007,0.361861,0.117473
14008,0.356592,0.117782
14009,0.355456,0.120272
14010,0.337327,0.118618
14011,0.361722,0.118675
14012,0.346329,0.117592
14013,0.329482,0.118059
14014,0.338416,0.117481
14015,0.355265,0.117713
14016,0.384248,0.116313
14017,0.351518,0.116532
14018,0.369321,0.118055
14019,0.355934,0.117210
14020,0.351007,0.117003
14021,0.338739,0.116227
14022,0.337149,0.118547
14023,0.364058,0.118130
14024,0.377888,0.117305
14025,0.350884,0.116497
14026,0.340521,0.116123
14027,0.348790,0.117571
14028,0.343789,0.118022
14029,0.332004,0.117462
14030,0.356683,0.117647
14031,0.364170,0.118367
14032,0.349447,0.117946
14033,0.341621,0.117902
14034,0.321740,0.117246
14035,0.341508,0.116945
14036,0.356416,0.117788
14037,0.342643,0.116643
14038,0.375234,0.117363
14039,0.332824,0.116690
14040,0.345979,0.117174
14041,0.335491,0.117534
14042,0.348383,0.117593
14043,0.339539,0.117346
14044,0.351703,0.117301
14045,0.342202,0.117457
14046,0.329749,0.117591
14047,0.348313,0.116883
14048,0.389531,0.117248
14049,0.340198,0.116937
14050,0.351206,0.117984
14051,0.340009,0.119078
14052,0.360632,0.116833
14053,0.368650,0.117146
14054,0.347730,0.117819
14055,0.339634,0.117215
14056,0.358438,0.118262
14057,0.365913,0.117009
14058,0.362074,0.118149
14059,0.337472,0.116888
14060,0.356701,0.116531
14061,0.330093,0.118071
14062,0.334609,0.116491
14063,0.352878,0.117110
14064,0.355783,0.116115
14065,0.376127,0.118317
14066,0.348678,0.118711
14067,0.343349,0.117764
14068,0.338033,0.116486
14069,0.341497,0.116764
14070,0.355173,0.117644
14071,0.342106,0.118753
14072,0.347328,0.116452
14073,0.338870,0.117793
14074,0.343716,0.118902
14075,0.355456,0.118026
14076,0.356135,0.117539
14077,0.386080,0.117724
14078,0.365708,0.117430
14079,0.344026,0.119949
14080,0.332825,0.121425
14081,0.385408,0.122919
14082,0.367640,0.120831
14083,0.359107,0.124444
14084,0.364203,0.124481
14085,0.351808,0.122581
14086,0.343862,0.123519
14087,0.351948,0.121397
14088,0.340388,0.119266
14089,0.382822,0.117886
14090,0.352176,0.117269
14091,0.365873,0.118705
14092,0.335675,0.120309
14093,0.361732,0.119163
14094,0.368776,0.118566
14095,0.348663,0.117489
14096,0.339252,0.117941
14097,0.353576,0.118245
14098,0.375721,0.117427
14099,0.343183,0.118078
14100,0.345130,0.117671
14101,0.371852,0.118545
14102,0.344705,0.117179
14103,0.345226,0.116922
14104,0.366126,0.117757
14105,0.354771,0.117235
14106,0.413283,0.117449
14107,0.333036,0.117640
14108,0.336313,0.118649
14109,0.354838,0.118883
14110,0.350610,0.118678
14111,0.360623,0.117525
14112,0.355870,0.117846
14113,0.340837,0.117817
14114,0.346447,0.117196
14115,0.338579,0.117753
14116,0.334533,0.116694
14117,0.360316,0.118177
14118,0.352638,0.117560
14119,0.341904,0.116141
14120,0.336928,0.115815
14121,0.336673,0.118448
14122,0.348746,0.119043
14123,0.359448,0.117733
14124,0.343733,0.116968
14125,0.349623,0.115632
14126,0.335268,0.117872
14127,0.340433,0.118633
14128,0.360508,0.116522
14129,0.365301,0.116308
14130,0.334684,0.117600
14131,0.332819,0.118147
14132,0.349014,0.117975
14133,0.344361,0.116932
14134,0.345125,0.117515
14135,0.351669,0.118078
14136,0.337365,0.117180
14137,0.335700,0.117520
14138,0.354791,0.115703
14139,0.324547,0.117024
14140,0.369897,0.117570
14141,0.356384,0.117861
14142,0.337404,0.118699
14143,0.337067,0.116483
14144,0.348544,0.118798
14145,0.344637,0.118771
14146,0.343602,0.117058
14147,0.344485,0.117425
14148,0.371876,0.115330
14149,0.346668,0.117410
14150,0.326573,0.118036
14151,0.337921,0.119066
14152,0.354319,0.119062
14153,0.342240,0.118999
14154,0.364205,0.117799
14155,0.348418,0.117116
14156,0.332719,0.116920
14157,0.348771,0.117127
14158,0.345188,0.117351
14159,0.345702,0.116911
14160,0.343910,0.117265
14161,0.336271,0.116155
14162,0.324016,0.118516
14163,0.334417,0.118097
14164,0.354735,0.117418
14165,0.373811,0.118627
14166,0.370443,0.117875
14167,0.333075,0.117762
14168,0.363066,0.116209
14169,0.354806,0.117156
14170,0.366068,0.118119
14171,0.368423,0.117715
14172,0.352341,0.117865
14173,0.390405,0.117205
14174,0.347804,0.118955
14175,0.345092,0.118112
14176,0.339572,0.116701
14177,0.365094,0.117075
14178,0.357520,0.117919
14179,0.347370,0.118038
14180,0.350402,0.117322
14181,0.344425,0.117423
14182,0.337082,0.118217
14183,0.344035,0.118583
14184,0.337326,0.115436
14185,0.372286,0.117109
14186,0.343542,0.115291
14187,0.353622,0.118717
14188,0.328698,0.118661
14189,0.332673,0.117893
14190,0.324467,0.118493
14191,0.351300,0.116289
14192,0.352796,0.117535
14193,0.376217,0.118711
14194,0.370006,0.116282
14195,0.331846,0.116591
14196,0.350992,0.116773
14197,0.381315,0.117360
14198,0.347909,0.117844
14199,0.349449,0.117486
14200,0.355838,0.117720
14201,0.351342,0.118435
14202,0.342508,0.116924
14203,0.371851,0.117253
14204,0.354066,0.115980
14205,0.370255,0.117656
14206,0.342176,0.118188
14207,0.365304,0.118286
14208,0.347872,0.118640
14209,0.350599,0.118120
14210,0.352061,0.117414
14211,0.358851,0.115679
14212,0.375799,0.116950
14213,0.340057,0.118574
14214,0.338352,0.116322
14215,0.331893,0.116663
14216,0.330858,0.117327
14217,0.318744,0.118130
14218,0.357009,0.118063
14219,0.359157,0.117918
14220,0.331802,0.117172
14221,0.349086,0.118232
14222,0.370790,0.117003
14223,0.345679,0.117330
14224,0.351152,0.117219
14225,0.385838,0.116710
14226,0.360877,0.117345
14227,0.348779,0.116378
14228,0.359793,0.117992
14229,0.334231,0.117232
14230,0.365291,0.118494
14231,0.338294,0.118965
14232,0.340948,0.118009
14233,0.371535,0.117572
14234,0.357208,0.115527
14235,0.369559,0.117020
14236,0.368121,0.118877
14237,0.339348,0.116650
14238,0.358533,0.117052
14239,0.372269,0.117917
14240,0.342389,0.118403
14241,0.343136,0.117272
14242,0.350850,0.117257
14243,0.372926,0.117120
14244,0.364892,0.117268
14245,0.362284,0.116540
14246,0.358068,0.116912
14247,0.371077,0.115212
14248,0.337754,0.117837
14249,0.364872,0.118870
14250,0.339705,0.117891
14251,0.356922,0.119721
14252,0.358844,0.118131
14253,0.349063,0.117499
14254,0.329275,0.117100
14255,0.331336,0.118410
14256,0.350853,0.119008
14257,0.362075,0.117910
14258,0.340458,0.118236
14259,0.359387,0.117216
14260,0.348793,0.118316
14261,0.349502,0.117803
14262,0.366916,0.116983
14263,0.336580,0.116826
14264,0.348413,0.116993
14265,0.346914,0.116978
14266,0.368614,0.117543
14267,0.370451,0.117938
14268,0.351740,0.117161
14269,0.351090,0.117866
14270,0.358930,0.116786
14271,0.348440,0.116238
14272,0.345165,0.116445
14273,0.364586,0.118072
14274,0.353392,0.118427
14275,0.342999,0.118538
14276,0.334866,0.118736
14277,0.347082,0.116645
14278,0.363714,0.118022
14279,0.353026,0.118173
14280,0.340949,0.117084
14281,0.338425,0.117699
14282,0.336906,0.118010
14283,0.360971,0.118197
14284,0.330608,0.119583
14285,0.352839,0.116643
14286,0.360741,0.116592
14287,0.392758,0.117214
14288,0.352707,0.117418
14289,0.350242,0.117207
14290,0.353202,0.117069
14291,0.335856,0.118340
14292,0.357955,0.119155
14293,0.343073,0.117043
14294,0.381651,0.117633
14295,0.350072,0.116304
14296,0.357367,0.116069
14297,0.334723,0.117159
14298,0.353358,0.117066
14299,0.355367,0.118496
14300,0.350720,0.117406
14301,0.367738,0.118318
14302,0.410159,0.115709
14303,0.352202,0.117675
14304,0.359053,0.118658
14305,0.350034,0.117477
14306,0.348971,0.117015
14307,0.370984,0.116868
14308,0.344763,0.119179
14309,0.358795,0.118163
14310,0.331098,0.116202
14311,0.336280,0.117565
14312,0.372999,0.118553
14313,0.351549,0.117582
14314,0.361368,0.117816
14315,0.377497,0.117681
14316,0.375915,0.118359
14317,0.375000,0.118727
14318,0.364939,0.117181
14319,0.347598,0.117432
14320,0.346717,0.117517
14321,0.349502,0.116971
14322,0.353816,0.117869
14323,0.333214,0.116797
14324,0.362526,0.118952
14325,0.390085,0.116479
14326,0.336991,0.118399
14327,0.338590,0.118955
14328,0.353105,0.117598
14329,0.358967,0.117046
14330,0.339287,0.115868
14331,0.347229,0.117032
14332,0.368653,0.118009
14333,0.348712,0.116884
14334,0.339433,0.116779
14335,0.342942,0.116757
14336,0.359560,0.118289
14337,0.367763,0.117670
14338,0.348723,0.117653
14339,0.386404,0.117614
14340,0.355747,0.118362
14341,0.361357,0.117659
14342,0.349498,0.117636
14343,0.359467,0.115308
14344,0.366939,0.116696
14345,0.365415,0.117946
14346,0.358785,0.116767
14347,0.352354,0.117288
14348,0.351885,0.117763
14349,0.351720,0.118580
14350,0.355840,0.118924
14351,0.350699,0.117919
14352,0.355265,0.116981
14353,0.365309,0.117578
14354,0.351129,0.116590
14355,0.346499,0.116444
14356,0.339060,0.117995
14357,0.349569,0.117853
14358,0.345080,0.117952
14359,0.356391,0.117618
14360,0.343906,0.117307
14361,0.359524,0.117067
14362,0.356294,0.116643
14363,0.353061,0.115761
14364,0.364351,0.116867
14365,0.344706,0.118306
14366,0.370699,0.118044
14367,0.354109,0.117633
14368,0.365491,0.117145
14369,0.369932,0.118977
14370,0.354455,0.118956
14371,0.368355,0.117173
14372,0.350291,0.116990
14373,0.338563,0.115591
14374,0.371899,0.117114
14375,0.362977,0.117710
14376,0.343737,0.117011
14377,0.357042,0.118074
14378,0.354849,0.118162
14379,0.341710,0.118008
14380,0.360375,0.117224
14381,0.365058,0.117270
14382,0.362206,0.116996
14383,0.339078,0.117464
14384,0.350664,0.117007
14385,0.361270,0.117892
14386,0.342410,0.116848
14387,0.337443,0.119126
14388,0.333800,0.118019
14389,0.351810,0.116902
14390,0.375287,0.116594
14391,0.370457,0.116247
14392,0.339753,0.117910
14393,0.344726,0.119014
14394,0.349258,0.117899
14395,0.348988,0.118506
14396,0.358357,0.117607
14397,0.350173,0.117445
14398,0.345784,0.117866
14399,0.379166,0.117076
14400,0.341986,0.116611
14401,0.339183,0.119007
14402,0.353788,0.117131
14403,0.365463,0.117757
14404,0.366115,0.118180
14405,0.379905,0.118619
14406,0.345689,0.117832
14407,0.364366,0.116680
14408,0.350241,0.118074
14409,0.391692,0.116765
14410,0.364454,0.117133
14411,0.342452,0.116613
14412,0.355299,0.116363
14413,0.371257,0.117625
14414,0.373859,0.118070
14415,0.349531,0.117623
14416,0.345354,0.115869
14417,0.346807,0.118371
14418,0.351046,0.118582
14419,0.338714,0.117558
14420,0.356806,0.117551
14421,0.355627,0.115663
14422,0.356024,0.116965
14423,0.333962,0.118915
14424,0.343751,0.116443
14425,0.358798,0.118505
14426,0.355938,0.118806
14427,0.361811,0.117923
14428,0.342726,0.117260
14429,0.348097,0.118154
14430,0.372978,0.117140
14431,0.370202,0.118149
14432,0.359394,0.116105
14433,0.388318,0.117604
14434,0.357576,0.115418
14435,0.332693,0.117605
14436,0.353033,0.119237
14437,0.347355,0.118378
14438,0.345288,0.117657
14439,0.346155,0.116490
14440,0.357589,0.117664
14441,0.355833,0.118305
14442,0.376628,0.117037
14443,0.351931,0.116747
14444,0.337925,0.115253
14445,0.354288,0.117511
14446,0.360066,0.117865
14447,0.374519,0.116818
14448,0.335900,0.117969
14449,0.340166,0.117336
14450,0.352718,0.117418
14451,0.377525,0.119617
14452,0.373386,0.117467
14453,0.361728,0.117093
14454,0.351333,0.116638
14455,0.360661,0.117284
14456,0.362441,0.118312
14457,0.360440,0.116930
14458,0.346846,0.118001
14459,0.350621,0.117427
14460,0.369267,0.118762
14461,0.339863,0.119217
14462,0.362885,0.117630
14463,0.370232,0.117977
14464,0.350838,0.117099
14465,0.344521,0.117983
14466,0.356748,0.118360
14467,0.359901,0.118179
14468,0.353239,0.118259
14469,0.363692,0.116484
14470,0.365540,0.118744
14471,0.360233,0.118674
14472,0.368538,0.116616
14473,0.414463,0.117457
14474,0.370621,0.117620
14475,0.348338,0.118867
14476,0.330705,0.119357
14477,0.360454,0.118236
14478,0.364231,0.117941
14479,0.354441,0.117920
14480,0.371501,0.118144
14481,0.365208,0.116883
14482,0.348172,0.117268
14483,0.335696,0.117893
14484,0.350842,0.118155
14485,0.368852,0.117845
14486,0.370990,0.118280
14487,0.352792,0.117356
14488,0.352089,0.117028
14489,0.368227,0.117568
14490,0.368370,0.116374
14491,0.352050,0.116914
14492,0.360450,0.116498
14493,0.357048,0.118386
14494,0.335830,0.118976
14495,0.384465,0.118996
14496,0.361802,0.117360
14497,0.352516,0.115750
14498,0.362130,0.116496
14499,0.350287,0.117536
14500,0.353238,0.116925
14501,0.354432,0.119965
14502,0.347394,0.118079
14503,0.343239,0.117611
14504,0.344631,0.117213
14505,0.361068,0.117147
14506,0.345496,0.117555
14507,0.346276,0.117691
14508,0.350126,0.117364
14509,0.343311,0.119675
14510,0.363832,0.117286
14511,0.383773,0.116430
14512,0.350062,0.116776
14513,0.341038,0.116468
14514,0.376036,0.115573
14515,0.372988,0.116881
14516,0.370456,0.118393
14517,0.346224,0.117192
14518,0.348016,0.116735
14519,0.359614,0.116167
14520,0.349416,0.117528
14521,0.362375,0.118944
14522,0.348693,0.117195
14523,0.344489,0.117577
14524,0.359321,0.118251
14525,0.353280,0.117938
14526,0.355307,0.117980
14527,0.342026,0.117365
14528,0.356122,0.116408
14529,0.348464,0.117369
14530,0.340712,0.115761
14531,0.346005,0.116997
14532,0.347524,0.116703
14533,0.356302,0.118478
14534,0.340324,0.118659
14535,0.354150,0.117370
14536,0.371032,0.117298
14537,0.366522,0.115239
14538,0.325671,0.117287
14539,0.353544,0.118474
14540,0.359392,0.116914
14541,0.351526,0.118980
14542,0.365029,0.117415
14543,0.343534,0.117811
14544,0.352981,0.117738
14545,0.341378,0.117178
14546,0.346060,0.117086
14547,0.378924,0.117679
14548,0.352671,0.116945
14549,0.377372,0.117474
14550,0.367801,0.116217
14551,0.348941,0.118850
14552,0.374278,0.116635
14553,0.355443,0.118102
14554,0.362120,0.118818
14555,0.346726,0.117513
14556,0.368927,0.117217
14557,0.358258,0.115706
14558,0.376518,0.117857
14559,0.376103,0.119001
14560,0.355811,0.117321
14561,0.335668,0.116996
14562,0.334000,0.116788
14563,0.355283,0.117264
14564,0.359810,0.117824
14565,0.372151,0.116897
14566,0.389748,0.117116
14567,0.365056,0.118092
14568,0.339594,0.117864
14569,0.355449,0.117462
14570,0.373046,0.117139
14571,0.366002,0.117413
14572,0.367367,0.118181
14573,0.362653,0.116993
14574,0.353077,0.117825
14575,0.366891,0.116488
14576,0.361440,0.117612
14577,0.356885,0.118263
14578,0.397791,0.116576
14579,0.364712,0.117564
14580,0.359470,0.116744
14581,0.352213,0.118773
14582,0.340278,0.118816
14583,0.386251,0.117869
14584,0.353541,0.117661
14585,0.357735,0.116031
14586,0.350794,0.117267
14587,0.363795,0.118160
14588,0.368044,0.117395
14589,0.343676,0.117624
14590,0.368251,0.117837
14591,0.334689,0.118276
14592,0.351250,0.118054
14593,0.382413,0.116827
14594,0.348329,0.117694
14595,0.355394,0.117991
14596,0.343301,0.116926
14597,0.346965,0.117647
14598,0.335335,0.116394
14599,0.359791,0.116567
14600,0.345096,0.117589
14601,0.355336,0.118658
14602,0.360292,0.118933
14603,0.388079,0.117787
14604,0.341586,0.117734
14605,0.349370,0.116693
14606,0.360508,0.116934
14607,0.357909,0.118356
14608,0.333382,0.117164
14609,0.369482,0.117495
14610,0.371589,0.116255
14611,0.357077,0.118737
14612,0.344041,0.118599
14613,0.355869,0.116815
14614,0.348596,0.116674
14615,0.348084,0.117651
14616,0.350222,0.117049
14617,0.354886,0.117004
14618,0.349267,0.117334
14619,0.374418,0.116972
14620,0.361738,0.118209
14621,0.359241,0.117005
14622,0.347048,0.116769
14623,0.365608,0.115930
14624,0.357106,0.118112
14625,0.339411,0.118569
14626,0.368167,0.117239
14627,0.338415,0.117135
14628,0.379731,0.116309
14629,0.354433,0.118083
14630,0.364703,0.118058
14631,0.375543,0.117489
14632,0.344997,0.117578
14633,0.350062,0.115761
14634,0.346577,0.118123
14635,0.368694,0.119014
14636,0.395901,0.117126
14637,0.372137,0.117735
14638,0.331883,0.117602
14639,0.357940,0.117116
14640,0.340627,0.118244
14641,0.351451,0.117644
14642,0.357167,0.117870
14643,0.347250,0.118374
14644,0.346400,0.116769
14645,0.349952,0.116340
14646,0.359432,0.115848
14647,0.350484,0.117181
14648,0.341718,0.118241
14649,0.354603,0.117366
14650,0.353922,0.118138
14651,0.368341,0.118923
14652,0.345591,0.117163
14653,0.340875,0.115550
14654,0.343179,0.117613
14655,0.368655,0.118232
14656,0.351704,0.117532
14657,0.357186,0.117214
14658,0.365730,0.117393
14659,0.360796,0.118277
14660,0.345334,0.118415
14661,0.353348,0.116695
14662,0.356396,0.116925
14663,0.359421,0.118068
14664,0.356760,0.118284
14665,0.324870,0.117370
14666,0.358489,0.117623
14667,0.344278,0.117885
14668,0.370582,0.118143
14669,0.359448,0.117132
14670,0.363615,0.116777
14671,0.357982,0.116029
14672,0.349607,0.117438
14673,0.346866,0.118484
14674,0.344762,0.117257
14675,0.341438,0.118975
14676,0.371690,0.117042
14677,0.365618,0.118188
14678,0.356510,0.118377
14679,0.350243,0.117267
14680,0.329552,0.117150
14681,0.347209,0.115735
14682,0.336818,0.117918
14683,0.345281,0.118700
14684,0.362901,0.116610
14685,0.351776,0.117261
14686,0.346698,0.118054
14687,0.351604,0.117462
14688,0.356510,0.117256
14689,0.377828,0.117350
14690,0.365597,0.117247
14691,0.351894,0.117103
14692,0.348799,0.117077
14693,0.368198,0.117221
14694,0.366358,0.116593
14695,0.364804,0.117111
14696,0.349545,0.118581
14697,0.361542,0.118165
14698,0.370330,0.117404
14699,0.358093,0.116615
14700,0.363256,0.117931
14701,0.339776,0.117592
14702,0.371829,0.117922
14703,0.363719,0.117997
14704,0.338787,0.117604
14705,0.359790,0.117444
14706,0.354279,0.116146
14707,0.362395,0.117673
14708,0.323920,0.118893
14709,0.366225,0.117705
14710,0.357827,0.117821
14711,0.339563,0.118195
14712,0.360419,0.117566
14713,0.359350,0.117813
14714,0.352513,0.117442
14715,0.377164,0.117047
14716,0.356224,0.117789
14717,0.347652,0.117038
14718,0.360211,0.118420
14719,0.348858,0.118312
14720,0.359613,0.117579
14721,0.345093,0.118357
14722,0.365791,0.117546
14723,0.351730,0.117656
14724,0.364313,0.117227
14725,0.350177,0.117940
14726,0.360312,0.118828
14727,0.361575,0.117964
14728,0.349685,0.117847
14729,0.336321,0.115604
14730,0.356022,0.118576
14731,0.339978,0.118561
14732,0.352129,0.115897
14733,0.346184,0.116300
14734,0.331348,0.117168
14735,0.346059,0.117372
14736,0.354951,0.117860
14737,0.363753,0.117443
14738,0.347885,0.117527
14739,0.353275,0.117974
14740,0.348716,0.116673
14741,0.364366,0.116411
14742,0.366928,0.116842
14743,0.352480,0.116717
14744,0.354699,0.118673
14745,0.362802,0.118406
14746,0.349773,0.118602
14747,0.385087,0.117035
14748,0.355594,0.117936
14749,0.361662,0.118786
14750,0.354194,0.116958
14751,0.343049,0.118821
14752,0.340632,0.117569
14753,0.348013,0.118463
14754,0.368304,0.116401
14755,0.349665,0.118872
14756,0.373508,0.118371
14757,0.337956,0.116944
14758,0.371923,0.116768
14759,0.350413,0.117692
14760,0.364438,0.116828
14761,0.355740,0.118105
14762,0.347013,0.117697
14763,0.343920,0.118364
14764,0.356540,0.118292
14765,0.357490,0.116811
14766,0.358895,0.117127
14767,0.357163,0.116329
14768,0.345364,0.116454
14769,0.351851,0.117440
14770,0.361202,0.117519
14771,0.355209,0.119168
14772,0.342375,0.116686
14773,0.357904,0.118056
14774,0.371856,0.118730
14775,0.343738,0.117138
14776,0.349121,0.117269
14777,0.337879,0.115586
14778,0.335679,0.117479
14779,0.354326,0.118912
14780,0.352815,0.116779
14781,0.344951,0.117879
14782,0.340682,0.117844
14783,0.376628,0.116631
14784,0.360113,0.117211
14785,0.345883,0.117674
14786,0.349975,0.117687
14787,0.347020,0.118437
14788,0.375394,0.117417
14789,0.363593,0.118034
14790,0.356496,0.118091
14791,0.345014,0.117248
14792,0.345119,0.117567
14793,0.350437,0.116453
14794,0.376377,0.116974
14795,0.364248,0.117002
14796,0.353062,0.117350
14797,0.361678,0.119182
14798,0.375907,0.117646
14799,0.354477,0.117754
14800,0.342682,0.116069
14801,0.354402,0.118405
14802,0.345942,0.116823
14803,0.361335,0.118429
14804,0.360601,0.119160
14805,0.341583,0.116683
14806,0.348927,0.117239
14807,0.348947,0.116434
14808,0.342349,0.117175
14809,0.341654,0.117464
14810,0.348495,0.117172
14811,0.347507,0.118014
14812,0.334598,0.119344
14813,0.348455,0.117062
14814,0.361468,0.117027
14815,0.350139,0.116396
14816,0.351136,0.116293
14817,0.348597,0.117271
14818,0.359248,0.116954
14819,0.358004,0.117774
14820,0.353849,0.117742
14821,0.352563,0.118713
14822,0.362573,0.118046
14823,0.349459,0.117337
14824,0.354835,0.117086
14825,0.370292,0.116089
14826,0.357687,0.117386
14827,0.357678,0.118426
14828,0.359610,0.117568
14829,0.350967,0.118190
14830,0.369020,0.118122
14831,0.355526,0.117899
14832,0.346123,0.117800
14833,0.348461,0.117173
14834,0.346868,0.116762
14835,0.355564,0.118353
14836,0.357415,0.116885
14837,0.373935,0.117494
14838,0.366221,0.117582
14839,0.348885,0.117583
14840,0.347641,0.118002
14841,0.359496,0.115904
14842,0.355027,0.117421
14843,0.358708,0.116999
14844,0.359666,0.118362
14845,0.349470,0.117865
14846,0.348534,0.117120
14847,0.373907,0.118329
14848,0.360354,0.116074
14849,0.362023,0.117528
14850,0.360825,0.119444
14851,0.362610,0.118687
14852,0.329495,0.118248
14853,0.346714,0.116971
14854,0.351696,0.117253
14855,0.364405,0.118277
14856,0.369943,0.116987
14857,0.371978,0.118066
14858,0.345251,0.117842
14859,0.366392,0.118241
14860,0.348770,0.118596
14861,0.363229,0.118150
14862,0.361851,0.118521
14863,0.367385,0.118170
14864,0.355505,0.117134
14865,0.367652,0.117750
14866,0.359715,0.118244
14867,0.348376,0.117706
14868,0.360388,0.118457
14869,0.374548,0.117968
14870,0.361003,0.118549
14871,0.344265,0.118267
14872,0.367602,0.117119
14873,0.342897,0.118355
14874,0.373065,0.118454
14875,0.353948,0.118306
14876,0.342184,0.118201
14877,0.356905,0.117452
14878,0.366245,0.117621
14879,0.344005,0.118709
14880,0.372486,0.118575
14881,0.373751,0.117433
14882,0.364415,0.118101
14883,0.362519,0.117091
14884,0.351523,0.118866
14885,0.346378,0.118752
14886,0.351500,0.117990
14887,0.357408,0.116652
14888,0.384190,0.118129
14889,0.352282,0.117422
14890,0.348076,0.117806
14891,0.355012,0.117282
14892,0.346470,0.118597
14893,0.363970,0.118304
14894,0.358171,0.117812
14895,0.372117,0.117327
14896,0.350689,0.117103
14897,0.359506,0.117391
14898,0.359833,0.116946
14899,0.391569,0.118579
14900,0.333839,0.117893
14901,0.346045,0.119068
14902,0.356935,0.118094
14903,0.357841,0.117307
14904,0.373957,0.117668
14905,0.359488,0.118166
14906,0.369596,0.117411
14907,0.375874,0.117551
14908,0.365450,0.117115
14909,0.350585,0.119421
14910,0.370802,0.119907
14911,0.376704,0.117034
14912,0.369107,0.117309
14913,0.355728,0.117589
14914,0.349553,0.118845
14915,0.370391,0.117853
14916,0.370784,0.117656
14917,0.387530,0.118037
14918,0.362904,0.118498
14919,0.358674,0.117337
14920,0.347485,0.117104
14921,0.357489,0.117314
14922,0.349557,0.116827
14923,0.355173,0.117256
14924,0.350596,0.116942
14925,0.349370,0.116862
14926,0.342709,0.117848
14927,0.355745,0.117007
14928,0.369860,0.118177
14929,0.364514,0.117230
14930,0.350012,0.117025
14931,0.348673,0.116545
14932,0.354830,0.117702
14933,0.358380,0.117805
14934,0.358778,0.117697
14935,0.354134,0.117692
14936,0.348632,0.116073
14937,0.365247,0.117614
14938,0.346157,0.118018
14939,0.361844,0.117256
14940,0.355245,0.117720
14941,0.349661,0.117963
14942,0.354789,0.117530
14943,0.351132,0.117396
14944,0.346890,0.117427
14945,0.338324,0.117590
14946,0.349285,0.118042
14947,0.361896,0.116902
14948,0.349019,0.117001
14949,0.375939,0.118027
14950,0.346113,0.117586
14951,0.361662,0.118248
14952,0.356773,0.117377
14953,0.363959,0.117531
14954,0.373392,0.118006
14955,0.361267,0.117083
14956,0.374610,0.118051
14957,0.347737,0.118326
14958,0.361102,0.118343
14959,0.348201,0.118435
14960,0.348296,0.117599
14961,0.351511,0.116814
14962,0.370081,0.118362
14963,0.355357,0.117983
14964,0.357445,0.118054
14965,0.354839,0.118118
14966,0.360544,0.116864
14967,0.357803,0.118793
14968,0.354201,0.118279
14969,0.348125,0.116315
14970,0.382022,0.117733
14971,0.353976,0.117420
14972,0.353211,0.117434
14973,0.359144,0.117278
14974,0.354197,0.117183
14975,0.370309,0.117679
14976,0.353599,0.118173
14977,0.342767,0.117196
14978,0.357241,0.117226
14979,0.375753,0.117611
14980,0.364461,0.116945
14981,0.343524,0.117681
14982,0.358500,0.118141
14983,0.354407,0.117687
14984,0.361899,0.116516
14985,0.356335,0.118698
14986,0.359761,0.118869
14987,0.351541,0.118024
14988,0.357896,0.117634
14989,0.351746,0.116874
14990,0.345979,0.117334
14991,0.372700,0.118526
14992,0.377032,0.119839
14993,0.391860,0.117224
14994,0.351928,0.117223
14995,0.347082,0.118022
14996,0.344609,0.117953
14997,0.370202,0.115710
14998,0.348868,0.116955
14999,0.364815,0.117554
15000,0.359586,0.117320
15001,0.377321,0.120234
15002,0.363506,0.117589
15003,0.359364,0.117377
15004,0.358412,0.117759
15005,0.372669,0.117855
15006,0.361778,0.118047
15007,0.361382,0.117985
15008,0.355369,0.118713
15009,0.343426,0.118750
15010,0.353483,0.118840
15011,0.341554,0.118554
15012,0.351045,0.118648
15013,0.357315,0.117914
15014,0.332927,0.117884
15015,0.336161,0.117465
15016,0.339909,0.118553
15017,0.374721,0.117593
15018,0.349751,0.117961
15019,0.398398,0.118099
15020,0.344170,0.118272
15021,0.354578,0.118472
15022,0.357382,0.118807
15023,0.378609,0.117978
15024,0.351584,0.117738
15025,0.357769,0.119690
15026,0.359208,0.118941
15027,0.383112,0.117699
15028,0.377434,0.117463
15029,0.372409,0.116768
15030,0.354057,0.117425
15031,0.377261,0.118183
15032,0.358202,0.117685
15033,0.364077,0.116473
15034,0.372132,0.116734
15035,0.359455,0.117757
15036,0.363445,0.117779
15037,0.360503,0.117396
15038,0.368898,0.116827
15039,0.350220,0.121095
15040,0.363355,0.117076
15041,0.358686,0.116074
15042,0.360229,0.115708
15043,0.345869,0.117006
15044,0.372576,0.118212
15045,0.368587,0.117694
15046,0.358471,0.118341
15047,0.359292,0.116602
15048,0.362891,0.118137
15049,0.347289,0.117759
15050,0.368313,0.115997
15051,0.365504,0.117496
15052,0.362725,0.117895
15053,0.364423,0.118423
15054,0.345975,0.118094
15055,0.349726,0.117631
15056,0.361133,0.116933
15057,0.375400,0.117796
15058,0.366272,0.118910
15059,0.348892,0.117444
15060,0.359131,0.116973
15061,0.349022,0.117617
15062,0.365575,0.122530
15063,0.363028,0.118692
15064,0.378175,0.117935
15065,0.345013,0.118274
15066,0.361898,0.118062
15067,0.351469,0.116289
15068,0.358099,0.117360
15069,0.385910,0.119256
15070,0.344927,0.117153
15071,0.345407,0.118164
15072,0.363888,0.118324
15073,0.364655,0.117578
15074,0.356103,0.117600
15075,0.370867,0.117413
15076,0.341287,0.116847
15077,0.369028,0.117740
15078,0.362111,0.117314
15079,0.358699,0.117653
15080,0.359987,0.118297
15081,0.350667,0.117511
15082,0.357207,0.118023
15083,0.355961,0.118075
15084,0.337637,0.117859
15085,0.360707,0.117937
15086,0.359033,0.117705
15087,0.346778,0.118513
15088,0.348667,0.118201
15089,0.379316,0.116793
15090,0.347272,0.117314
15091,0.356077,0.118255
15092,0.348801,0.118080
15093,0.340542,0.116820
15094,0.352236,0.117523
15095,0.384769,0.116132
15096,0.359921,0.117516
15097,0.354961,0.118520
15098,0.372162,0.116056
15099,0.352337,0.117991
15100,0.366958,0.118456
15101,0.350003,0.118740
15102,0.339376,0.118383
15103,0.371447,0.118412
15104,0.359250,0.116134
15105,0.365644,0.116213
15106,0.369078,0.117975
15107,0.353580,0.118377
15108,0.354078,0.117793
15109,0.356106,0.117867
15110,0.369458,0.117208
15111,0.399213,0.118806
15112,0.353058,0.118755
15113,0.365492,0.129525
15114,0.373550,0.118438
15115,0.395890,0.118659
15116,0.372685,0.117367
15117,0.349791,0.117295
15118,0.333296,0.117491
15119,0.365340,0.117399
15120,0.381373,0.118472
15121,0.373072,0.118967
15122,0.355652,0.118328
15123,0.364447,0.118048
15124,0.356738,0.117699
15125,0.359980,0.118031
15126,0.361241,0.117174
15127,0.373829,0.117148
15128,0.372967,0.118370
15129,0.373257,0.118921
15130,0.347201,0.118104
15131,0.367083,0.117480
15132,0.330562,0.117296
15133,0.363481,0.118799
15134,0.352883,0.117692
15135,0.374702,0.117169
15136,0.373549,0.118035
15137,0.361781,0.117926
15138,0.348433,0.118399
15139,0.363933,0.117678
15140,0.367186,0.117965
15141,0.363840,0.117879
15142,0.352783,0.118128
15143,0.359352,0.117085
15144,0.353475,0.118256
15145,0.352821,0.119630
15146,0.370242,0.118778
15147,0.385207,0.118485
15148,0.353650,0.117052
15149,0.374291,0.118621
15150,0.358655,0.118705
15151,0.370030,0.119307
15152,0.356002,0.118948
15153,0.392014,0.117561
15154,0.344190,0.117547
15155,0.364626,0.116485
15156,0.364280,0.117096
15157,0.383571,0.118227
15158,0.355149,0.116987
15159,0.374996,0.117991
15160,0.379662,0.118605
15161,0.359663,0.117966
15162,0.352943,0.117395
15163,0.350059,0.117858
15164,0.368554,0.117056
15165,0.346075,0.117412
15166,0.350348,0.117255
15167,0.363409,0.117721
15168,0.358345,0.118030
15169,0.370461,0.117717
15170,0.350866,0.118664
15171,0.371396,0.116988
15172,0.359994,0.117385
15173,0.365647,0.116610
15174,0.353663,0.117595
15175,0.378982,0.118190
15176,0.343477,0.119253
15177,0.362666,0.118447
15178,0.365480,0.118140
15179,0.354557,0.118517
15180,0.356025,0.117501
15181,0.349323,0.117349
15182,0.353906,0.116848
15183,0.342125,0.116182
15184,0.355081,0.118321
15185,0.348530,0.118675
15186,0.362067,0.117658
15187,0.347395,0.118382
15188,0.365657,0.117836
15189,0.350364,0.118189
15190,0.345848,0.118925
15191,0.350609,0.117146
15192,0.358124,0.116979
15193,0.342169,0.118763
15194,0.356738,0.117362
15195,0.365180,0.117388
15196,0.342229,0.117393
15197,0.361175,0.117340
15198,0.348868,0.118069
15199,0.356998,0.117202
15200,0.341703,0.116987
15201,0.356762,0.118980
15202,0.362620,0.117275
15203,0.348492,0.116723
15204,0.350513,0.118282
15205,0.367916,0.118100
15206,0.378983,0.118372
15207,0.373164,0.117119
15208,0.345682,0.116916
15209,0.354284,0.118331
15210,0.375980,0.119104
15211,0.353831,0.117517
15212,0.346675,0.117625
15213,0.368141,0.116645
15214,0.347690,0.117869
15215,0.377808,0.118143
15216,0.451950,0.116756
15217,0.355805,0.117275
15218,0.354173,0.117995
15219,0.364443,0.118335
15220,0.346650,0.117208
15221,0.334513,0.117597
15222,0.379234,0.117964
15223,0.365491,0.117875
15224,0.358144,0.116628
15225,0.348308,0.116567
15226,0.349153,0.116031
15227,0.346863,0.118766
15228,0.363487,0.117756
15229,0.395797,0.117350
15230,0.361022,0.118449
15231,0.355048,0.118390
15232,0.386416,0.118408
15233,0.369638,0.117770
15234,0.381717,0.116856
15235,0.345378,0.117347
15236,0.360345,0.117129
15237,0.366782,0.117767
15238,0.366181,0.118496
15239,0.343710,0.118546
15240,0.363906,0.117071
15241,0.380390,0.116356
15242,0.360344,0.117514
15243,0.369648,0.118498
15244,0.359051,0.116936
15245,0.352210,0.117432
15246,0.353406,0.118362
15247,0.361610,0.118363
15248,0.351762,0.117469
15249,0.365402,0.117370
15250,0.345234,0.117142
15251,0.367461,0.118425
15252,0.359984,0.117591
15253,0.390157,0.118188
15254,0.357835,0.118231
15255,0.371305,0.117161
15256,0.363172,0.116658
15257,0.347236,0.116441
15258,0.357057,0.117298
15259,0.374300,0.117695
15260,0.343370,0.117482
15261,0.358316,0.117719
15262,0.378465,0.118644
15263,0.355423,0.118633
15264,0.360504,0.117301
15265,0.361536,0.117935
15266,0.359279,0.116369
15267,0.351770,0.118046
15268,0.348128,0.118306
15269,0.354409,0.117793
15270,0.364741,0.118028
15271,0.346981,0.116401
15272,0.372986,0.117877
15273,0.372976,0.118433
15274,0.358663,0.116802
15275,0.363154,0.117584
15276,0.351376,0.118045
15277,0.345926,0.116077
15278,0.358924,0.116612
15279,0.348654,0.116255
15280,0.358372,0.117037
15281,0.375112,0.117755
15282,0.338088,0.116867
15283,0.355973,0.117818
15284,0.346243,0.118096
15285,0.340519,0.119815
15286,0.342543,0.118637
15287,0.373205,0.117022
15288,0.378642,0.116968
15289,0.381399,0.116244
15290,0.382776,0.116838
15291,0.357492,0.118496
15292,0.359248,0.117762
15293,0.377537,0.118174
15294,0.352511,0.117183
15295,0.383937,0.117493
15296,0.364906,0.118485
15297,0.358671,0.116989
15298,0.384674,0.116736
15299,0.351417,0.118607
15300,0.371628,0.118363
15301,0.343500,0.119254
15302,0.372314,0.117823
15303,0.352562,0.117417
15304,0.381345,0.117459
15305,0.360792,0.116948
15306,0.360648,0.117908
15307,0.360146,0.117705
15308,0.352335,0.117797
15309,0.375690,0.118240
15310,0.338983,0.117457
15311,0.362422,0.118427
15312,0.367827,0.117925
15313,0.368565,0.117519
15314,0.362294,0.116713
15315,0.366389,0.118085
15316,0.366883,0.118361
15317,0.361939,0.117445
15318,0.380198,0.117683
15319,0.377060,0.117645
15320,0.368679,0.118701
15321,0.356597,0.118334
15322,0.353904,0.116756
15323,0.345594,0.117259
15324,0.372417,0.117482
15325,0.361330,0.117467
15326,0.341585,0.117856
15327,0.356110,0.117450
15328,0.352854,0.117946
15329,0.373350,0.118353
15330,0.376399,0.117149
15331,0.358996,0.117899
15332,0.346597,0.117500
15333,0.371176,0.117046
15334,0.375679,0.117983
15335,0.386774,0.117663
15336,0.342917,0.117806
15337,0.355386,0.117639
15338,0.356013,0.116797
15339,0.368303,0.117609
15340,0.370723,0.116793
15341,0.361421,0.117272
15342,0.369678,0.117640
15343,0.355062,0.118087
15344,0.344459,0.118830
15345,0.361737,0.118106
15346,0.359110,0.117533
15347,0.352976,0.116268
15348,0.358838,0.117880
15349,0.367803,0.118034
15350,0.352726,0.117579
15351,0.356083,0.119985
15352,0.349745,0.118410
15353,0.358271,0.116607
15354,0.369196,0.116223
15355,0.351614,0.117225
15356,0.367209,0.118786
15357,0.360093,0.117100
15358,0.361342,0.117694
15359,0.358119,0.118646
15360,0.369655,0.118226
15361,0.375716,0.117048
15362,0.363318,0.116999
15363,0.381023,0.117030
15364,0.356235,0.117394
15365,0.356320,0.117131
15366,0.358506,0.117235
15367,0.359146,0.117678
15368,0.353194,0.117716
15369,0.394047,0.118340
15370,0.366249,0.116809
15371,0.350212,0.117750
15372,0.355860,0.117562
15373,0.349641,0.118106
15374,0.339705,0.118360
15375,0.396262,0.119337
15376,0.360658,0.118191
15377,0.372684,0.117760
15378,0.361103,0.117803
15379,0.360307,0.118140
15380,0.355401,0.117234
15381,0.352422,0.118194
15382,0.359335,0.118071
15383,0.351632,0.118406
15384,0.359362,0.118413
15385,0.359277,0.118309
15386,0.358579,0.118153
15387,0.356758,0.117401
15388,0.350940,0.118046
15389,0.394479,0.118732
15390,0.363119,0.118065
15391,0.359139,0.119805
15392,0.356952,0.119914
15393,0.375397,0.119869
15394,0.360230,0.120698
15395,0.355831,0.119292
15396,0.372777,0.118793
15397,0.363773,0.117219
15398,0.356728,0.118717
15399,0.351372,0.118227
15400,0.354388,0.116647
15401,0.356291,0.119599
15402,0.367408,0.117301
15403,0.366339,0.117143
15404,0.364613,0.118021
15405,0.371375,0.117836
15406,0.368303,0.117214
15407,0.367734,0.117580
15408,0.368341,0.117626
15409,0.370132,0.118969
15410,0.382400,0.117487
15411,0.377970,0.117441
15412,0.384825,0.117345
15413,0.356353,0.117019
15414,0.372902,0.117984
15415,0.380049,0.117173
15416,0.377411,0.116367
15417,0.378870,0.117065
15418,0.381235,0.118104
15419,0.365579,0.118750
15420,0.376318,0.117916
15421,0.348031,0.117248
15422,0.370350,0.117044
15423,0.387466,0.118693
15424,0.345836,0.118925
15425,0.358601,0.117720
15426,0.341953,0.118286
15427,0.343816,0.117672
15428,0.360595,0.118672
15429,0.362144,0.118516
15430,0.369030,0.117937
15431,0.382271,0.118574
15432,0.366682,0.117060
15433,0.354660,0.117998
15434,0.363354,0.118701
15435,0.353706,0.117338
15436,0.343732,0.117743
15437,0.364263,0.116610
15438,0.367633,0.117552
15439,0.368020,0.119067
15440,0.351770,0.116675
15441,0.365347,0.118241
15442,0.355306,0.117867
15443,0.368959,0.117535
15444,0.340685,0.117323
15445,0.366454,0.117563
15446,0.361006,0.117771
15447,0.359887,0.118395
15448,0.366130,0.117956
15449,0.355877,0.117051
15450,0.345330,0.117552
15451,0.375537,0.117719
15452,0.350426,0.118368
15453,0.338921,0.118462
15454,0.369135,0.118315
15455,0.356261,0.118486
15456,0.376121,0.118050
15457,0.363294,0.118490
15458,0.349096,0.118234
15459,0.360275,0.118324
15460,0.350626,0.117817
15461,0.363106,0.117321
15462,0.366977,0.117267
15463,0.369381,0.118121
15464,0.363102,0.118395
15465,0.357599,0.117845
15466,0.362617,0.117517
15467,0.359973,0.117330
15468,0.362962,0.119271
15469,0.364207,0.118577
15470,0.357923,0.118154
15471,0.368264,0.117171
15472,0.367050,0.117007
15473,0.380230,0.118811
15474,0.372611,0.118489
15475,0.349681,0.118112
15476,0.371894,0.118002
15477,0.379500,0.117432
15478,0.376657,0.119553
15479,0.371233,0.117849
15480,0.371990,0.117321
15481,0.370065,0.120082
15482,0.355034,0.117518
15483,0.361675,0.116849
15484,0.372285,0.118007
15485,0.386429,0.118415
15486,0.366168,0.118454
15487,0.371698,0.118049
15488,0.376012,0.117833
15489,0.346102,0.121166
15490,0.352295,0.115820
15491,0.365388,0.118475
15492,0.359879,0.118423
15493,0.357717,0.117246
15494,0.366282,0.118818
15495,0.358128,0.116876
15496,0.388694,0.125022
15497,0.380479,0.118369
15498,0.364042,0.120919
15499,0.373461,0.117512
15500,0.373507,0.118641
15501,0.353015,0.118053
15502,0.376545,0.119290
15503,0.369734,0.134974
15504,0.370084,0.117013
15505,0.372627,0.116184
15506,0.361270,0.117615
15507,0.358331,0.117428
15508,0.363825,0.117783
15509,0.377276,0.117232
15510,0.364413,0.119222
15511,0.372803,0.120811
15512,0.375448,0.117609
15513,0.358852,0.117537
15514,0.357035,0.117115
15515,0.366393,0.117613
15516,0.350985,0.117723
15517,0.346463,0.116862
15518,0.367846,0.115416
15519,0.397895,0.119031
15520,0.368414,0.119567
15521,0.368429,0.117777
15522,0.395092,0.118148
15523,0.376599,0.116634
15524,0.355541,0.122716
15525,0.355508,0.117820
15526,0.372864,0.117441
15527,0.374377,0.117578
15528,0.369046,0.117803
15529,0.359728,0.119050
15530,0.360609,0.118629
15531,0.399755,0.119409
15532,0.376974,0.117933
15533,0.353780,0.117719
15534,0.354661,0.116956
15535,0.359071,0.118374
15536,0.368693,0.117384
15537,0.362977,0.117729
15538,0.370763,0.121849
15539,0.362583,0.118462
15540,0.371245,0.118767
15541,0.351840,0.117688
15542,0.349388,0.117568
15543,0.379085,0.117476
15544,0.388996,0.117848
15545,0.361795,0.118873
15546,0.370762,0.118176
15547,0.358525,0.118369
15548,0.364234,0.118811
15549,0.384960,0.118290
15550,0.360397,0.117826
15551,0.370736,0.119087
15552,0.385017,0.118875
15553,0.351748,0.120073
15554,0.373653,0.119434
15555,0.358342,0.119362
15556,0.359340,0.117360
15557,0.371200,0.116715
15558,0.363085,0.117867
15559,0.384452,0.117574
15560,0.349232,0.118638
15561,0.376804,0.117802
15562,0.358165,0.118652
15563,0.359744,0.116811
15564,0.363085,0.118824
15565,0.360780,0.117866
15566,0.369836,0.116906
15567,0.378039,0.117383
15568,0.387045,0.116151
15569,0.367054,0.118029
15570,0.384267,0.119473
15571,0.350669,0.118581
15572,0.356581,0.118481
15573,0.354306,0.117996
15574,0.369335,0.117374
15575,0.370066,0.117714
15576,0.385531,0.117109
15577,0.367464,0.118493
15578,0.375461,0.118756
15579,0.374591,0.118567
15580,0.374793,0.118228
15581,0.370682,0.118142
15582,0.367994,0.117472
15583,0.387702,0.117981
15584,0.371311,0.118012
15585,0.360872,0.117740
15586,0.355766,0.118975
15587,0.366317,0.117749
15588,0.357312,0.119262
15589,0.376745,0.117858
15590,0.366285,0.117141
15591,0.349139,0.117608
15592,0.366761,0.118001
15593,0.374776,0.117865
15594,0.393609,0.117607
15595,0.355822,0.118217
15596,0.350075,0.117411
15597,0.347794,0.118133
15598,0.380293,0.118351
15599,0.374659,0.116703
15600,0.371145,0.117501
15601,0.363416,0.118897
15602,0.369542,0.117959
15603,0.373303,0.117251
15604,0.385124,0.119042
15605,0.377610,0.118745
15606,0.362045,0.117904
15607,0.366188,0.117525
15608,0.349220,0.116770
15609,0.361195,0.118458
15610,0.364433,0.118497
15611,0.374494,0.116444
15612,0.355083,0.117670
15613,0.360721,0.117276
15614,0.358336,0.116945
15615,0.369289,0.117103
15616,0.362574,0.117664
15617,0.376739,0.119162
15618,0.361785,0.118316
15619,0.366596,0.117040
15620,0.372364,0.117231
15621,0.349870,0.118061
15622,0.365532,0.117072
15623,0.367162,0.117758
15624,0.377232,0.116821
15625,0.359640,0.117989
15626,0.370415,0.117783
15627,0.358295,0.118698
15628,0.362547,0.118474
15629,0.374997,0.118318
15630,0.360586,0.118403
15631,0.373444,0.117543
15632,0.364021,0.120001
15633,0.384370,0.119443
15634,0.363623,0.117609
15635,0.376533,0.118242
15636,0.384903,0.117240
15637,0.364630,0.120743
15638,0.380400,0.125171
15639,0.359625,0.117754
15640,0.365901,0.117346
15641,0.355898,0.116843
15642,0.351769,0.117027
15643,0.352936,0.126488
15644,0.403272,0.116550
15645,0.372166,0.118378
15646,0.395007,0.119955
15647,0.356596,0.118995
15648,0.355222,0.117734
15649,0.376193,0.116685
15650,0.374900,0.121373
15651,0.351068,0.118877
15652,0.368779,0.117488
15653,0.356939,0.118669
15654,0.364267,0.117326
15655,0.391787,0.117167
15656,0.379585,0.117586
15657,0.362361,0.116599
15658,0.371071,0.116510
15659,0.389557,0.117179
15660,0.368177,0.118226
15661,0.352233,0.124190
15662,0.375062,0.117002
15663,0.363733,0.116182
15664,0.359668,0.119236
15665,0.381743,0.117176
15666,0.369579,0.117953
15667,0.370081,0.117830
15668,0.352349,0.117874
15669,0.359784,0.118714
15670,0.380875,0.118381
15671,0.372326,0.117464
15672,0.369132,0.115189
15673,0.348397,0.116484
15674,0.384131,0.117183
15675,0.363302,0.118226
15676,0.358054,0.119582
15677,0.367589,0.116222
15678,0.361975,0.117404
15679,0.369226,0.118727
15680,0.385281,0.116947
15681,0.373194,0.122048
15682,0.354657,0.117369
15683,0.366670,0.117454
15684,0.360629,0.117657
15685,0.384477,0.116558
15686,0.379291,0.116894
15687,0.346068,0.119090
15688,0.376416,0.116789
15689,0.355357,0.116908
15690,0.364135,0.116756
15691,0.372355,0.118227
15692,0.372476,0.119178
15693,0.365279,0.118401
15694,0.371577,0.116122
15695,0.348099,0.117675
15696,0.350606,0.117415
15697,0.360004,0.117386
15698,0.384161,0.117727
15699,0.366194,0.124980
15700,0.349946,0.117216
15701,0.380721,0.118300
15702,0.372829,0.118292
15703,0.363715,0.117311
15704,0.382067,0.118364
15705,0.374166,0.116917
15706,0.368257,0.117138
15707,0.380946,0.117417
15708,0.359597,0.118076
15709,0.355147,0.117146
15710,0.345790,0.118127
15711,0.380754,0.125974
15712,0.366547,0.116686
15713,0.364028,0.117093
15714,0.360492,0.117068
15715,0.358367,0.122185
15716,0.370788,0.117273
15717,0.362084,0.118303
15718,0.367294,0.116829
15719,0.383721,0.117723
15720,0.355865,0.117769
15721,0.365928,0.117276
15722,0.359136,0.117508
15723,0.373986,0.118357
15724,0.395824,0.118301
15725,0.362385,0.117979
15726,0.351968,0.116653
15727,0.373911,0.116884
15728,0.358198,0.117505
15729,0.380928,0.117193
15730,0.353162,0.117518
15731,0.372786,0.117127
15732,0.371447,0.119333
15733,0.368619,0.119499
15734,0.371273,0.118866
15735,0.366986,0.117596
15736,0.382833,0.116550
15737,0.362054,0.117738
15738,0.379822,0.117650
15739,0.349764,0.117390
15740,0.364888,0.118972
15741,0.357270,0.118905
15742,0.379305,0.117170
15743,0.381806,0.118788
15744,0.363888,0.117086
15745,0.347780,0.117184
15746,0.364648,0.117271
15747,0.358046,0.119275
15748,0.370058,0.117377
15749,0.374910,0.117514
15750,0.363026,0.118272
15751,0.393378,0.117772
15752,0.346526,0.117488
15753,0.352560,0.118786
15754,0.357915,0.117911
15755,0.383231,0.116928
15756,0.399056,0.118089
15757,0.362193,0.117566
15758,0.378063,0.117372
15759,0.357478,0.117672
15760,0.368343,0.117080
15761,0.385098,0.117478
15762,0.364797,0.116164
15763,0.371927,0.116631
15764,0.371996,0.116975
15765,0.365547,0.117879
15766,0.365275,0.118385
15767,0.372406,0.117660
15768,0.368834,0.117767
15769,0.393376,0.115909
15770,0.357923,0.117540
15771,0.351528,0.118255
15772,0.373258,0.117825
15773,0.360571,0.118647
15774,0.400048,0.117202
15775,0.355164,0.118555
15776,0.380024,0.119273
15777,0.389069,0.116990
15778,0.368082,0.116698
15779,0.358910,0.117539
15780,0.369531,0.117335
15781,0.380385,0.118363
15782,0.396856,0.117845
15783,0.367294,0.119354
15784,0.366254,0.119110
15785,0.351283,0.121048
15786,0.391753,0.127603
15787,0.379987,0.115645
15788,0.396247,0.116317
15789,0.380430,0.118182
15790,0.373463,0.117745
15791,0.378748,0.117105
15792,0.370669,0.117831
15793,0.423813,0.119814
15794,0.374875,0.117567
15795,0.367648,0.117823
15796,0.364034,0.117320
15797,0.371700,0.121029
15798,0.372457,0.116337
15799,0.352806,0.120901
15800,0.364325,0.115826
15801,0.369669,0.118279
15802,0.373700,0.116105
15803,0.376475,0.116961
15804,0.365364,0.118122
15805,0.364368,0.117244
15806,0.396195,0.117184
15807,0.365232,0.117889
15808,0.383071,0.117810
15809,0.384962,0.118043
15810,0.357417,0.115454
15811,0.362744,0.116764
15812,0.378333,0.118030
15813,0.392135,0.118297
15814,0.368771,0.121001
15815,0.425831,0.116624
15816,0.390159,0.118651
15817,0.389609,0.118632
15818,0.363363,0.116705
15819,0.365947,0.123053
15820,0.371928,0.117860
15821,0.369091,0.117010
15822,0.367092,0.117493
15823,0.379327,0.117770
15824,0.349877,0.115820
15825,0.355043,0.116891
15826,0.379697,0.116434
15827,0.389964,0.117083
15828,0.355620,0.116274
15829,0.358965,0.118043
15830,0.356208,0.118453
15831,0.353496,0.118249
15832,0.362169,0.117544
15833,0.373147,0.117059
15834,0.366244,0.118756
15835,0.368074,0.118689
15836,0.363307,0.117672
15837,0.350946,0.117914
15838,0.370249,0.117268
15839,0.376954,0.118628
15840,0.359380,0.118569
15841,0.375179,0.116751
15842,0.362451,0.118606
15843,0.377853,0.118577
15844,0.369276,0.118335
15845,0.347793,0.120045
15846,0.356147,0.117962
15847,0.361337,0.133799
15848,0.368080,0.117556
15849,0.390403,0.117404
15850,0.358406,0.117406
15851,0.368487,0.117677
15852,0.364052,0.117430
15853,0.368425,0.117898
15854,0.355560,0.118725
15855,0.375167,0.118148
15856,0.357405,0.117326
15857,0.369785,0.117294
15858,0.376986,0.117531
15859,0.373215,0.116909
15860,0.358078,0.117662
15861,0.372023,0.117811
15862,0.376398,0.118047
15863,0.365924,0.117543
15864,0.364075,0.116671
15865,0.372490,0.116156
15866,0.379674,0.116491
15867,0.380244,0.117579
15868,0.385246,0.118934
15869,0.379482,0.116699
15870,0.351208,0.116792
15871,0.374120,0.118678
15872,0.370021,0.117419
15873,0.373872,0.116925
15874,0.385501,0.117808
15875,0.379601,0.120417
15876,0.350891,0.117920
15877,0.364575,0.117500
15878,0.365839,0.118084
15879,0.386100,0.116190
15880,0.362359,0.116648
15881,0.356317,0.117106
15882,0.357285,0.118003
15883,0.360995,0.119551
15884,0.366567,0.116647
15885,0.378493,0.117653
15886,0.391380,0.119141
15887,0.365450,0.116085
15888,0.365360,0.124267
15889,0.355281,0.117668
15890,0.365337,0.117637
15891,0.360209,0.116908
15892,0.360304,0.115247
15893,0.389492,0.122650
15894,0.371377,0.117600
15895,0.376960,0.120217
15896,0.373516,0.116091
15897,0.368858,0.116784
15898,0.414941,0.117593
15899,0.398414,0.117820
15900,0.364821,0.117216
15901,0.395129,0.117810
15902,0.387019,0.119280
15903,0.364980,0.116210
15904,0.356197,0.117463
15905,0.395301,0.117384
15906,0.364008,0.117307
15907,0.385649,0.116542
15908,0.352100,0.118596
15909,0.385513,0.118541
15910,0.359046,0.117520
15911,0.390258,0.117365
15912,0.360245,0.115262
15913,0.367678,0.116319
15914,0.370658,0.119138
15915,0.393879,0.116444
15916,0.382215,0.117192
15917,0.375673,0.119038
15918,0.360245,0.118458
15919,0.375327,0.117664
15920,0.374344,0.117754
15921,0.357174,0.116022
15922,0.369960,0.116829
15923,0.367672,0.115905
15924,0.367449,0.116757
15925,0.374582,0.118006
15926,0.371363,0.118630
15927,0.381829,0.124353
15928,0.355749,0.120053
15929,0.376960,0.116923
15930,0.408882,0.116840
15931,0.389712,0.116965
15932,0.364963,0.116794
15933,0.355950,0.118791
15934,0.366070,0.117130
15935,0.366276,0.117560
15936,0.361095,0.116437
15937,0.361348,0.117634
15938,0.365009,0.115822
15939,0.362000,0.117721
15940,0.364644,0.119513
15941,0.370401,0.118629
15942,0.379494,0.118812
15943,0.366156,0.115940
15944,0.361782,0.116795
15945,0.373357,0.117818
15946,0.390379,0.116690
15947,0.391854,0.120621
15948,0.409145,0.117579
15949,0.364100,0.117793
15950,0.374505,0.116786
15951,0.366441,0.117164
15952,0.366653,0.115873
15953,0.371814,0.116953
15954,0.354536,0.117788
15955,0.366239,0.119031
15956,0.367173,0.118298
15957,0.386364,0.117379
15958,0.387840,0.116142
15959,0.367439,0.116917
15960,0.370185,0.117614
15961,0.380493,0.116765
15962,0.367429,0.117400
15963,0.378070,0.118374
15964,0.362619,0.118357
15965,0.359206,0.124672
15966,0.382722,0.117255
15967,0.381599,0.116900
15968,0.371231,0.117281
15969,0.395957,0.116148
15970,0.387871,0.115284
15971,0.363095,0.115831
15972,0.384128,0.118518
15973,0.367936,0.118626
15974,0.374081,0.117258
15975,0.366352,0.117098
15976,0.375808,0.115613
15977,0.386833,0.125628
15978,0.386964,0.116319
15979,0.363127,0.116798
15980,0.361232,0.116751
15981,0.359843,0.117496
15982,0.361851,0.119433
15983,0.374173,0.118254
15984,0.363661,0.117861
15985,0.375100,0.117956
15986,0.361064,0.119041
15987,0.362631,0.117726
15988,0.369907,0.117031
15989,0.391861,0.116729
15990,0.357234,0.117973
15991,0.368897,0.119151
15992,0.360342,0.117194
15993,0.367338,0.116972
15994,0.370788,0.116676
15995,0.377301,0.117111
15996,0.381791,0.118478
15997,0.375790,0.119277
15998,0.357528,0.118817
15999,0.363560,0.119535
16000,0.374256,0.118439
16001,0.380393,0.115257
16002,0.402337,0.116989
16003,0.351540,0.117845
16004,0.371492,0.117109
16005,0.376019,0.118569
16006,0.375886,0.117561
16007,0.376035,0.116959
16008,0.359716,0.116979
16009,0.367296,0.117608
16010,0.379904,0.117398
16011,0.389771,0.117233
16012,0.375912,0.117806
16013,0.373020,0.117386
16014,0.377705,0.117404
16015,0.382680,0.117078
16016,0.382912,0.116686
16017,0.357597,0.116434
16018,0.374551,0.115640
16019,0.392411,0.116720
16020,0.370880,0.115299
16021,0.376223,0.116933
16022,0.365194,0.115376
16023,0.391828,0.127596
16024,0.363339,0.116892
16025,0.354752,0.116108
16026,0.369225,0.116306
16027,0.368566,0.115328
16028,0.403287,0.115829
16029,0.370516,0.115924
16030,0.403816,0.116645
16031,0.376847,0.117457
16032,0.373840,0.116987
16033,0.393041,0.116168
16034,0.365175,0.118005
16035,0.396093,0.117423
16036,0.360718,0.115569
16037,0.365488,0.117385
16038,0.375862,0.116888
16039,0.362132,0.115504
16040,0.366798,0.117561
16041,0.393361,0.117487
16042,0.378769,0.120933
16043,0.390426,0.116457
16044,0.363039,0.118655
16045,0.354972,0.116067
16046,0.368839,0.115965
16047,0.383176,0.117986
16048,0.379543,0.119891
16049,0.370908,0.115215
16050,0.387322,0.117051
16051,0.394964,0.121852
16052,0.380581,0.116872
16053,0.359844,0.115129
16054,0.372680,0.117381
16055,0.362734,0.119631
16056,0.376737,0.117110
16057,0.414546,0.124025
16058,0.383085,0.116537
16059,0.383043,0.121078
16060,0.374524,0.121350
16061,0.374950,0.115902
16062,0.397142,0.116399
16063,0.390520,0.121686
16064,0.366824,0.117159
16065,0.370932,0.117917
16066,0.376370,0.119037
16067,0.379137,0.115559
16068,0.362721,0.116241
16069,0.383451,0.115929
16070,0.381196,0.115390
16071,0.367154,0.116664
16072,0.365565,0.114923
16073,0.390621,0.116695
16074,0.369484,0.116294
16075,0.368739,0.117104
16076,0.382077,0.117251
16077,0.358354,0.117609
16078,0.369647,0.117478
16079,0.375771,0.116783
16080,0.380240,0.116214
16081,0.359403,0.116094
16082,0.359304,0.118132
16083,0.373039,0.117969
16084,0.379533,0.117016
16085,0.378981,0.117139
16086,0.362086,0.118857
16087,0.373412,0.118840
16088,0.381011,0.117624
16089,0.365192,0.117161
16090,0.370597,0.117473
16091,0.370825,0.116882
16092,0.362147,0.121749
16093,0.368897,0.117222
16094,0.375018,0.116401
16095,0.386568,0.117648
16096,0.387918,0.117543
16097,0.362650,0.117197
16098,0.360393,0.119296
16099,0.348704,0.121911
16100,0.362264,0.117294
16101,0.363914,0.118383
16102,0.365696,0.117934
16103,0.406764,0.119056
16104,0.367297,0.117785
16105,0.367679,0.116829
16106,0.368701,0.117301
16107,0.365773,0.118891
16108,0.382708,0.116594
16109,0.360474,0.116151
16110,0.383963,0.116854
16111,0.389007,0.117738
16112,0.373388,0.118615
16113,0.385208,0.117846
16114,0.365852,0.117788
16115,0.381845,0.118424
16116,0.360832,0.117220
16117,0.382419,0.116566
16118,0.388800,0.115365
16119,0.383031,0.117776
16120,0.397931,0.119492
16121,0.425863,0.117147
16122,0.376097,0.117362
16123,0.378040,0.116656
16124,0.371614,0.117758
16125,0.367529,0.118306
16126,0.375881,0.115961
16127,0.372782,0.117427
16128,0.359198,0.118678
16129,0.376923,0.117010
16130,0.352488,0.117265
16131,0.343581,0.117823
16132,0.355589,0.116494
16133,0.384417,0.116928
16134,0.395437,0.120007
16135,0.374697,0.118669
16136,0.362486,0.115883
16137,0.361797,0.116379
16138,0.354163,0.117767
16139,0.374899,0.126658
16140,0.390843,0.116972
16141,0.376169,0.116522
16142,0.420596,0.116831
16143,0.378346,0.115653
16144,0.409594,0.115639
16145,0.385832,0.135864
16146,0.384760,0.116212
16147,0.386969,0.116849
16148,0.398280,0.116942
16149,0.407179,0.118946
16150,0.378756,0.117542
16151,0.380255,0.118284
16152,0.386583,0.124562
16153,0.370527,0.116764
16154,0.369522,0.116073
16155,0.391056,0.117542
16156,0.365615,0.117774
16157,0.362791,0.117470
16158,0.391696,0.117881
16159,0.376677,0.117346
16160,0.373410,0.118517
16161,0.383523,0.118666
16162,0.368384,0.117552
16163,0.386314,0.117691
16164,0.383065,0.117587
16165,0.385248,0.117046
16166,0.372896,0.118244
16167,0.380784,0.125859
16168,0.368243,0.116397
16169,0.359257,0.118558
16170,0.397537,0.117481
16171,0.362161,0.116644
16172,0.395855,0.115469
16173,0.373469,0.117142
16174,0.380754,0.119651
16175,0.379765,0.117417
16176,0.378058,0.117277
16177,0.362454,0.120143
16178,0.367439,0.126169
16179,0.393164,0.117991
16180,0.381549,0.116289
16181,0.371943,0.115940
16182,0.362853,0.123138
16183,0.360469,0.117026
16184,0.373642,0.117027
16185,0.358587,0.115435
16186,0.363704,0.116250
16187,0.368509,0.118483
16188,0.381803,0.116569
16189,0.388903,0.117166
16190,0.382082,0.117522
16191,0.379872,0.117729
16192,0.382015,0.117752
16193,0.369868,0.117439
16194,0.362281,0.116469
16195,0.369926,0.116643
16196,0.381040,0.116624
16197,0.404709,0.116901
16198,0.397579,0.116384
16199,0.372979,0.118182
16200,0.387837,0.118916
16201,0.368450,0.117063
16202,0.369771,0.117634
16203,0.402281,0.116413
16204,0.378933,0.119353
16205,0.370102,0.118478
16206,0.376776,0.117318
16207,0.385996,0.117410
16208,0.392528,0.117629
16209,0.384113,0.116472
16210,0.371253,0.118498
16211,0.393296,0.117315
16212,0.388823,0.118296
16213,0.347506,0.118691
16214,0.402392,0.116114
16215,0.374140,0.119094
16216,0.376571,0.116796
16217,0.372577,0.116842
16218,0.354221,0.117361
16219,0.374936,0.117118
16220,0.370025,0.117306
16221,0.379144,0.117626
16222,0.353739,0.119032
16223,0.375156,0.119601
16224,0.384412,0.117389
16225,0.364871,0.116720
16226,0.387731,0.115897
16227,0.378922,0.118002
16228,0.374023,0.117991
16229,0.377204,0.117824
16230,0.366675,0.116931
16231,0.379465,0.115375
16232,0.353354,0.122998
16233,0.371664,0.117313
16234,0.383789,0.117774
16235,0.358316,0.116938
16236,0.365449,0.117374
16237,0.377674,0.117191
16238,0.367568,0.115269
16239,0.370192,0.116089
16240,0.383837,0.117711
16241,0.375030,0.123310
16242,0.369361,0.117203
16243,0.362168,0.117912
16244,0.382190,0.116476
16245,0.369596,0.117166
16246,0.350168,0.117925
16247,0.371882,0.120175
16248,0.364002,0.117193
16249,0.371550,0.118427
16250,0.380627,0.118257
16251,0.376985,0.118072
16252,0.375290,0.116374
16253,0.374499,0.118150
16254,0.372342,0.116290
16255,0.371618,0.118309
16256,0.361164,0.118268
16257,0.373398,0.116540
16258,0.364364,0.115670
16259,0.385112,0.116617
16260,0.384982,0.116314
16261,0.353240,0.119522
16262,0.375017,0.116970
16263,0.369296,0.117546
16264,0.371631,0.118362
16265,0.383698,0.119696
16266,0.358537,0.116846
16267,0.367941,0.115830
16268,0.369615,0.117273
16269,0.375605,0.116804
16270,0.390732,0.116876
16271,0.379670,0.116958
16272,0.374479,0.116700
16273,0.394697,0.119320
16274,0.378766,0.118635
16275,0.380145,0.116975
16276,0.360946,0.116745
16277,0.385459,0.116770
16278,0.373075,0.116016
16279,0.366370,0.119072
16280,0.386813,0.117067
16281,0.400808,0.119423
16282,0.379640,0.118479
16283,0.370059,0.117106
16284,0.387506,0.118652
16285,0.379355,0.115581
16286,0.368384,0.116312
16287,0.375375,0.116317
16288,0.366735,0.123920
16289,0.367505,0.117017
16290,0.360628,0.115999
16291,0.376953,0.122910
16292,0.361298,0.116229
16293,0.403882,0.119419
16294,0.381300,0.120190
16295,0.370391,0.116686
16296,0.378350,0.116958
16297,0.364502,0.116590
16298,0.374479,0.117946
16299,0.378144,0.116232
16300,0.375588,0.118217
16301,0.368618,0.117448
16302,0.354545,0.118306
16303,0.371801,0.116409
16304,0.371549,0.116066
16305,0.373228,0.117940
16306,0.401082,0.117041
16307,0.364965,0.116946
16308,0.371431,0.117522
16309,0.367987,0.117581
16310,0.377307,0.118118
16311,0.373213,0.116783
16312,0.368936,0.116663
16313,0.364304,0.115834
16314,0.365334,0.115768
16315,0.352101,0.117704
16316,0.388868,0.116896
16317,0.378752,0.117150
16318,0.385558,0.116151
16319,0.380240,0.117538
16320,0.377967,0.119342
16321,0.374241,0.118780
16322,0.405205,0.117578
16323,0.397683,0.116439
16324,0.374626,0.115999
16325,0.366147,0.118294
16326,0.390647,0.117279
16327,0.370798,0.116846
16328,0.383141,0.117929
16329,0.386733,0.117453
16330,0.380941,0.116372
16331,0.372268,0.116808
16332,0.382465,0.119185
16333,0.395179,0.117228
16334,0.365695,0.117066
16335,0.393384,0.117794
16336,0.396151,0.116820
16337,0.376453,0.118080
16338,0.375152,0.117713
16339,0.384284,0.116561
16340,0.359490,0.116568
16341,0.368409,0.116550
16342,0.372800,0.117559
16343,0.380639,0.118031
16344,0.356209,0.117640
16345,0.366312,0.118062
16346,0.372861,0.118384
16347,0.379445,0.117280
16348,0.376032,0.116730
16349,0.395927,0.117254
16350,0.415035,0.116862
16351,0.348661,0.118528
16352,0.373911,0.116623
16353,0.354753,0.117452
16354,0.377400,0.117145
16355,0.382077,0.117012
16356,0.382852,0.116636
16357,0.379118,0.116627
16358,0.375079,0.118432
16359,0.367760,0.120276
16360,0.370073,0.117057
16361,0.373000,0.118175
16362,0.358179,0.127106
16363,0.386988,0.116986
16364,0.390308,0.116668
16365,0.383340,0.117328
16366,0.376854,0.117727
16367,0.374438,0.116789
16368,0.394547,0.116282
16369,0.365743,0.116476
16370,0.363013,0.118593
16371,0.368198,0.118133
16372,0.373941,0.117559
16373,0.387151,0.116066
16374,0.377165,0.116570
16375,0.366326,0.118261
16376,0.376260,0.122441
16377,0.378022,0.115641
16378,0.396603,0.115969
16379,0.364762,0.117378
16380,0.384952,0.116783
16381,0.370625,0.116770
16382,0.411062,0.116523
16383,0.384249,0.118896
16384,0.363355,0.119217
16385,0.374264,0.117902
16386,0.384445,0.117201
16387,0.378363,0.116990
16388,0.369480,0.117706
16389,0.359050,0.118352
16390,0.369175,0.117229
16391,0.367277,0.117775
16392,0.379428,0.116935
16393,0.369798,0.118128
16394,0.381410,0.117812
16395,0.374355,0.117601
16396,0.367199,0.117040
16397,0.379041,0.117228
16398,0.385465,0.116993
16399,0.377762,0.119187
16400,0.360516,0.120507
16401,0.375091,0.117569
16402,0.364266,0.119022
16403,0.389206,0.116078
16404,0.397998,0.118983
16405,0.379275,0.116484
16406,0.361989,0.116522
16407,0.367411,0.116188
16408,0.373833,0.117222
16409,0.373525,0.119511
16410,0.369821,0.125473
16411,0.411774,0.117779
16412,0.370170,0.117559
16413,0.396833,0.118043
16414,0.401679,0.116860
16415,0.365032,0.117578
16416,0.369903,0.122748
16417,0.366066,0.118908
16418,0.406912,0.117074
16419,0.383193,0.116851
16420,0.399211,0.116337
16421,0.375547,0.118248
16422,0.375721,0.117615
16423,0.385637,0.118281
16424,0.367555,0.117367
16425,0.383815,0.117826
16426,0.369405,0.119284
16427,0.365689,0.116403
16428,0.370180,0.116932
16429,0.373819,0.117123
16430,0.380629,0.117552
16431,0.379293,0.118048
16432,0.384871,0.116697
16433,0.381931,0.118316
16434,0.381970,0.116277
16435,0.362835,0.116817
16436,0.375802,0.117292
16437,0.377811,0.116985
16438,0.380966,0.121171
16439,0.375336,0.119283
16440,0.408561,0.118367
16441,0.371936,0.119479
16442,0.386430,0.116056
16443,0.387512,0.116830
16444,0.377570,0.119336
16445,0.372390,0.117227
16446,0.395361,0.117102
16447,0.412044,0.123092
16448,0.365913,0.116723
16449,0.411264,0.116951
16450,0.387288,0.116525
16451,0.383363,0.118570
16452,0.390492,0.118012
16453,0.365944,0.118325
16454,0.371876,0.117699
16455,0.366008,0.117335
16456,0.376064,0.117205
16457,0.356530,0.117094
16458,0.372438,0.116703
16459,0.370114,0.118008
16460,0.355104,0.118905
16461,0.371900,0.118601
16462,0.375459,0.117675
16463,0.369788,0.116626
16464,0.367290,0.117750
16465,0.368457,0.117758
16466,0.348947,0.116488
16467,0.374752,0.116657
16468,0.398028,0.119095
16469,0.382280,0.117459
16470,0.396351,0.117675
16471,0.375039,0.117295
16472,0.372104,0.117532
16473,0.367715,0.117507
16474,0.373883,0.119114
16475,0.391434,0.115676
16476,0.394867,0.115832
16477,0.353558,0.123678
16478,0.395592,0.116963
16479,0.368189,0.117088
16480,0.378882,0.116785
16481,0.396426,0.115951
16482,0.377683,0.116670
16483,0.382241,0.118172
16484,0.361642,0.119834
16485,0.380625,0.116627
16486,0.367299,0.121655
16487,0.385101,0.115614
16488,0.376283,0.116120
16489,0.369787,0.115626
16490,0.367807,0.134212
16491,0.370169,0.117373
16492,0.380054,0.117222
16493,0.410605,0.118112
16494,0.370294,0.116910
16495,0.357393,0.116584
16496,0.353516,0.117911
16497,0.363215,0.122340
16498,0.378998,0.120850
16499,0.385242,0.117223
16500,0.397994,0.119637
16501,0.379000,0.118255
16502,0.368344,0.116856
16503,0.376041,0.117431
16504,0.368060,0.115888
16505,0.372792,0.116719
16506,0.360009,0.118170
16507,0.356163,0.116896
16508,0.381264,0.116582
16509,0.397931,0.118027
16510,0.376511,0.117730
16511,0.376616,0.117260
16512,0.403582,0.119455
16513,0.390502,0.115901
16514,0.370837,0.116967
16515,0.384973,0.117035
16516,0.371532,0.117058
16517,0.380261,0.115767
16518,0.395967,0.117267
16519,0.398261,0.118671
16520,0.384307,0.117279
16521,0.394752,0.117255
16522,0.367922,0.115438
16523,0.378516,0.116072
16524,0.374422,0.117311
16525,0.363967,0.116055
16526,0.369680,0.116307
16527,0.386314,0.121980
16528,0.357689,0.117586
16529,0.382604,0.118315
16530,0.374987,0.128408
16531,0.373283,0.116088
16532,0.369873,0.117734
16533,0.364717,0.116829
16534,0.358765,0.117055
16535,0.367196,0.116763
16536,0.375226,0.117489
16537,0.372546,0.119664
16538,0.372340,0.118559
16539,0.387458,0.117456
16540,0.381750,0.116771
16541,0.376275,0.117388
16542,0.376534,0.117685
16543,0.373637,0.117353
16544,0.380444,0.117448
16545,0.394805,0.117024
16546,0.378316,0.119091
16547,0.366172,0.117917
16548,0.419166,0.117737
16549,0.397865,0.117074
16550,0.372128,0.116188
16551,0.378747,0.117768
16552,0.359864,0.121164
16553,0.378922,0.120105
16554,0.377070,0.117332
16555,0.397889,0.117050
16556,0.373498,0.115856
16557,0.398804,0.118049
16558,0.402097,0.116465
16559,0.408072,0.120938
16560,0.377346,0.118962
16561,0.415312,0.118359
16562,0.364580,0.118978
16563,0.374673,0.118310
16564,0.384250,0.117769
16565,0.362831,0.116718
16566,0.406020,0.117791
16567,0.394011,0.117916
16568,0.368702,0.116989
16569,0.398294,0.117092
16570,0.394330,0.118665
16571,0.372695,0.118734
16572,0.402636,0.118309
16573,0.379247,0.117044
16574,0.376202,0.116599
16575,0.387081,0.123806
16576,0.372351,0.116644
16577,0.391705,0.117147
16578,0.402014,0.116910
16579,0.375165,0.124442
16580,0.394365,0.115482
16581,0.372247,0.116547
16582,0.409329,0.117401
16583,0.396447,0.116795
16584,0.374908,0.117330
16585,0.373435,0.116169
16586,0.374335,0.117944
16587,0.382673,0.118338
16588,0.398844,0.116859
16589,0.386408,0.117405
16590,0.367168,0.116119
16591,0.359447,0.116236
16592,0.373254,0.116649
16593,0.366848,0.120247
16594,0.392898,0.117525
16595,0.366944,0.117810
16596,0.368236,0.116326
16597,0.372395,0.115423
16598,0.370820,0.115588
16599,0.372917,0.116194
16600,0.367244,0.117180
16601,0.375439,0.118554
16602,0.370793,0.118232
16603,0.375251,0.117588
16604,0.382800,0.116975
16605,0.383409,0.116174
16606,0.385018,0.116827
16607,0.392054,0.119479
16608,0.386429,0.115918
16609,0.378429,0.120444
16610,0.370242,0.116772
16611,0.373959,0.117156
16612,0.372431,0.117627
16613,0.391113,0.117076
16614,0.376475,0.116852
16615,0.368036,0.117916
16616,0.377566,0.116569
16617,0.384428,0.115690
16618,0.363988,0.115509
16619,0.384147,0.117973
16620,0.356953,0.117311
16621,0.387439,0.117104
16622,0.377107,0.118553
16623,0.369822,0.116602
16624,0.380068,0.117654
16625,0.362690,0.117911
16626,0.389086,0.116565
16627,0.376502,0.116081
16628,0.357417,0.123535
16629,0.388572,0.117178
16630,0.366066,0.117194
16631,0.388918,0.117884
16632,0.380503,0.130375
16633,0.380982,0.117436
16634,0.369758,0.116860
16635,0.389372,0.122728
16636,0.366657,0.115842
16637,0.372358,0.115959
16638,0.372104,0.115691
16639,0.367413,0.117304
16640,0.375404,0.117237
16641,0.385062,0.117912
16642,0.396868,0.117872
16643,0.381313,0.119958
16644,0.396913,0.115751
16645,0.378539,0.115772
16646,0.399181,0.116326
16647,0.374577,0.117567
16648,0.388422,0.116343
16649,0.379517,0.115184
16650,0.362190,0.119649
16651,0.374235,0.117393
16652,0.398550,0.116679
16653,0.378873,0.117644
16654,0.364642,0.115880
16655,0.388048,0.116844
16656,0.383360,0.117038
16657,0.369232,0.116820
16658,0.395367,0.116988
16659,0.378887,0.116932
16660,0.378496,0.116781
16661,0.355044,0.117716
16662,0.351664,0.117154
16663,0.378106,0.118965
16664,0.375813,0.116019
16665,0.375193,0.116725
16666,0.364470,0.117025
16667,0.383209,0.122730
16668,0.376799,0.117796
16669,0.403021,0.118102
16670,0.368307,0.125572
16671,0.389226,0.116969
16672,0.376942,0.121870
16673,0.376394,0.116309
16674,0.368108,0.116742
16675,0.371279,0.116357
16676,0.369841,0.116513
16677,0.382812,0.116714
16678,0.374243,0.118299
16679,0.374695,0.119020
16680,0.373689,0.118193
16681,0.380422,0.117135
16682,0.374186,0.116134
16683,0.383408,0.120299
16684,0.380903,0.117700
16685,0.368088,0.116224
16686,0.372772,0.116819
16687,0.370038,0.118546
16688,0.378681,0.119763
16689,0.384130,0.117872
16690,0.383265,0.118706
16691,0.383374,0.118708
16692,0.378443,0.117711
16693,0.369816,0.115936
16694,0.379406,0.116882
16695,0.384281,0.117552
16696,0.380616,0.117178
16697,0.391614,0.132454
16698,0.400996,0.117239
16699,0.377379,0.125160
16700,0.372324,0.117555
16701,0.370044,0.118084
16702,0.394888,0.117745
16703,0.376044,0.118002
16704,0.368819,0.118174
16705,0.380977,0.119638
16706,0.375057,0.117803
16707,0.397095,0.117060
16708,0.380739,0.116864
16709,0.378220,0.116971
16710,0.365523,0.116880
16711,0.371122,0.116379
16712,0.388730,0.116509
16713,0.357364,0.131404
16714,0.375103,0.116460
16715,0.391565,0.115507
16716,0.390950,0.116194
16717,0.397970,0.118535
16718,0.376483,0.119732
16719,0.381480,0.116980
16720,0.390433,0.117929
16721,0.378660,0.117535
16722,0.378112,0.117543
16723,0.384970,0.120227
16724,0.370996,0.118068
16725,0.368480,0.119327
16726,0.372557,0.117296
16727,0.352851,0.116766
16728,0.386573,0.115942
16729,0.360935,0.118320
16730,0.374503,0.119146
16731,0.363790,0.117870
16732,0.385845,0.117392
16733,0.392336,0.117062
16734,0.389502,0.117893
16735,0.396569,0.117283
16736,0.400477,0.117115
16737,0.433384,0.117813
16738,0.383029,0.117707
16739,0.381145,0.119131
16740,0.369167,0.118084
16741,0.413103,0.116816
16742,0.415620,0.116258
16743,0.387712,0.116500
16744,0.398726,0.117654
16745,0.405903,0.118118
16746,0.385586,0.116270
16747,0.370489,0.117653
16748,0.396402,0.117770
16749,0.402297,0.118034
16750,0.383636,0.116979
16751,0.367967,0.118361
16752,0.381543,0.117105
16753,0.364236,0.118107
16754,0.383329,0.117018
16755,0.386540,0.117452
16756,0.386329,0.117304
16757,0.362285,0.117297
16758,0.386251,0.117300
16759,0.411243,0.117161
16760,0.375012,0.117956
16761,0.388686,0.116177
16762,0.384962,0.116259
16763,0.384155,0.115599
16764,0.376902,0.117490
16765,0.383724,0.119000
16766,0.373719,0.117267
16767,0.376790,0.117810
16768,0.388046,0.116747
16769,0.385167,0.118434
16770,0.385148,0.118316
16771,0.369268,0.116902
16772,0.387043,0.117265
16773,0.394936,0.116700
16774,0.391243,0.117738
16775,0.385885,0.118872
16776,0.388621,0.117514
16777,0.363905,0.117480
16778,0.386844,0.116326
16779,0.358734,0.117049
16780,0.376987,0.118898
16781,0.384176,0.116653
16782,0.385862,0.117385
16783,0.412046,0.117952
16784,0.393802,0.117897
16785,0.384492,0.118009
16786,0.365916,0.117472
16787,0.375089,0.117531
16788,0.390734,0.118278
16789,0.364814,0.117451
16790,0.404487,0.117554
16791,0.373234,0.118099
16792,0.370061,0.117018
16793,0.376287,0.118148
16794,0.396377,0.116982
16795,0.368505,0.117158
16796,0.371903,0.117264
16797,0.371627,0.116865
16798,0.374566,0.117727
16799,0.375951,0.117491
16800,0.396236,0.117298
16801,0.365834,0.118034
16802,0.370240,0.117415
16803,0.381017,0.116998
16804,0.389405,0.116289
16805,0.377653,0.117799
16806,0.403101,0.116322
16807,0.382318,0.116459
16808,0.368542,0.117319
16809,0.371764,0.118300
16810,0.385655,0.118631
16811,0.366677,0.117957
16812,0.372279,0.117320
16813,0.425231,0.116272
16814,0.388756,0.117192
16815,0.378486,0.117826
16816,0.379492,0.117168
16817,0.370727,0.117459
16818,0.384472,0.116896
16819,0.397823,0.118877
16820,0.376729,0.118322
16821,0.368351,0.116447
16822,0.390968,0.116378
16823,0.367785,0.116457
16824,0.403921,0.117626
16825,0.373680,0.118634
16826,0.370990,0.118268
16827,0.377364,0.118600
16828,0.383442,0.118418
16829,0.384130,0.117762
16830,0.390206,0.117482
16831,0.380854,0.116937
16832,0.377566,0.117483
16833,0.380340,0.117725
16834,0.399297,0.117573
16835,0.381603,0.117982
16836,0.393030,0.118136
16837,0.365933,0.117354
16838,0.389004,0.117442
16839,0.377279,0.117105
16840,0.379255,0.116995
16841,0.381593,0.117119
16842,0.377459,0.117273
16843,0.373937,0.117215
16844,0.383857,0.116933
16845,0.373593,0.116407
16846,0.388688,0.115644
16847,0.371055,0.117578
16848,0.371028,0.118449
16849,0.396678,0.117810
16850,0.388410,0.117699
16851,0.363159,0.118862
16852,0.375160,0.117011
16853,0.368292,0.115893
16854,0.381378,0.117574
16855,0.370055,0.118739
16856,0.377613,0.117549
16857,0.363839,0.117233
16858,0.381218,0.116238
16859,0.382652,0.117433
16860,0.389023,0.118067
16861,0.385367,0.116555
16862,0.355477,0.117391
16863,0.387125,0.117708
16864,0.392705,0.118137
16865,0.375237,0.118722
16866,0.388178,0.117112
16867,0.403221,0.117148
16868,0.387985,0.117612
16869,0.414496,0.117962
16870,0.378443,0.117313
16871,0.372440,0.117783
16872,0.378368,0.117935
16873,0.399415,0.118368
16874,0.388655,0.117472
16875,0.364226,0.117180
16876,0.377594,0.117408
16877,0.375327,0.116783
16878,0.404024,0.117388
16879,0.381101,0.117065
16880,0.387684,0.118207
16881,0.419678,0.117643
16882,0.381246,0.117501
16883,0.381295,0.118166
16884,0.370131,0.117393
16885,0.388262,0.117039
16886,0.381531,0.116946
16887,0.382918,0.117284
16888,0.375703,0.117631
16889,0.387300,0.117361
16890,0.379319,0.116495
16891,0.383514,0.117187
16892,0.405683,0.117905
16893,0.395494,0.118652
16894,0.386331,0.118059
16895,0.386694,0.117484
16896,0.368281,0.117278
16897,0.398399,0.118376
16898,0.374556,0.118260
16899,0.366203,0.117251
16900,0.375020,0.118355
16901,0.378562,0.119601
16902,0.369188,0.116872
16903,0.370398,0.116493
16904,0.397850,0.117594
16905,0.370824,0.118217
16906,0.378305,0.117326
16907,0.377853,0.118118
16908,0.365903,0.116122
16909,0.373196,0.118010
16910,0.381328,0.118669
16911,0.374547,0.116455
16912,0.371390,0.116830
16913,0.375993,0.117823
16914,0.374680,0.116885
16915,0.364558,0.117508
16916,0.376494,0.117466
16917,0.382439,0.117753
16918,0.381039,0.118458
16919,0.384627,0.116905
16920,0.367305,0.116596
16921,0.396289,0.117262
16922,0.392321,0.117226
16923,0.387001,0.117354
16924,0.369210,0.117134
16925,0.383322,0.117236
16926,0.381739,0.116957
16927,0.374459,0.116896
16928,0.369120,0.117852
16929,0.356715,0.117987
16930,0.379044,0.117417
16931,0.379106,0.117386
16932,0.366056,0.117869
16933,0.393162,0.117875
16934,0.377399,0.116838
16935,0.381996,0.116349
16936,0.396557,0.117872
16937,0.369675,0.117056
16938,0.367778,0.118306
16939,0.381963,0.117645
16940,0.376212,0.118280
16941,0.394410,0.117888
16942,0.387160,0.118701
16943,0.385813,0.117635
16944,0.371601,0.117242
16945,0.405677,0.116933
16946,0.377620,0.116664
16947,0.368976,0.117847
16948,0.387473,0.119046
16949,0.384378,0.117631
16950,0.412034,0.117404
16951,0.366081,0.118585
16952,0.397438,0.116900
16953,0.402658,0.116327
16954,0.370873,0.117768
16955,0.390392,0.118599
16956,0.372283,0.117263
16957,0.391529,0.116958
16958,0.374503,0.116607
16959,0.389690,0.117615
16960,0.377496,0.118590
16961,0.373845,0.117525
16962,0.386720,0.117915
16963,0.374315,0.118385
16964,0.395185,0.117700
16965,0.384111,0.117625
16966,0.387361,0.117075
16967,0.375388,0.117027
16968,0.362446,0.117297
16969,0.407033,0.117208
16970,0.373785,0.117164
16971,0.368182,0.117598
16972,0.374162,0.119079
16973,0.379241,0.118432
16974,0.411217,0.117220
16975,0.384993,0.117722
16976,0.396008,0.117881
16977,0.394592,0.116967
16978,0.363171,0.117626
16979,0.372105,0.116800
16980,0.362104,0.117278
16981,0.388373,0.116441
16982,0.384257,0.117286
16983,0.396522,0.118201
16984,0.383163,0.117608
16985,0.389556,0.117145
16986,0.392330,0.116309
16987,0.396521,0.118062
16988,0.377644,0.118888
16989,0.382907,0.117980
16990,0.396449,0.118188
16991,0.389265,0.116517
16992,0.385183,0.118440
16993,0.383103,0.118377
16994,0.372749,0.116897
16995,0.372995,0.117191
16996,0.390960,0.116231
16997,0.375480,0.117284
16998,0.378996,0.118055
16999,0.390254,0.117053
17000,0.372844,0.116998
17001,0.392223,0.118612
17002,0.382777,0.117175
17003,0.380826,0.117517
17004,0.379628,0.117283
17005,0.380679,0.118624
17006,0.381030,0.116865
17007,0.396274,0.116829
17008,0.377329,0.118032
17009,0.401132,0.117958
17010,0.396580,0.117064
17011,0.374619,0.117456
17012,0.387618,0.117041
17013,0.380041,0.117723
17014,0.380214,0.116974
17015,0.378648,0.117152
17016,0.370683,0.116568
17017,0.394317,0.118021
17018,0.380346,0.118823
17019,0.410661,0.118034
17020,0.374343,0.117236
17021,0.387800,0.117127
17022,0.393602,0.117551
17023,0.393341,0.117637
17024,0.384462,0.116029
17025,0.373486,0.116658
17026,0.387562,0.117460
17027,0.388493,0.117765
17028,0.376312,0.118285
17029,0.374040,0.117788
17030,0.392782,0.117868
17031,0.380172,0.116475
17032,0.393252,0.117232
17033,0.373946,0.117679
17034,0.382716,0.117256
17035,0.385651,0.117666
17036,0.391333,0.116716
17037,0.370908,0.117318
17038,0.409624,0.118410
17039,0.396954,0.116944
17040,0.369298,0.117793
17041,0.384720,0.117399
17042,0.383213,0.116930
17043,0.372095,0.117621
17044,0.378607,0.117413
17045,0.394159,0.118021
17046,0.388452,0.117785
17047,0.381269,0.117698
17048,0.392682,0.117757
17049,0.384887,0.117938
17050,0.405154,0.117077
17051,0.365714,0.118965
17052,0.381744,0.117452
17053,0.386421,0.117917
17054,0.387805,0.117291
17055,0.378526,0.117481
17056,0.376707,0.117042
17057,0.391737,0.116809
17058,0.404705,0.117293
17059,0.401598,0.116269
17060,0.419826,0.117469
17061,0.379002,0.117812
17062,0.394650,0.117940
17063,0.374248,0.118389
17064,0.403641,0.117640
17065,0.389493,0.117349
17066,0.386576,0.117540
17067,0.378650,0.117998
17068,0.374919,0.118478
17069,0.406548,0.117539
17070,0.366688,0.117238
17071,0.368533,0.118277
17072,0.392848,0.118298
17073,0.380876,0.117820
17074,0.376107,0.117161
17075,0.383276,0.117793
17076,0.392421,0.116697
17077,0.370383,0.118409
17078,0.411583,0.117857
17079,0.368526,0.117273
17080,0.394938,0.117406
17081,0.396713,0.116193
17082,0.388644,0.117981
17083,0.384124,0.118230
17084,0.386926,0.116692
17085,0.389517,0.117823
17086,0.380797,0.117092
17087,0.386794,0.117748
17088,0.399904,0.119195
17089,0.365693,0.116823
17090,0.385646,0.117104
17091,0.392527,0.117866
17092,0.374757,0.117629
17093,0.388972,0.117597
17094,0.370165,0.118417
17095,0.386780,0.118668
17096,0.386174,0.118419
17097,0.418265,0.118180
17098,0.395713,0.116726
17099,0.391801,0.117271
17100,0.382320,0.117829
17101,0.391000,0.119625
17102,0.373107,0.118036
17103,0.375048,0.118745
17104,0.384657,0.117604
17105,0.387115,0.117512
17106,0.373204,0.117915
17107,0.368019,0.116894
17108,0.384972,0.117268
17109,0.388840,0.117395
17110,0.379443,0.118033
17111,0.367272,0.118155
17112,0.389829,0.117662
17113,0.399072,0.117271
17114,0.372889,0.116741
17115,0.401681,0.116893
17116,0.399492,0.117294
17117,0.371925,0.117772
17118,0.375094,0.118402
17119,0.371570,0.118162
17120,0.370133,0.118332
17121,0.369767,0.116566
17122,0.395349,0.117640
17123,0.378738,0.117493
17124,0.400569,0.117156
17125,0.394605,0.117559
17126,0.377053,0.116396
17127,0.388022,0.118233
17128,0.373840,0.119248
17129,0.379502,0.116842
17130,0.385964,0.116985
17131,0.385443,0.118325
17132,0.376727,0.117412
17133,0.404687,0.117022
17134,0.406738,0.117585
17135,0.403444,0.117316
17136,0.374563,0.118165
17137,0.391290,0.117078
17138,0.393670,0.117085
17139,0.392213,0.117106
17140,0.380767,0.116681
17141,0.377954,0.117169
17142,0.384543,0.116679
17143,0.391567,0.117389
17144,0.390865,0.117295
17145,0.385783,0.117922
17146,0.424725,0.118945
17147,0.380172,0.118070
17148,0.380893,0.117853
17149,0.387887,0.117821
17150,0.381593,0.118158
17151,0.390379,0.119483
17152,0.381382,0.117928
17153,0.382170,0.118609
17154,0.378350,0.117919
17155,0.360610,0.117579
17156,0.375772,0.116657
17157,0.387769,0.118058
17158,0.394584,0.118923
17159,0.384383,0.118952
17160,0.409865,0.119389
17161,0.375948,0.118032
17162,0.371508,0.119162
17163,0.377736,0.120048
17164,0.386952,0.117754
17165,0.386907,0.117513
17166,0.383081,0.116204
17167,0.378416,0.117657
17168,0.386555,0.118826
17169,0.373808,0.118623
17170,0.378887,0.117048
17171,0.404521,0.118054
17172,0.385340,0.117829
17173,0.387097,0.117503
17174,0.372616,0.118142
17175,0.396572,0.118554
17176,0.385468,0.117445
17177,0.368945,0.118885
17178,0.418486,0.118105
17179,0.388656,0.118592
17180,0.363035,0.118183
17181,0.380930,0.116866
17182,0.371697,0.118254
17183,0.406918,0.118034
17184,0.385420,0.117376
17185,0.394283,0.117742
17186,0.386885,0.116196
17187,0.387459,0.117541
17188,0.372975,0.117212
17189,0.385580,0.116504
17190,0.399067,0.116927
17191,0.393592,0.118865
17192,0.425590,0.117718
17193,0.380906,0.118748
17194,0.403518,0.117873
17195,0.396717,0.118055
17196,0.365489,0.118674
17197,0.382826,0.117224
17198,0.377686,0.117313
17199,0.406196,0.117285
17200,0.404550,0.117071
17201,0.374318,0.118713
17202,0.385710,0.118633
17203,0.416560,0.118964
17204,0.381666,0.117867
17205,0.390953,0.117464
17206,0.379112,0.117535
17207,0.381165,0.117036
17208,0.384058,0.118150
17209,0.368474,0.117567
17210,0.383248,0.118086
17211,0.393904,0.118257
17212,0.362835,0.117850
17213,0.381063,0.118036
17214,0.392971,0.117713
17215,0.401952,0.117726
17216,0.411069,0.116437
17217,0.411343,0.117644
17218,0.394428,0.118067
17219,0.391212,0.117449
17220,0.391161,0.117205
17221,0.421468,0.117109
17222,0.392646,0.117572
17223,0.381675,0.117223
17224,0.388595,0.116696
17225,0.376321,0.116857
17226,0.394289,0.117285
17227,0.389470,0.117947
17228,0.410660,0.117272
17229,0.382467,0.117240
17230,0.394532,0.119022
17231,0.383675,0.118136
17232,0.375456,0.116919
17233,0.388278,0.117613
17234,0.404644,0.117054
17235,0.386495,0.117880
17236,0.384667,0.118493
17237,0.382234,0.117361
17238,0.393051,0.118133
17239,0.387852,0.117655
17240,0.379131,0.116905
17241,0.382856,0.117804
17242,0.403337,0.116971
17243,0.392084,0.116434
17244,0.399309,0.116405
17245,0.392668,0.117330
17246,0.391167,0.118843
17247,0.379704,0.117556
17248,0.407252,0.118593
17249,0.402657,0.117652
17250,0.404700,0.118017
17251,0.387850,0.118796
17252,0.397343,0.118008
17253,0.403628,0.118388
17254,0.395926,0.118022
17255,0.387383,0.117721
17256,0.390614,0.117532
17257,0.396602,0.118015
17258,0.385187,0.117832
17259,0.374763,0.117807
17260,0.396732,0.117693
17261,0.377926,0.118564
17262,0.385670,0.118099
17263,0.369650,0.118624
17264,0.376028,0.117461
17265,0.387860,0.117561
17266,0.395529,0.116431
17267,0.381020,0.118248
17268,0.412191,0.117105
17269,0.375038,0.118091
17270,0.399079,0.117576
17271,0.392282,0.116662
17272,0.381314,0.118160
17273,0.387555,0.118199
17274,0.380553,0.117639
17275,0.382746,0.117538
17276,0.396550,0.117485
17277,0.373685,0.117702
17278,0.391775,0.117288
17279,0.378974,0.117075
17280,0.386854,0.117590
17281,0.394211,0.118376
17282,0.374257,0.117739
17283,0.397831,0.117917
17284,0.377484,0.118134
17285,0.395428,0.117870
17286,0.389288,0.118206
17287,0.380415,0.117602
17288,0.419522,0.117671
17289,0.391879,0.117880
17290,0.381819,0.118556
17291,0.376881,0.118535
17292,0.375050,0.118811
17293,0.374489,0.117198
17294,0.405268,0.118262
17295,0.385194,0.117701
17296,0.396078,0.117925
17297,0.394369,0.118157
17298,0.371995,0.117256
17299,0.389017,0.118322
17300,0.381967,0.118467
17301,0.384764,0.119296
17302,0.394566,0.117945
17303,0.396614,0.118808
17304,0.377899,0.117950
17305,0.377360,0.117976
17306,0.387948,0.118397
17307,0.418085,0.117940
17308,0.392629,0.118402
17309,0.386345,0.117710
17310,0.395695,0.117921
17311,0.387227,0.118750
17312,0.389425,0.118194
17313,0.400552,0.118345
17314,0.374122,0.118401
17315,0.441195,0.118223
17316,0.384756,0.118663
17317,0.384932,0.117681
17318,0.393216,0.118290
17319,0.370086,0.117700
17320,0.388935,0.118638
17321,0.378381,0.118441
17322,0.381637,0.116854
17323,0.383988,0.117827
17324,0.376109,0.117194
17325,0.389213,0.117540
17326,0.369568,0.117010
17327,0.391608,0.118111
17328,0.396573,0.117527
17329,0.389280,0.117023
17330,0.404686,0.118864
17331,0.373043,0.118593
17332,0.370851,0.118431
17333,0.383518,0.116500
17334,0.379598,0.117413
17335,0.393197,0.118434
17336,0.383428,0.117297
17337,0.391849,0.118634
17338,0.392677,0.118889
17339,0.385076,0.118899
17340,0.398855,0.118877
17341,0.394635,0.117224
17342,0.388782,0.118061
17343,0.379047,0.118306
17344,0.377832,0.118306
17345,0.392186,0.118154
17346,0.389016,0.117037
17347,0.396230,0.119584
17348,0.407516,0.117817
17349,0.402628,0.116874
17350,0.392071,0.116284
17351,0.392611,0.118793
17352,0.384492,0.117033
17353,0.393454,0.118019
17354,0.390433,0.118607
17355,0.395096,0.117915
17356,0.380660,0.117068
17357,0.396344,0.116760
17358,0.398635,0.117207
17359,0.395520,0.118782
17360,0.392762,0.117510
17361,0.379585,0.118003
17362,0.403070,0.117429
17363,0.396427,0.118032
17364,0.387070,0.117035
17365,0.388677,0.116277
17366,0.375882,0.117171
17367,0.388554,0.118216
17368,0.382687,0.118019
17369,0.369459,0.117308
17370,0.376793,0.118460
17371,0.376615,0.118132
17372,0.388814,0.118222
17373,0.401004,0.117231
17374,0.383925,0.117381
17375,0.402154,0.118273
17376,0.402191,0.118275
17377,0.391444,0.118232
17378,0.396799,0.117573
17379,0.381014,0.117953
17380,0.412999,0.117504
17381,0.405143,0.117041
17382,0.370308,0.118103
17383,0.381591,0.117291
17384,0.401843,0.118516
17385,0.415750,0.117818
17386,0.382564,0.117444
17387,0.385606,0.118731
17388,0.384123,0.117146
17389,0.379906,0.117094
17390,0.376222,0.118569
17391,0.380907,0.117480
17392,0.372285,0.119654
17393,0.398282,0.117884
17394,0.381258,0.118154
17395,0.378853,0.118006
17396,0.379484,0.118712
17397,0.388088,0.117638
17398,0.382943,0.117336
17399,0.389886,0.116845
17400,0.388886,0.117184
17401,0.382886,0.119572
17402,0.390117,0.117300
17403,0.416036,0.117764
17404,0.369592,0.117795
17405,0.375551,0.118207
17406,0.388621,0.117054
17407,0.393958,0.116189
17408,0.373564,0.118007
17409,0.391187,0.117988
17410,0.552330,0.117999
17411,0.387274,0.117100
17412,0.387453,0.116974
17413,0.387351,0.117331
17414,0.376448,0.118030
17415,0.389817,0.117128
17416,0.382066,0.116949
17417,0.383498,0.117077
17418,0.381094,0.117708
17419,0.398978,0.118721
17420,0.388268,0.117215
17421,0.372346,0.117400
17422,0.395366,0.118423
17423,0.411883,0.117475
17424,0.383234,0.117494
17425,0.384412,0.117877
17426,0.374915,0.118672
17427,0.417869,0.119077
17428,0.401742,0.117531
17429,0.376806,0.117390
17430,0.388153,0.118369
17431,0.380847,0.117569
17432,0.392423,0.117822
17433,0.372341,0.117771
17434,0.398501,0.117344
17435,0.390810,0.117237
17436,0.399305,0.117333
17437,0.385523,0.118200
17438,0.413161,0.116610
17439,0.376266,0.118297
17440,0.392722,0.117631
17441,0.369563,0.118106
17442,0.390644,0.118777
17443,0.383598,0.118221
17444,0.401894,0.117268
17445,0.391464,0.116884
17446,0.390756,0.117712
17447,0.383760,0.117778
17448,0.366494,0.118278
17449,0.380827,0.117979
17450,0.386029,0.116579
17451,0.416788,0.118347
17452,0.370773,0.116285
17453,0.397298,0.118102
17454,0.367475,0.118765
17455,0.394996,0.118801
17456,0.383637,0.118733
17457,0.382366,0.117041
17458,0.368917,0.117459
17459,0.382102,0.117644
17460,0.403769,0.117997
17461,0.374311,0.117628
17462,0.424187,0.115962
17463,0.386159,0.118299
17464,0.396346,0.118328
17465,0.378935,0.118339
17466,0.375291,0.118944
17467,0.396892,0.118311
17468,0.395588,0.118286
17469,0.396931,0.118314
17470,0.385709,0.117618
17471,0.401634,0.117764
17472,0.396456,0.117160
17473,0.401938,0.117653
17474,0.403480,0.118869
17475,0.386184,0.118051
17476,0.402165,0.118224
17477,0.401781,0.117344
17478,0.372257,0.118130
17479,0.386982,0.118716
17480,0.379835,0.118139
17481,0.402888,0.118375
17482,0.389345,0.117766
17483,0.393130,0.118315
17484,0.401112,0.118656
17485,0.391036,0.118306
17486,0.396863,0.117403
17487,0.381136,0.116145
17488,0.376840,0.117335
17489,0.389708,0.117729
17490,0.396673,0.118071
17491,0.390500,0.118796
17492,0.388375,0.117008
17493,0.394949,0.117732
17494,0.404495,0.117007
17495,0.377408,0.117313
17496,0.377056,0.117535
17497,0.383887,0.118353
17498,0.384237,0.117708
17499,0.390066,0.119031
17500,0.376167,0.117848
17501,0.392585,0.118664
17502,0.419586,0.117782
17503,0.393495,0.118145
17504,0.391976,0.118645
17505,0.399700,0.118393
17506,0.391265,0.119044
17507,0.398651,0.117514
17508,0.385079,0.118903
17509,0.378504,0.119071
17510,0.384669,0.117058
17511,0.388377,0.117561
17512,0.391286,0.116871
17513,0.388911,0.118533
17514,0.402923,0.118290
17515,0.388075,0.116871
17516,0.404847,0.118756
17517,0.404284,0.117982
17518,0.408652,0.117071
17519,0.385687,0.117709
17520,0.397427,0.116696
17521,0.403126,0.118414
17522,0.379164,0.117201
17523,0.370634,0.117387
17524,0.387061,0.118563
17525,0.377679,0.118390
17526,0.391256,0.117696
17527,0.398204,0.117099
17528,0.398649,0.117386
17529,0.382872,0.118606
17530,0.383873,0.118254
17531,0.387211,0.117682
17532,0.367882,0.116763
17533,0.380284,0.119116
17534,0.395083,0.119328
17535,0.404193,0.117259
17536,0.386555,0.117175
17537,0.391616,0.116258
17538,0.405355,0.117761
17539,0.381040,0.117105
17540,0.415897,0.116786
17541,0.384525,0.118048
17542,0.393137,0.118458
17543,0.401889,0.118943
17544,0.385088,0.117979
17545,0.384933,0.117110
17546,0.384046,0.117882
17547,0.413475,0.118503
17548,0.394735,0.117626
17549,0.416274,0.118170
17550,0.389687,0.118644
17551,0.375137,0.118598
17552,0.388081,0.117824
17553,0.406202,0.117064
17554,0.388153,0.118297
17555,0.371473,0.117572
17556,0.377651,0.117260
17557,0.378889,0.117706
17558,0.367671,0.117703
17559,0.400721,0.118616
17560,0.389062,0.117299
17561,0.394566,0.117409
17562,0.392255,0.117465
17563,0.386522,0.117806
17564,0.389595,0.118175
17565,0.393127,0.117879
17566,0.399494,0.118126
17567,0.398618,0.117117
17568,0.385159,0.116888
17569,0.404656,0.117902
17570,0.392945,0.118775
17571,0.386994,0.118125
17572,0.383612,0.117097
17573,0.388139,0.117615
17574,0.372821,0.117882
17575,0.392585,0.117848
17576,0.384879,0.117066
17577,0.384456,0.116294
17578,0.385678,0.118071
17579,0.388428,0.117669
17580,0.388498,0.117218
17581,0.391719,0.117614
17582,0.379590,0.118178
17583,0.395128,0.117608
17584,0.392221,0.117232
17585,0.389238,0.117496
17586,0.388282,0.118393
17587,0.397998,0.118954
17588,0.414803,0.117348
17589,0.385549,0.117306
17590,0.414854,0.117422
17591,0.381189,0.117283
17592,0.390822,0.118350
17593,0.387412,0.117259
17594,0.384870,0.117291
17595,0.371366,0.118933
17596,0.385167,0.118922
17597,0.412182,0.119262
17598,0.398661,0.116577
17599,0.377324,0.117735
17600,0.429884,0.118949
17601,0.391675,0.119358
17602,0.382796,0.117826
17603,0.383872,0.117965
17604,0.386709,0.119332
17605,0.376747,0.118122
17606,0.389438,0.117047
17607,0.392777,0.118071
17608,0.397872,0.116922
17609,0.405725,0.118358
17610,0.376441,0.118005
17611,0.393383,0.118631
17612,0.407204,0.117170
17613,0.391544,0.117877
17614,0.376610,0.117821
17615,0.397952,0.117191
17616,0.390040,0.117236
17617,0.453984,0.116908
17618,0.386150,0.117460
17619,0.402612,0.118129
17620,0.361701,0.117649
17621,0.393197,0.117966
17622,0.372117,0.116471
17623,0.389080,0.117690
17624,0.380324,0.118442
17625,0.389075,0.116760
17626,0.387042,0.117361
17627,0.424029,0.118393
17628,0.409014,0.117983
17629,0.403631,0.117684
17630,0.398048,0.117488
17631,0.386670,0.117744
17632,0.372996,0.118870
17633,0.380008,0.117428
17634,0.398259,0.117176
17635,0.392763,0.117591
17636,0.390072,0.117973
17637,0.372037,0.118658
17638,0.375367,0.117207
17639,0.393693,0.117325
17640,0.371415,0.117852
17641,0.400067,0.117438
17642,0.388585,0.117928
17643,0.377773,0.116657
17644,0.398849,0.117444
17645,0.403218,0.117683
17646,0.403428,0.117755
17647,0.380927,0.117909
17648,0.392197,0.118067
17649,0.394171,0.118915
17650,0.378427,0.117084
17651,0.391095,0.118727
17652,0.398057,0.118306
17653,0.382661,0.118306
17654,0.363502,0.118690
17655,0.436003,0.117607
17656,0.403807,0.117628
17657,0.386935,0.117266
17658,0.412162,0.118193
17659,0.394388,0.117990
17660,0.362354,0.118757
17661,0.392550,0.117893
17662,0.382602,0.117337
17663,0.426205,0.118709
17664,0.405386,0.118204
17665,0.386103,0.117414
17666,0.389066,0.117048
17667,0.396137,0.116445
17668,0.394955,0.117950
17669,0.385092,0.119042
17670,0.386236,0.117583
17671,0.389709,0.118200
17672,0.399953,0.118461
17673,0.384392,0.117357
17674,0.404351,0.116960
17675,0.393952,0.117150
17676,0.389609,0.117879
17677,0.388084,0.119131
17678,0.386804,0.117981
17679,0.394700,0.117392
17680,0.393954,0.117783
17681,0.388694,0.117600
17682,0.370586,0.118181
17683,0.389634,0.117002
17684,0.380669,0.116573
17685,0.400887,0.116756
17686,0.392593,0.118110
17687,0.381073,0.117834
17688,0.390299,0.117716
17689,0.389644,0.117959
17690,0.383511,0.116749
17691,0.381031,0.118052
17692,0.372279,0.118177
17693,0.371220,0.117891
17694,0.385913,0.118256
17695,0.378539,0.118337
17696,0.387950,0.117613
17697,0.388897,0.118934
17698,0.394605,0.117508
17699,0.398787,0.117199
17700,0.389571,0.116270
17701,0.374370,0.118913
17702,0.407276,0.116648
17703,0.397207,0.118177
17704,0.379833,0.118664
17705,0.389296,0.117670
17706,0.388318,0.117200
17707,0.396354,0.116371
17708,0.397826,0.116912
17709,0.391794,0.118390
17710,0.398152,0.116778
17711,0.388999,0.117941
17712,0.403893,0.118345
17713,0.392543,0.117774
17714,0.387358,0.118448
17715,0.391979,0.117141
17716,0.381583,0.116957
17717,0.404610,0.118558
17718,0.388359,0.117337
17719,0.393319,0.118037
17720,0.410365,0.119003
17721,0.380839,0.118579
17722,0.394754,0.118697
17723,0.398941,0.116980
17724,0.401568,0.117921
17725,0.391904,0.118166
17726,0.394317,0.116882
17727,0.392701,0.118838
17728,0.415860,0.118283
17729,0.404678,0.118513
17730,0.383577,0.118058
17731,0.385514,0.117744
17732,0.394284,0.118416
17733,0.381222,0.117107
17734,0.385428,0.117036
17735,0.374751,0.116553
17736,0.400225,0.118963
17737,0.383315,0.119470
17738,0.395518,0.117879
17739,0.393322,0.117626
17740,0.377397,0.117221
17741,0.385172,0.117267
17742,0.378140,0.118097
17743,0.405132,0.116996
17744,0.399490,0.118204
17745,0.406277,0.117543
17746,0.374887,0.118802
17747,0.390946,0.118776
17748,0.393204,0.117822
17749,0.393036,0.117024
17750,0.382284,0.117261
17751,0.388048,0.118822
17752,0.400228,0.118148
17753,0.389103,0.118241
17754,0.388374,0.118104
17755,0.383617,0.117710
17756,0.385318,0.117048
17757,0.381288,0.116736
17758,0.387306,0.117231
17759,0.381840,0.117735
17760,0.413064,0.118262
17761,0.404767,0.119180
17762,0.386086,0.116991
17763,0.396725,0.118106
17764,0.390222,0.117952
17765,0.384476,0.117334
17766,0.393036,0.117101
17767,0.399271,0.117092
17768,0.386856,0.117246
17769,0.431962,0.118809
17770,0.388165,0.116898
17771,0.385157,0.117511
17772,0.393149,0.118062
17773,0.360635,0.117719
17774,0.418702,0.117185
17775,0.389074,0.117600
17776,0.388315,0.117641
17777,0.394753,0.118403
17778,0.390531,0.117016
17779,0.379467,0.117459
17780,0.395387,0.118068
17781,0.383776,0.118166
17782,0.391845,0.117903
17783,0.401097,0.117347
17784,0.392521,0.117543
17785,0.386694,0.118370
17786,0.401332,0.117672
17787,0.387885,0.118801
17788,0.379978,0.118059
17789,0.385231,0.117666
17790,0.391893,0.116642
17791,0.367378,0.117282
17792,0.411815,0.118102
17793,0.383663,0.118042
17794,0.398650,0.117694
17795,0.398257,0.117343
17796,0.404332,0.117986
17797,0.381110,0.118723
17798,0.393055,0.118010
17799,0.406564,0.117048
17800,0.374932,0.116599
17801,0.398223,0.118688
17802,0.399069,0.117014
17803,0.390405,0.117764
17804,0.383325,0.117681
17805,0.396086,0.117518
17806,0.381532,0.117385
17807,0.414047,0.116128
17808,0.391075,0.119153
17809,0.384911,0.117292
17810,0.396913,0.117236
17811,0.395052,0.117125
17812,0.395958,0.116572
17813,0.395232,0.117681
17814,0.385107,0.118652
17815,0.393516,0.116845
17816,0.400569,0.118134
17817,0.374174,0.118036
17818,0.405854,0.117731
17819,0.387936,0.117426
17820,0.412943,0.116798
17821,0.398016,0.117162
17822,0.389786,0.118453
17823,0.424958,0.117368
17824,0.391539,0.118279
17825,0.386511,0.118091
17826,0.390446,0.118197
17827,0.374326,0.118502
17828,0.375582,0.116879
17829,0.383866,0.117739
17830,0.377128,0.118152
17831,0.387872,0.117061
17832,0.391883,0.118736
17833,0.385869,0.117632
17834,0.394209,0.118831
17835,0.390619,0.117836
17836,0.386503,0.118268
17837,0.434180,0.118049
17838,0.390788,0.117258
17839,0.398257,0.117786
17840,0.384508,0.117541
17841,0.387436,0.117393
17842,0.404142,0.119108
17843,0.403765,0.117393
17844,0.387264,0.118078
17845,0.396048,0.117273
17846,0.393561,0.117217
17847,0.378065,0.117952
17848,0.375014,0.117551
17849,0.397927,0.118018
17850,0.400274,0.118731
17851,0.395226,0.119485
17852,0.381226,0.116535
17853,0.374353,0.118304
17854,0.398861,0.117349
17855,0.411082,0.117129
17856,0.391224,0.117332
17857,0.408491,0.116753
17858,0.384485,0.118347
17859,0.373924,0.119053
17860,0.394445,0.117642
17861,0.395284,0.118708
17862,0.390115,0.116250
17863,0.394188,0.117418
17864,0.382578,0.117835
17865,0.404666,0.116764
17866,0.395133,0.117881
17867,0.398110,0.117767
17868,0.383868,0.118163
17869,0.378572,0.117177
17870,0.383465,0.117099
17871,0.390572,0.117915
17872,0.393917,0.118508
17873,0.400944,0.117263
17874,0.396544,0.117135
17875,0.407207,0.117182
17876,0.374773,0.117408
17877,0.393869,0.118037
17878,0.404884,0.116988
17879,0.385730,0.117994
17880,0.388423,0.117749
17881,0.394993,0.117336
17882,0.387165,0.117557
17883,0.386514,0.118796
17884,0.376729,0.118435
17885,0.396626,0.118394
17886,0.379427,0.117306
17887,0.397310,0.118318
17888,0.376156,0.117928
17889,0.398132,0.117903
17890,0.394121,0.116593
17891,0.392852,0.117285
17892,0.402188,0.118067
17893,0.418655,0.118252
17894,0.375421,0.117273
17895,0.391020,0.116236
17896,0.413594,0.117960
17897,0.398855,0.117843
17898,0.417943,0.117354
17899,0.390697,0.116446
17900,0.399612,0.117051
17901,0.420978,0.118394
17902,0.414506,0.116762
17903,0.414053,0.117441
17904,0.381723,0.118801
17905,0.391568,0.119223
17906,0.389342,0.117172
17907,0.395177,0.117512
17908,0.407397,0.118250
17909,0.380957,0.117802
17910,0.412185,0.118064
17911,0.402555,0.117948
17912,0.386525,0.117782
17913,0.388846,0.117974
17914,0.392699,0.117564
17915,0.409735,0.117486
17916,0.388151,0.118108
17917,0.391289,0.118704
17918,0.376463,0.117327
17919,0.388366,0.117573
17920,0.404003,0.117456
17921,0.415819,0.117366
17922,0.380666,0.118385
17923,0.391991,0.117410
17924,0.413975,0.117912
17925,0.405996,0.116853
17926,0.392118,0.118710
17927,0.409390,0.118179
17928,0.411706,0.117634
17929,0.415236,0.117981
17930,0.403585,0.117084
17931,0.398788,0.118626
17932,0.385650,0.118060
17933,0.383114,0.116827
17934,0.395281,0.117711
17935,0.396872,0.118579
17936,0.415376,0.117759
17937,0.400807,0.118354
17938,0.377367,0.117256
17939,0.383888,0.117368
17940,0.390120,0.116524
17941,0.383282,0.117558
17942,0.396094,0.118471
17943,0.399666,0.117812
17944,0.402499,0.117364
17945,0.411180,0.117115
17946,0.395407,0.117032
17947,0.375870,0.118805
17948,0.381003,0.118341
17949,0.387091,0.116770
17950,0.388837,0.117110
17951,0.413691,0.118788
17952,0.400519,0.117937
17953,0.400655,0.117287
17954,0.401181,0.117194
17955,0.404603,0.117256
17956,0.379097,0.116894
17957,0.384162,0.117881
17958,0.410642,0.117371
17959,0.391621,0.119003
17960,0.387235,0.117401
17961,0.396265,0.117182
17962,0.401552,0.118468
17963,0.386227,0.118106
17964,0.388023,0.117549
17965,0.375903,0.117370
17966,0.379474,0.117197
17967,0.392009,0.118618
17968,0.389861,0.117087
17969,0.408882,0.116821
17970,0.401716,0.118636
17971,0.414471,0.117395
17972,0.403317,0.118294
17973,0.382248,0.118302
17974,0.387482,0.117793
17975,0.401512,0.116968
17976,0.401427,0.117496
17977,0.383749,0.117603
17978,0.390361,0.118168
17979,0.408054,0.117950
17980,0.419390,0.117209
17981,0.404320,0.117951
17982,0.392706,0.117882
17983,0.404733,0.117119
17984,0.396072,0.117374
17985,0.374385,0.117246
17986,0.395410,0.117530
17987,0.409385,0.118387
17988,0.414813,0.117618
17989,0.406280,0.117719
17990,0.414034,0.117768
17991,0.397136,0.117484
17992,0.374937,0.116792
17993,0.393815,0.116901
17994,0.410979,0.117902
17995,0.404804,0.118057
17996,0.383787,0.117590
17997,0.385279,0.119062
17998,0.418238,0.118168
17999,0.398540,0.117532
18000,0.410534,0.118259
18001,0.400756,0.115678
18002,0.398795,0.116777
18003,0.410968,0.117035
18004,0.392584,0.115370
18005,0.383956,0.117053
18006,0.393681,0.117371
18007,0.400718,0.116546
18008,0.378969,0.117934
18009,0.390989,0.118974
18010,0.388600,0.118111
18011,0.392827,0.117632
18012,0.414946,0.117169
18013,0.408216,0.116785
18014,0.394163,0.117951
18015,0.386993,0.117105
18016,0.372140,0.117529
18017,0.388723,0.117993
18018,0.401692,0.117692
18019,0.395208,0.117982
18020,0.438045,0.116348
18021,0.389362,0.116251
18022,0.393614,0.116409
18023,0.385177,0.116980
18024,0.408867,0.117374
18025,0.404262,0.118071
18026,0.420711,0.118752
18027,0.388927,0.117728
18028,0.395667,0.118120
18029,0.398313,0.117145
18030,0.407213,0.117073
18031,0.384803,0.117169
18032,0.417538,0.116128
18033,0.392537,0.117962
18034,0.398737,0.117355
18035,0.388730,0.116383
18036,0.391322,0.117953
18037,0.392693,0.118100
18038,0.410461,0.118019
18039,0.394964,0.117882
18040,0.384112,0.116668
18041,0.373630,0.118366
18042,0.402641,0.118170
18043,0.397401,0.116842
18044,0.383178,0.116962
18045,0.399437,0.117157
18046,0.411603,0.117389
18047,0.390903,0.118192
18048,0.381696,0.117227
18049,0.378170,0.117836
18050,0.402022,0.116323
18051,0.407666,0.117494
18052,0.386275,0.116658
18053,0.386693,0.116952
18054,0.407641,0.116334
18055,0.395669,0.118017
18056,0.387382,0.119747
18057,0.389743,0.118954
18058,0.385792,0.117787
18059,0.380940,0.117681
18060,0.388521,0.117345
18061,0.371371,0.116810
18062,0.392001,0.117076
18063,0.395367,0.116218
18064,0.389711,0.118880
18065,0.400300,0.118798
18066,0.402449,0.118104
18067,0.422793,0.117677
18068,0.418795,0.115873
18069,0.389801,0.116830
18070,0.392625,0.117499
18071,0.391865,0.117662
18072,0.419784,0.118739
18073,0.387739,0.117371
18074,0.398905,0.117917
18075,0.399451,0.117734
18076,0.402500,0.117798
18077,0.392637,0.117079
18078,0.389830,0.117233
18079,0.414392,0.116830
18080,0.404300,0.118057
18081,0.392355,0.119179
18082,0.403477,0.117959
18083,0.400998,0.118191
18084,0.393424,0.117034
18085,0.407585,0.116541
18086,0.399190,0.115571
18087,0.403773,0.117062
18088,0.394797,0.117542
18089,0.384831,0.118008
18090,0.432789,0.118463
18091,0.404762,0.118568
18092,0.403532,0.118458
18093,0.391828,0.117557
18094,0.404257,0.117197
18095,0.385471,0.117395
18096,0.396100,0.116526
18097,0.384530,0.118041
18098,0.395030,0.118070
18099,0.404966,0.118070
18100,0.381862,0.118136
18101,0.404520,0.118928
18102,0.392096,0.117186
18103,0.391387,0.115878
18104,0.379373,0.117412
18105,0.402509,0.117933
18106,0.390585,0.117503
18107,0.401795,0.117445
18108,0.400887,0.117807
18109,0.380426,0.117526
18110,0.382300,0.117439
18111,0.409071,0.117017
18112,0.403080,0.117347
18113,0.410729,0.118492
18114,0.390641,0.117016
18115,0.388701,0.117196
18116,0.395524,0.116774
18117,0.390654,0.116889
18118,0.376992,0.117576
18119,0.395896,0.116843
18120,0.405218,0.117999
18121,0.396509,0.117584
18122,0.391023,0.118411
18123,0.391845,0.117452
18124,0.401649,0.117044
18125,0.404219,0.116908
18126,0.410951,0.115861
18127,0.406554,0.116779
18128,0.407576,0.117344
18129,0.395519,0.116931
18130,0.393618,0.117450
18131,0.414914,0.118138
18132,0.389453,0.117646
18133,0.404087,0.117767
18134,0.420824,0.116753
18135,0.400758,0.117529
18136,0.432793,0.118030
18137,0.402970,0.117372
18138,0.413482,0.117997
18139,0.391177,0.118688
18140,0.382986,0.119060
18141,0.395579,0.118667
18142,0.395113,0.116954
18143,0.410544,0.117409
18144,0.411906,0.117163
18145,0.383733,0.117238
18146,0.401412,0.117773
18147,0.387706,0.117243
18148,0.391524,0.117995
18149,0.414073,0.116787
18150,0.403985,0.117743
18151,0.385778,0.117592
18152,0.415794,0.117053
18153,0.403473,0.117563
18154,0.398919,0.118118
18155,0.407697,0.117944
18156,0.407138,0.116837
18157,0.404135,0.117932
18158,0.400894,0.118362
18159,0.388654,0.117733
18160,0.395113,0.116907
18161,0.366749,0.115894
18162,0.389049,0.116920
18163,0.385163,0.117520
18164,0.393574,0.116775
18165,0.384078,0.116511
18166,0.400099,0.118575
18167,0.403138,0.117480
18168,0.420135,0.118086
18169,0.391913,0.116925
18170,0.394970,0.117618
18171,0.388333,0.118540
18172,0.378549,0.116922
18173,0.399357,0.117206
18174,0.401240,0.118476
18175,0.388192,0.117444
18176,0.414170,0.118626
18177,0.424770,0.117181
18178,0.404915,0.117173
18179,0.396950,0.117219
18180,0.411278,0.116468
18181,0.405430,0.117606
18182,0.410805,0.117268
18183,0.408536,0.117647
18184,0.412599,0.117257
18185,0.398725,0.117993
18186,0.406310,0.118634
18187,0.402503,0.117437
18188,0.409197,0.117086
18189,0.384311,0.115991
18190,0.434742,0.117406
18191,0.387634,0.117783
18192,0.404493,0.117688
18193,0.407401,0.117355
18194,0.385159,0.116806
18195,0.407796,0.119140
18196,0.411789,0.118650
18197,0.394824,0.116647
18198,0.391101,0.117190
18199,0.443365,0.117418
18200,0.401442,0.118573
18201,0.396512,0.118600
18202,0.437318,0.117869
18203,0.399449,0.116687
18204,0.394483,0.116841
18205,0.387296,0.117031
18206,0.398148,0.117752
18207,0.414404,0.117679
18208,0.396097,0.118141
18209,0.399585,0.117811
18210,0.402630,0.118228
18211,0.403115,0.118457
18212,0.402890,0.117234
18213,0.417253,0.116206
18214,0.420156,0.116292
18215,0.379360,0.117736
18216,0.384153,0.118800
18217,0.391804,0.117620
18218,0.386396,0.118346
18219,0.390528,0.116965
18220,0.399948,0.117791
18221,0.389282,0.117679
18222,0.412251,0.117046
18223,0.422244,0.117987
18224,0.402783,0.117078
18225,0.401580,0.117822
18226,0.393316,0.117836
18227,0.446377,0.117322
18228,0.385614,0.118392
18229,0.413444,0.116542
18230,0.392573,0.116520
18231,0.414027,0.117665
18232,0.404192,0.117386
18233,0.396636,0.117914
18234,0.421618,0.118569
18235,0.382742,0.117097
18236,0.398870,0.117254
18237,0.409032,0.116956
18238,0.408363,0.117150
18239,0.387050,0.118434
18240,0.380264,0.116320
18241,0.391773,0.116716
18242,0.396842,0.117548
18243,0.401340,0.117796
18244,0.389318,0.117652
18245,0.377981,0.117053
18246,0.398003,0.118091
18247,0.395794,0.117623
18248,0.392059,0.117481
18249,0.400278,0.117560
18250,0.414809,0.117718
18251,0.391122,0.118694
18252,0.381233,0.117364
18253,0.414042,0.116759
18254,0.394241,0.117452
18255,0.399848,0.117359
18256,0.389783,0.117717
18257,0.393492,0.117049
18258,0.402321,0.117885
18259,0.391564,0.119057
18260,0.405215,0.118116
18261,0.401047,0.117362
18262,0.400932,0.117253
18263,0.395439,0.117362
18264,0.402397,0.118194
18265,0.379161,0.116763
18266,0.407268,0.116755
18267,0.400552,0.118044
18268,0.402175,0.117771
18269,0.376125,0.118587
18270,0.404365,0.118239
18271,0.401471,0.118350
18272,0.397422,0.117865
18273,0.392896,0.117828
18274,0.404264,0.118778
18275,0.424329,0.118141
18276,0.390706,0.118137
18277,0.391897,0.117232
18278,0.392180,0.122260
18279,0.395296,0.117460
18280,0.390137,0.122451
18281,0.400089,0.117834
18282,0.403794,0.122453
18283,0.397863,0.119645
18284,0.409078,0.116555
18285,0.434191,0.116227
18286,0.395612,0.116432
18287,0.392608,0.117626
18288,0.408483,0.117543
18289,0.390503,0.118710
18290,0.388137,0.120798
18291,0.418994,0.117602
18292,0.402856,0.117176
18293,0.395323,0.119669
18294,0.396222,0.116039
18295,0.401103,0.120255
18296,0.400017,0.116846
18297,0.394074,0.117485
18298,0.405080,0.117878
18299,0.402254,0.118923
18300,0.426734,0.118664
18301,0.410540,0.117016
18302,0.405933,0.116581
18303,0.387934,0.117191
18304,0.393437,0.116427
18305,0.394399,0.117554
18306,0.405166,0.118001
18307,0.418324,0.120060
18308,0.394464,0.118556
18309,0.382981,0.119083
18310,0.389583,0.118847
18311,0.396416,0.117204
18312,0.409522,0.116754
18313,0.392823,0.116592
18314,0.403997,0.120231
18315,0.379896,0.117535
18316,0.389723,0.117141
18317,0.408954,0.118333
18318,0.407243,0.116207
18319,0.387137,0.117500
18320,0.393975,0.117954
18321,0.383880,0.119232
18322,0.392189,0.117933
18323,0.392902,0.118502
18324,0.377865,0.117778
18325,0.421712,0.118487
18326,0.388959,0.117894
18327,0.400997,0.117802
18328,0.390055,0.118482
18329,0.395424,0.117700
18330,0.398457,0.117539
18331,0.404489,0.119441
18332,0.410377,0.117873
18333,0.415096,0.119146
18334,0.379945,0.117457
18335,0.401975,0.118107
18336,0.387121,0.118705
18337,0.393203,0.118239
18338,0.405399,0.117853
18339,0.389346,0.117555
18340,0.386923,0.117787
18341,0.394946,0.116531
18342,0.406600,0.124254
18343,0.392342,0.117565
18344,0.400979,0.116971
18345,0.399780,0.116848
18346,0.398932,0.117353
18347,0.397321,0.117606
18348,0.387423,0.118380
18349,0.398423,0.121015
18350,0.391494,0.117752
18351,0.397058,0.117685
18352,0.378868,0.117426
18353,0.397090,0.118432
18354,0.406622,0.116572
18355,0.406647,0.117845
18356,0.408191,0.117598
18357,0.407620,0.118478
18358,0.385567,0.117450
18359,0.411142,0.118120
18360,0.380966,0.117309
18361,0.384716,0.116949
18362,0.421651,0.117089
18363,0.387690,0.118653
18364,0.395257,0.117073
18365,0.410841,0.116934
18366,0.401103,0.118405
18367,0.375242,0.117544
18368,0.393793,0.118460
18369,0.394724,0.118618
18370,0.389955,0.116955
18371,0.384806,0.118094
18372,0.402345,0.116419
18373,0.397185,0.117795
18374,0.421196,0.115869
18375,0.397901,0.116405
18376,0.383763,0.118712
18377,0.422060,0.117886
18378,0.424042,0.118311
18379,0.418880,0.120961
18380,0.382038,0.116618
18381,0.403645,0.116663
18382,0.383559,0.116161
18383,0.396452,0.116507
18384,0.396444,0.119374
18385,0.408214,0.120406
18386,0.400479,0.118823
18387,0.389429,0.117560
18388,0.407349,0.116412
18389,0.407297,0.123744
18390,0.401261,0.116793
18391,0.416561,0.117023
18392,0.405825,0.116132
18393,0.393853,0.116921
18394,0.396656,0.117714
18395,0.405511,0.117932
18396,0.394793,0.118295
18397,0.405713,0.115973
18398,0.394766,0.116989
18399,0.398482,0.116706
18400,0.401570,0.118125
18401,0.388292,0.118453
18402,0.395067,0.117485
18403,0.404089,0.117455
18404,0.408968,0.122499
18405,0.410942,0.138385
18406,0.401748,0.117035
18407,0.380763,0.117548
18408,0.387915,0.117979
18409,0.426054,0.117241
18410,0.443312,0.117424
18411,0.404664,0.116003
18412,0.376680,0.116506
18413,0.392607,0.116679
18414,0.415958,0.118112
18415,0.396184,0.116456
18416,0.404354,0.129980
18417,0.447988,0.123190
18418,0.407347,0.117437
18419,0.414320,0.117121
18420,0.392551,0.117870
18421,0.403385,0.118001
18422,0.394068,0.120052
18423,0.400534,0.120705
18424,0.386233,0.117741
18425,0.386010,0.117657
18426,0.404427,0.117152
18427,0.392701,0.117426
18428,0.406325,0.116862
18429,0.397710,0.116989
18430,0.403755,0.117628
18431,0.387507,0.120765
18432,0.389551,0.117608
18433,0.392117,0.118382
18434,0.404565,0.117244
18435,0.405946,0.117389
18436,0.382873,0.117103
18437,0.385233,0.119739
18438,0.388613,0.118319
18439,0.404235,0.119537
18440,0.398481,0.116510
18441,0.400200,0.116205
18442,0.390635,0.117224
18443,0.388108,0.118046
18444,0.393127,0.117315
18445,0.400418,0.119323
18446,0.377168,0.117742
18447,0.401362,0.116764
18448,0.380967,0.117292
18449,0.399377,0.116875
18450,0.380594,0.123238
18451,0.390613,0.119654
18452,0.397984,0.117415
18453,0.395709,0.117697
18454,0.398119,0.117226
18455,0.403191,0.117244
18456,0.385948,0.117090
18457,0.425341,0.115926
18458,0.395378,0.120850
18459,0.388100,0.118858
18460,0.387482,0.117429
18461,0.414266,0.120653
18462,0.393638,0.116634
18463,0.394405,0.116986
18464,0.407062,0.116792
18465,0.399418,0.117421
18466,0.410748,0.117698
18467,0.407652,0.117674
18468,0.411294,0.118395
18469,0.392764,0.118541
18470,0.403263,0.121774
18471,0.394601,0.116533
18472,0.389974,0.121854
18473,0.418677,0.117066
18474,0.393985,0.116376
18475,0.401988,0.119540
18476,0.405956,0.117448
18477,0.392604,0.122928
18478,0.401794,0.116757
18479,0.394482,0.117823
18480,0.423514,0.117290
18481,0.413348,0.117856
18482,0.388539,0.117376
18483,0.401284,0.117140
18484,0.386178,0.117882
18485,0.409576,0.116363
18486,0.408318,0.116518
18487,0.387972,0.116044
18488,0.400803,0.117615
18489,0.414671,0.117776
18490,0.391704,0.117770
18491,0.372442,0.117734
18492,0.421959,0.116592
18493,0.413440,0.123374
18494,0.397287,0.129992
18495,0.392221,0.117138
18496,0.391610,0.116307
18497,0.377427,0.118270
18498,0.399401,0.116073
18499,0.419436,0.116471
18500,0.407084,0.115975
18501,0.404550,0.118431
18502,0.404337,0.119252
18503,0.395370,0.116987
18504,0.389649,0.116736
18505,0.395537,0.117160
18506,0.401973,0.116719
18507,0.419051,0.116242
18508,0.412683,0.117665
18509,0.391137,0.118216
18510,0.402147,0.117914
18511,0.386188,0.117941
18512,0.394860,0.117557
18513,0.420555,0.117718
18514,0.418441,0.117044
18515,0.400567,0.116897
18516,0.421768,0.117363
18517,0.392187,0.118342
18518,0.416530,0.117102
18519,0.379398,0.116314
18520,0.429453,0.115945
18521,0.386318,0.116745
18522,0.397979,0.118357
18523,0.411401,0.117044
18524,0.401004,0.118771
18525,0.394663,0.118763
18526,0.398904,0.117412
18527,0.399143,0.117003
18528,0.415984,0.117380
18529,0.406105,0.117429
18530,0.392270,0.117000
18531,0.387056,0.116944
18532,0.392740,0.116958
18533,0.386705,0.116878
18534,0.396893,0.117160
18535,0.410493,0.118228
18536,0.381014,0.118466
18537,0.417848,0.116921
18538,0.400821,0.117420
18539,0.388191,0.117597
18540,0.398327,0.117789
18541,0.385132,0.116604
18542,0.407406,0.115840
18543,0.384799,0.116142
18544,0.410619,0.122271
18545,0.389961,0.117099
18546,0.407539,0.117406
18547,0.401639,0.117663
18548,0.392841,0.116341
18549,0.427478,0.117887
18550,0.404159,0.117368
18551,0.394922,0.118165
18552,0.392415,0.117152
18553,0.403878,0.124379
18554,0.401741,0.116810
18555,0.406744,0.121866
18556,0.392898,0.116394
18557,0.392925,0.116926
18558,0.396175,0.117748
18559,0.399164,0.118332
18560,0.389492,0.117027
18561,0.398217,0.116623
18562,0.402585,0.116781
18563,0.396280,0.116686
18564,0.402898,0.118477
18565,0.393420,0.118810
18566,0.401761,0.118349
18567,0.412292,0.118731
18568,0.397487,0.117319
18569,0.387827,0.118532
18570,0.401743,0.117021
18571,0.414049,0.117063
18572,0.410359,0.117958
18573,0.405169,0.117744
18574,0.394668,0.117991
18575,0.403410,0.119005
18576,0.398217,0.117841
18577,0.408138,0.125510
18578,0.423365,0.117863
18579,0.414490,0.117283
18580,0.390069,0.117070
18581,0.404319,0.117231
18582,0.391309,0.117088
18583,0.411349,0.117710
18584,0.398484,0.119087
18585,0.409231,0.118661
18586,0.394954,0.114783
18587,0.394429,0.116950
18588,0.412140,0.117285
18589,0.401920,0.116974
18590,0.415318,0.116802
18591,0.398939,0.117267
18592,0.391763,0.119510
18593,0.387350,0.119595
18594,0.395306,0.117480
18595,0.403346,0.117083
18596,0.405753,0.115473
18597,0.406383,0.116614
18598,0.385468,0.117198
18599,0.392299,0.116453
18600,0.384771,0.117000
18601,0.405963,0.117547
18602,0.395280,0.118573
18603,0.423493,0.115855
18604,0.401164,0.116201
18605,0.386966,0.115735
18606,0.419728,0.117159
18607,0.387646,0.115690
18608,0.415029,0.116812
18609,0.402771,0.117578
18610,0.374736,0.117074
18611,0.381446,0.116696
18612,0.391030,0.125579
18613,0.404117,0.116938
18614,0.390663,0.115330
18615,0.395805,0.115193
18616,0.392251,0.116316
18617,0.416504,0.116333
18618,0.416411,0.117036
18619,0.399458,0.116900
18620,0.400196,0.116609
18621,0.398441,0.116779
18622,0.389029,0.123788
18623,0.392665,0.116705
18624,0.390717,0.117282
18625,0.419701,0.116015
18626,0.414490,0.115697
18627,0.402154,0.117071
18628,0.381205,0.118681
18629,0.413547,0.116011
18630,0.408409,0.115684
18631,0.410897,0.119656
18632,0.395678,0.116008
18633,0.407212,0.116670
18634,0.397315,0.117014
18635,0.406285,0.115484
18636,0.418800,0.117450
18637,0.427628,0.117550
18638,0.415090,0.117162
18639,0.417236,0.116521
18640,0.407916,0.115230
18641,0.400363,0.124740
18642,0.410829,0.122308
18643,0.420632,0.119564
18644,0.403372,0.116154
18645,0.420552,0.116338
18646,0.399225,0.116742
18647,0.427924,0.115642
18648,0.379440,0.116674
18649,0.400515,0.116906
18650,0.405735,0.117929
18651,0.393091,0.116238
18652,0.429087,0.116347
18653,0.424665,0.117071
18654,0.413752,0.115926
18655,0.385673,0.117725
18656,0.415852,0.115797
18657,0.426808,0.117132
18658,0.416339,0.115017
18659,0.408137,0.116684
18660,0.380514,0.116683
18661,0.404771,0.115508
18662,0.405300,0.115468
18663,0.405506,0.119030
18664,0.401759,0.117089
18665,0.399428,0.117119
18666,0.403508,0.120890
18667,0.404502,0.116851
18668,0.396779,0.120526
18669,0.409957,0.115682
18670,0.419410,0.117057
18671,0.385839,0.126191
18672,0.406101,0.115131
18673,0.402556,0.117000
18674,0.406521,0.115415
18675,0.389861,0.116488
18676,0.407153,0.117134
18677,0.394315,0.116967
18678,0.422596,0.115550
18679,0.403664,0.117394
18680,0.391085,0.116068
18681,0.403663,0.116579
18682,0.393265,0.115293
18683,0.389826,0.116120
18684,0.402890,0.117317
18685,0.392158,0.117005
18686,0.409032,0.117342
18687,0.398474,0.118163
18688,0.391245,0.119304
18689,0.405316,0.115917
18690,0.404153,0.117370
18691,0.398416,0.116351
18692,0.408221,0.116288
18693,0.412838,0.119448
18694,0.448206,0.118957
18695,0.387645,0.115281
18696,0.399103,0.121516
18697,0.402250,0.116270
18698,0.417151,0.116682
18699,0.412530,0.115052
18700,0.399583,0.115994
18701,0.409150,0.118148
18702,0.414084,0.116289
18703,0.415471,0.115781
18704,0.403696,0.116620
18705,0.388071,0.117413
18706,0.416750,0.119400
18707,0.400580,0.117611
18708,0.390843,0.116693
18709,0.422389,0.114990
18710,0.426524,0.116807
18711,0.411502,0.116174
18712,0.402074,0.114446
18713,0.383586,0.116458
18714,0.394453,0.117857
18715,0.390859,0.116969
18716,0.409260,0.117239
18717,0.424880,0.116170
18718,0.419997,0.117272
18719,0.391205,0.118613
18720,0.416298,0.117846
18721,0.411899,0.118092
18722,0.419221,0.116529
18723,0.438855,0.115367
18724,0.434938,0.115158
18725,0.421811,0.116518
18726,0.417494,0.116558
18727,0.419652,0.116639
18728,0.419961,0.116873
18729,0.399539,0.116523
18730,0.441465,0.116575
18731,0.394063,0.118742
18732,0.395498,0.119377
18733,0.441837,0.118285
18734,0.398672,0.116972
18735,0.409525,0.115146
18736,0.405565,0.115268
18737,0.422976,0.116390
18738,0.397933,0.116086
18739,0.425454,0.117109
18740,0.382842,0.117537
18741,0.407248,0.117411
18742,0.419773,0.115497
18743,0.392361,0.116958
18744,0.418937,0.119229
18745,0.403239,0.117843
18746,0.396719,0.117417
18747,0.409443,0.119338
18748,0.397422,0.115268
18749,0.388590,0.116316
18750,0.409505,0.118058
18751,0.406840,0.118149
18752,0.405421,0.116617
18753,0.396635,0.121847
18754,0.398032,0.116768
18755,0.406651,0.115125
18756,0.407527,0.116144
18757,0.398327,0.117167
18758,0.414323,0.115255
18759,0.392612,0.116861
18760,0.413592,0.117253
18761,0.404115,0.116527
18762,0.412525,0.116236
18763,0.407540,0.117481
18764,0.411218,0.116928
18765,0.416603,0.115197
18766,0.398042,0.116917
18767,0.381934,0.121441
18768,0.412217,0.123925
18769,0.406912,0.116691
18770,0.408519,0.116851
18771,0.383973,0.116005
18772,0.427140,0.116945
18773,0.392754,0.115503
18774,0.420964,0.116343
18775,0.416748,0.115465
18776,0.404181,0.116418
18777,0.394236,0.117303
18778,0.399458,0.115223
18779,0.396585,0.116675
18780,0.401579,0.116385
18781,0.383240,0.116603
18782,0.406763,0.117300
18783,0.412789,0.115777
18784,0.403578,0.116246
18785,0.398058,0.118770
18786,0.391794,0.116369
18787,0.398790,0.116918
18788,0.398386,0.116733
18789,0.412521,0.117190
18790,0.411770,0.117982
18791,0.381710,0.115320
18792,0.421888,0.116904
18793,0.391230,0.116762
18794,0.444076,0.114463
18795,0.395799,0.117138
18796,0.409632,0.117163
18797,0.402899,0.117385
18798,0.396731,0.116682
18799,0.401107,0.116345
18800,0.393332,0.116728
18801,0.424808,0.119717
18802,0.425585,0.116513
18803,0.418905,0.116887
18804,0.403532,0.115024
18805,0.424386,0.116570
18806,0.409158,0.115950
18807,0.403533,0.118120
18808,0.392258,0.116374
18809,0.396884,0.117305
18810,0.391363,0.116900
18811,0.416355,0.115643
18812,0.411183,0.116584
18813,0.403581,0.115302
18814,0.403456,0.118641
18815,0.434977,0.117416
18816,0.396950,0.115608
18817,0.422781,0.117371
18818,0.402343,0.115313
18819,0.469123,0.116743
18820,0.408887,0.120328
18821,0.419688,0.115036
18822,0.399152,0.117142
18823,0.401302,0.122164
18824,0.400582,0.115364
18825,0.402777,0.115200
18826,0.395299,0.116772
18827,0.401722,0.116087
18828,0.412746,0.116094
18829,0.393495,0.116907
18830,0.401823,0.117839
18831,0.419293,0.115364
18832,0.402286,0.117483
18833,0.410515,0.116443
18834,0.392875,0.118001
18835,0.407838,0.115830
18836,0.397702,0.115223
18837,0.407353,0.116732
18838,0.404123,0.116879
18839,0.391859,0.116269
18840,0.390171,0.121507
18841,0.398593,0.118052
18842,0.422261,0.119302
18843,0.391234,0.118246
18844,0.418490,0.115670
18845,0.408239,0.116562
18846,0.435745,0.114991
18847,0.422410,0.116577
18848,0.411082,0.117063
18849,0.418326,0.117335
18850,0.390076,0.115220
18851,0.397301,0.118104
18852,0.397089,0.117465
18853,0.401652,0.116904
18854,0.414638,0.117027
18855,0.414613,0.116521
18856,0.399253,0.115608
18857,0.421011,0.116900
18858,0.412824,0.115388
18859,0.410857,0.114861
18860,0.401586,0.116608
18861,0.380637,0.118433
18862,0.398602,0.116626
18863,0.424444,0.117693
18864,0.417213,0.117049
18865,0.418000,0.116926
18866,0.397910,0.117876
18867,0.388376,0.115882
18868,0.386485,0.116657
18869,0.403617,0.117059
18870,0.400651,0.119337
18871,0.411305,0.118563
18872,0.409200,0.117467
18873,0.401959,0.118724
18874,0.410260,0.119882
18875,0.407057,0.119219
18876,0.400804,0.118628
18877,0.387846,0.117972
18878,0.408022,0.120527
18879,0.390817,0.119984
18880,0.387152,0.118391
18881,0.402417,0.119030
18882,0.407592,0.116587
18883,0.396704,0.118013
18884,0.423612,0.117745
18885,0.411848,0.117315
18886,0.397185,0.117203
18887,0.422535,0.117552
18888,0.392884,0.117738
18889,0.412068,0.118491
18890,0.389350,0.117482
18891,0.387361,0.118197
18892,0.407556,0.117590
18893,0.435713,0.118363
18894,0.390788,0.118110
18895,0.399044,0.118145
18896,0.403648,0.117224
18897,0.392285,0.117348
18898,0.418799,0.117313
18899,0.390538,0.118392
18900,0.402945,0.117041
18901,0.401680,0.119249
18902,0.406757,0.117250
18903,0.388139,0.117002
18904,0.409194,0.116611
18905,0.415393,0.118229
18906,0.406062,0.119035
18907,0.400616,0.116858
18908,0.392025,0.116577
18909,0.408439,0.118128
18910,0.418978,0.117609
18911,0.406512,0.117465
18912,0.412773,0.116612
18913,0.409557,0.118060
18914,0.408265,0.118450
18915,0.410656,0.117282
18916,0.419370,0.117437
18917,0.413074,0.117506
18918,0.398968,0.117636
18919,0.411639,0.117763
18920,0.406125,0.117054
18921,0.412447,0.117153
18922,0.400641,0.118016
18923,0.406174,0.116703
18924,0.378588,0.117165
18925,0.416142,0.116805
18926,0.399706,0.116852
18927,0.393648,0.117594
18928,0.422414,0.117387
18929,0.396072,0.117545
18930,0.415062,0.118104
18931,0.453257,0.116925
18932,0.392617,0.116925
18933,0.396180,0.118079
18934,0.408773,0.118255
18935,0.403287,0.116834
18936,0.402927,0.117034
18937,0.410239,0.115883
18938,0.407497,0.116867
18939,0.397161,0.118028
18940,0.394135,0.116455
18941,0.406802,0.118146
18942,0.405313,0.116738
18943,0.398075,0.117330
18944,0.410315,0.118719
18945,0.406075,0.117126
18946,0.417879,0.116712
18947,0.399300,0.116398
18948,0.400727,0.117080
18949,0.416164,0.118893
18950,0.398113,0.117305
18951,0.407862,0.119768
18952,0.417098,0.117215
18953,0.401910,0.117391
18954,0.393638,0.116528
18955,0.397898,0.117551
18956,0.412834,0.118869
18957,0.397464,0.116758
18958,0.401358,0.116890
18959,0.409711,0.117691
18960,0.384157,0.118130
18961,0.393634,0.118683
18962,0.380177,0.117162
18963,0.417993,0.117058
18964,0.417875,0.117623
18965,0.396450,0.118306
18966,0.402652,0.118584
18967,0.419300,0.118103
18968,0.419373,0.118163
18969,0.395852,0.117957
18970,0.395146,0.117602
18971,0.406437,0.118219
18972,0.403273,0.117855
18973,0.395778,0.117900
18974,0.399500,0.117823
18975,0.416427,0.118305
18976,0.394400,0.118680
18977,0.398687,0.118264
18978,0.396752,0.116753
18979,0.402491,0.117859
18980,0.398688,0.117864
18981,0.404201,0.118796
18982,0.403880,0.118255
18983,0.409402,0.117624
18984,0.420628,0.118155
18985,0.406902,0.118146
18986,0.412285,0.117839
18987,0.424754,0.116795
18988,0.402270,0.117070
18989,0.403952,0.117703
18990,0.411129,0.118680
18991,0.409020,0.118442
18992,0.410116,0.117597
18993,0.412101,0.117549
18994,0.410582,0.118228
18995,0.421445,0.117276
18996,0.400670,0.116956
18997,0.400729,0.117619
18998,0.403753,0.117208
18999,0.396205,0.117895
19000,0.399217,0.116686
19001,0.430056,0.118405
19002,0.419099,0.116887
19003,0.455432,0.117133
19004,0.402777,0.117051
19005,0.416717,0.118121
19006,0.418486,0.118849
19007,0.409831,0.116871
19008,0.396774,0.117793
19009,0.409125,0.119027
19010,0.413072,0.118049
19011,0.409198,0.118350
19012,0.415393,0.117888
19013,0.394063,0.118155
19014,0.406512,0.117534
19015,0.416422,0.117815
19016,0.394431,0.118426
19017,0.430649,0.117699
19018,0.382495,0.117221
19019,0.399456,0.116345
19020,0.403472,0.117633
19021,0.436447,0.118117
19022,0.401973,0.116421
19023,0.414230,0.117060
19024,0.417003,0.117960
19025,0.400562,0.117806
19026,0.415834,0.119230
19027,0.399821,0.116837
19028,0.422629,0.117675
19029,0.406279,0.118168
19030,0.389553,0.116543
19031,0.393327,0.116615
19032,0.400506,0.117220
19033,0.429736,0.117565
19034,0.425268,0.118430
19035,0.407525,0.117525
19036,0.404100,0.117668
19037,0.405549,0.117651
19038,0.407506,0.116999
19039,0.399035,0.117236
19040,0.410175,0.117391
19041,0.440264,0.117144
19042,0.429141,0.117315
19043,0.417387,0.117282
19044,0.416347,0.118105
19045,0.400591,0.116836
19046,0.396150,0.117112
19047,0.429766,0.116467
19048,0.404919,0.117864
19049,0.430627,0.118183
19050,0.400533,0.117699
19051,0.407652,0.118579
19052,0.409050,0.117473
19053,0.433465,0.116971
19054,0.405311,0.116505
19055,0.404478,0.117959
19056,0.410813,0.118302
19057,0.402180,0.117113
19058,0.410791,0.117709
19059,0.417233,0.117092
19060,0.391799,0.117935
19061,0.397932,0.118296
19062,0.423416,0.117412
19063,0.393750,0.118227
19064,0.430040,0.117420
19065,0.385333,0.118361
19066,0.394263,0.118582
19067,0.399151,0.116974
19068,0.422238,0.116834
19069,0.421406,0.117683
19070,0.410758,0.116815
19071,0.399390,0.118847
19072,0.402586,0.117018
19073,0.386250,0.117321
19074,0.405907,0.118270
19075,0.413964,0.118321
19076,0.414207,0.118326
19077,0.397908,0.117201
19078,0.412137,0.116609
19079,0.385862,0.117771
19080,0.393557,0.117192
19081,0.409416,0.117217
19082,0.396927,0.117183
19083,0.408098,0.116920
19084,0.414238,0.117747
19085,0.421326,0.117158
19086,0.414595,0.116803
19087,0.411156,0.118203
19088,0.385101,0.117603
19089,0.422365,0.118492
19090,0.403298,0.117196
19091,0.384333,0.116610
19092,0.399382,0.116541
19093,0.413804,0.117090
19094,0.414415,0.117914
19095,0.424444,0.118194
19096,0.393247,0.117234
19097,0.408220,0.117032
19098,0.393191,0.117720
19099,0.422025,0.118455
19100,0.421725,0.117130
19101,0.397630,0.118550
19102,0.415330,0.117069
19103,0.412107,0.117622
19104,0.399413,0.116677
19105,0.396707,0.118603
19106,0.408329,0.118969
19107,0.400598,0.117429
19108,0.417718,0.118025
19109,0.414362,0.117427
19110,0.408630,0.118541
19111,0.406497,0.118708
19112,0.401358,0.117140
19113,0.395392,0.118400
19114,0.391920,0.117832
19115,0.386414,0.118666
19116,0.397733,0.118255
19117,0.432650,0.117587
19118,0.398166,0.118696
19119,0.391217,0.117024
19120,0.390721,0.117516
19121,0.384576,0.118008
19122,0.417661,0.117936
19123,0.402629,0.118382
19124,0.401853,0.116099
19125,0.403366,0.117661
19126,0.386527,0.118985
19127,0.412467,0.117683
19128,0.424011,0.117500
19129,0.405636,0.117589
19130,0.416369,0.117106
19131,0.398239,0.118840
19132,0.416366,0.117236
19133,0.408217,0.117425
19134,0.383117,0.118716
19135,0.422566,0.118156
19136,0.406000,0.118068
19137,0.418567,0.117536
19138,0.397055,0.117267
19139,0.401807,0.118174
19140,0.410934,0.117980
19141,0.412368,0.117508
19142,0.397608,0.118571
19143,0.398175,0.118073
19144,0.381805,0.118462
19145,0.406164,0.118334
19146,0.390659,0.117682
19147,0.399738,0.117755
19148,0.396835,0.117052
19149,0.397513,0.117609
19150,0.418489,0.118164
19151,0.381701,0.119682
19152,0.429476,0.118139
19153,0.403052,0.117273
19154,0.411055,0.117314
19155,0.404684,0.117110
19156,0.411043,0.117436
19157,0.425550,0.117110
19158,0.415422,0.117204
19159,0.419582,0.116220
19160,0.410077,0.117889
19161,0.410000,0.118983
19162,0.403342,0.117455
19163,0.409057,0.116694
19164,0.390571,0.116382
19165,0.414900,0.116970
19166,0.422520,0.117753
19167,0.400792,0.116911
19168,0.439599,0.117005
19169,0.420943,0.116270
19170,0.419753,0.119345
19171,0.403527,0.119183
19172,0.398093,0.117334
19173,0.409464,0.116524
19174,0.415883,0.116408
19175,0.401202,0.118571
19176,0.412345,0.117998
19177,0.415940,0.116598
19178,0.380253,0.117882
19179,0.425159,0.118269
19180,0.407929,0.118085
19181,0.409879,0.117129
19182,0.436958,0.117294
19183,0.428363,0.117216
19184,0.410138,0.118106
19185,0.404992,0.118015
19186,0.407228,0.117525
19187,0.414396,0.119239
19188,0.416137,0.117847
19189,0.419030,0.118239
19190,0.400502,0.117650
19191,0.415553,0.117768
19192,0.401698,0.117103
19193,0.418173,0.117849
19194,0.413744,0.117750
19195,0.418005,0.117748
19196,0.398345,0.117676
19197,0.423106,0.118064
19198,0.397256,0.117086
19199,0.405805,0.117728
19200,0.398506,0.116087
19201,0.410140,0.118427
19202,0.421688,0.117945
19203,0.402870,0.118873
19204,0.419421,0.118369
19205,0.432960,0.118098
19206,0.428171,0.117709
19207,0.397687,0.116647
19208,0.407766,0.117708
19209,0.391317,0.117948
19210,0.418887,0.118508
19211,0.401631,0.118954
19212,0.395401,0.118665
19213,0.405686,0.118156
19214,0.418890,0.118385
19215,0.382840,0.117623
19216,0.402340,0.117584
19217,0.396905,0.117581
19218,0.402474,0.117806
19219,0.409966,0.117069
19220,0.406801,0.118113
19221,0.422746,0.118497
19222,0.420607,0.117978
19223,0.460767,0.117134
19224,0.399717,0.116745
19225,0.416154,0.117580
19226,0.388424,0.117957
19227,0.424103,0.117768
19228,0.421760,0.117887
19229,0.418765,0.116648
19230,0.408008,0.117947
19231,0.405980,0.118074
19232,0.410693,0.118170
19233,0.413260,0.117956
19234,0.396654,0.116509
19235,0.419562,0.117593
19236,0.411205,0.119045
19237,0.413952,0.117409
19238,0.408393,0.118950
19239,0.406507,0.118040
19240,0.388869,0.117314
19241,0.396735,0.117387
19242,0.416223,0.117619
19243,0.399581,0.117027
19244,0.402153,0.118199
19245,0.399556,0.118315
19246,0.413197,0.117309
19247,0.407608,0.117319
19248,0.397364,0.116987
19249,0.406703,0.117944
19250,0.411686,0.117400
19251,0.417131,0.118596
19252,0.421052,0.117284
19253,0.414248,0.117357
19254,0.413100,0.116765
19255,0.418570,0.116425
19256,0.402038,0.117947
19257,0.414592,0.117788
19258,0.424066,0.117096
19259,0.397020,0.117561
19260,0.433264,0.118562
19261,0.411579,0.118616
19262,0.397399,0.117291
19263,0.389369,0.116836
19264,0.395750,0.117513
19265,0.407917,0.118153
19266,0.407622,0.118253
19267,0.427784,0.117794
19268,0.414216,0.118538
19269,0.399409,0.118037
19270,0.400918,0.118424
19271,0.413621,0.117785
19272,0.397412,0.117825
19273,0.413937,0.117254
19274,0.419591,0.117476
19275,0.406698,0.118412
19276,0.406554,0.119217
19277,0.398807,0.119239
19278,0.416349,0.118423
19279,0.415095,0.117369
19280,0.412392,0.117918
19281,0.400911,0.117361
19282,0.394332,0.117172
19283,0.408430,0.117064
19284,0.411090,0.117114
19285,0.397442,0.118351
19286,0.405741,0.118761
19287,0.429745,0.118517
19288,0.436612,0.117733
19289,0.410880,0.115861
19290,0.418652,0.118045
19291,0.408162,0.118251
19292,0.401440,0.118028
19293,0.392012,0.118836
19294,0.410551,0.117664
19295,0.428340,0.118957
19296,0.402665,0.119133
19297,0.412815,0.117585
19298,0.415523,0.118127
19299,0.401557,0.117357
19300,0.409603,0.118406
19301,0.402174,0.118508
19302,0.413090,0.118621
19303,0.427317,0.118696
19304,0.391817,0.117712
19305,0.400246,0.118015
19306,0.424078,0.117573
19307,0.396634,0.118786
19308,0.421892,0.118333
19309,0.423812,0.117452
19310,0.411126,0.117616
19311,0.403876,0.116623
19312,0.405025,0.116855
19313,0.434867,0.117285
19314,0.392158,0.117097
19315,0.396864,0.118052
19316,0.419065,0.118785
19317,0.413879,0.118343
19318,0.410556,0.117847
19319,0.407086,0.117580
19320,0.416690,0.116971
19321,0.386305,0.117506
19322,0.413059,0.117054
19323,0.443987,0.117743
19324,0.406849,0.117971
19325,0.407433,0.117970
19326,0.440568,0.118230
19327,0.403106,0.116840
19328,0.406941,0.116571
19329,0.413465,0.117007
19330,0.403045,0.116979
19331,0.406171,0.118441
19332,0.430975,0.118068
19333,0.410199,0.117685
19334,0.416937,0.118380
19335,0.383800,0.117813
19336,0.409509,0.118045
19337,0.425685,0.117372
19338,0.414694,0.117845
19339,0.404319,0.116743
19340,0.403770,0.118502
19341,0.404770,0.118417
19342,0.390367,0.117627
19343,0.430483,0.117597
19344,0.446471,0.116339
19345,0.410608,0.117393
19346,0.418569,0.118547
19347,0.401948,0.117523
19348,0.403689,0.117832
19349,0.408312,0.117410
19350,0.425868,0.117981
19351,0.410445,0.118571
19352,0.410575,0.116907
19353,0.390564,0.118120
19354,0.415965,0.117342
19355,0.403775,0.117842
19356,0.398477,0.118473
19357,0.411054,0.117903
19358,0.390822,0.118611
19359,0.401447,0.117622
19360,0.417833,0.116860
19361,0.412476,0.117459
19362,0.380280,0.117779
19363,0.411925,0.117437
19364,0.404523,0.117333
19365,0.408784,0.117125
19366,0.411588,0.117885
19367,0.420732,0.116913
19368,0.423146,0.116798
19369,0.389966,0.118415
19370,0.395581,0.117722
19371,0.405851,0.118465
19372,0.401364,0.117541
19373,0.437968,0.117305
19374,0.402779,0.117868
19375,0.405132,0.118210
19376,0.412200,0.118081
19377,0.401736,0.117758
19378,0.431700,0.117598
19379,0.405195,0.117705
19380,0.404470,0.118853
19381,0.425535,0.118269
19382,0.408699,0.117076
19383,0.405103,0.117174
19384,0.395158,0.116635
19385,0.429419,0.118697
19386,0.464275,0.118637
19387,0.404737,0.117656
19388,0.401047,0.117471
19389,0.432578,0.116123
19390,0.388810,0.117396
19391,0.396952,0.118265
19392,0.424562,0.116523
19393,0.426408,0.117587
19394,0.404867,0.118282
19395,0.431358,0.118294
19396,0.415610,0.118542
19397,0.404366,0.117379
19398,0.424963,0.116612
19399,0.417640,0.118252
19400,0.400340,0.116949
19401,0.416699,0.119719
19402,0.393803,0.118656
19403,0.407004,0.117914
19404,0.412044,0.117627
19405,0.413200,0.116950
19406,0.411923,0.117675
19407,0.417753,0.117089
19408,0.425162,0.117085
19409,0.412026,0.116626
19410,0.398319,0.118253
19411,0.405235,0.118262
19412,0.400590,0.117262
19413,0.420955,0.118092
19414,0.390369,0.117084
19415,0.411611,0.117887
19416,0.411704,0.117928
19417,0.417179,0.117313
19418,0.411440,0.117641
19419,0.393235,0.117228
19420,0.406196,0.117959
19421,0.426084,0.118894
19422,0.391973,0.117802
19423,0.396511,0.118539
19424,0.419537,0.117334
19425,0.424412,0.118114
19426,0.415218,0.118308
19427,0.411140,0.118415
19428,0.429529,0.117342
19429,0.412582,0.117946
19430,0.391992,0.118342
19431,0.404952,0.118850
19432,0.392930,0.118153
19433,0.400697,0.118073
19434,0.417884,0.117349
19435,0.405125,0.118172
19436,0.401731,0.118676
19437,0.401504,0.118090
19438,0.393368,0.118180
19439,0.401255,0.117732
19440,0.400243,0.118620
19441,0.411867,0.118694
19442,0.406237,0.117666
19443,0.421956,0.118432
19444,0.390026,0.117792
19445,0.403876,0.118465
19446,0.432031,0.118764
19447,0.425690,0.117819
19448,0.401510,0.118377
19449,0.409603,0.116958
19450,0.407735,0.117782
19451,0.399320,0.118775
19452,0.395506,0.117995
19453,0.412677,0.118158
19454,0.395379,0.117807
19455,0.401393,0.118505
19456,0.406557,0.116730
19457,0.404451,0.118003
19458,0.423086,0.118777
19459,0.385973,0.117867
19460,0.417198,0.117598
19461,0.411885,0.116749
19462,0.423741,0.116857
19463,0.408598,0.118468
19464,0.420047,0.117631
19465,0.435210,0.117253
19466,0.410696,0.118563
19467,0.401482,0.118327
19468,0.424789,0.118255
19469,0.428260,0.117760
19470,0.423133,0.117450
19471,0.400045,0.117765
19472,0.414473,0.117532
19473,0.444244,0.117557
19474,0.438130,0.117590
19475,0.412636,0.117104
19476,0.422053,0.118157
19477,0.407313,0.116815
19478,0.413737,0.116518
19479,0.427396,0.116945
19480,0.435839,0.118380
19481,0.407827,0.118413
19482,0.417815,0.117083
19483,0.415204,0.118357
19484,0.411850,0.117409
19485,0.419221,0.117680
19486,0.411794,0.117487
19487,0.415742,0.117954
19488,0.414596,0.118231
19489,0.406575,0.117393
19490,0.404311,0.117112
19491,0.408593,0.118458
19492,0.405521,0.118115
19493,0.405961,0.117492
19494,0.395329,0.116795
19495,0.397558,0.117757
19496,0.415254,0.118272
19497,0.421441,0.117581
19498,0.403809,0.117124
19499,0.428704,0.117621
19500,0.433378,0.118663
19501,0.409695,0.119576
19502,0.430290,0.118496
19503,0.425001,0.118806
19504,0.425939,0.117445
19505,0.417101,0.117342
19506,0.425127,0.116520
19507,0.421575,0.118104
19508,0.404795,0.118144
19509,0.425321,0.117233
19510,0.418106,0.117196
19511,0.413483,0.117653
19512,0.413998,0.118520
19513,0.407602,0.117549
19514,0.413568,0.117737
19515,0.413985,0.118003
19516,0.417035,0.117883
19517,0.421021,0.117656
19518,0.419889,0.117235
19519,0.388695,0.117326
19520,0.397578,0.116828
19521,0.432320,0.117161
19522,0.421147,0.117183
19523,0.409602,0.117428
19524,0.414670,0.117602
19525,0.412798,0.118196
19526,0.451305,0.118243
19527,0.400871,0.118158
19528,0.399287,0.117583
19529,0.401696,0.117400
19530,0.424135,0.117162
19531,0.465801,0.117929
19532,0.411338,0.117471
19533,0.408262,0.117116
19534,0.435721,0.116381
19535,0.430441,0.118515
19536,0.419711,0.118119
19537,0.427379,0.117728
19538,0.414450,0.117321
19539,0.425201,0.117360
19540,0.402389,0.117992
19541,0.401635,0.118866
19542,0.413366,0.117079
19543,0.403517,0.117336
19544,0.407809,0.117012
19545,0.416855,0.118865
19546,0.422996,0.118219
19547,0.431481,0.117043
19548,0.415669,0.117519
19549,0.411377,0.116831
19550,0.431118,0.117771
19551,0.422909,0.117876
19552,0.424491,0.118418
19553,0.404538,0.118291
19554,0.405583,0.118224
19555,0.415108,0.117384
19556,0.402759,0.117728
19557,0.417176,0.117568
19558,0.401705,0.118187
19559,0.408707,0.117935
19560,0.398887,0.117652
19561,0.419012,0.117932
19562,0.416289,0.118606
19563,0.426887,0.117135
19564,0.407257,0.117726
19565,0.427761,0.117333
19566,0.395443,0.117923
19567,0.416312,0.119094
19568,0.413995,0.118341
19569,0.410446,0.117587
19570,0.410459,0.118309
19571,0.440883,0.118856
19572,0.414698,0.117769
19573,0.409375,0.117563
19574,0.392892,0.118276
19575,0.423299,0.118220
19576,0.425106,0.118662
19577,0.418960,0.117770
19578,0.408908,0.117288
19579,0.406445,0.118222
19580,0.409911,0.116899
19581,0.403976,0.117276
19582,0.421473,0.117569
19583,0.429751,0.117924
19584,0.416612,0.117260
19585,0.411697,0.117207
19586,0.419987,0.118294
19587,0.398221,0.117849
19588,0.411695,0.117459
19589,0.419341,0.118415
19590,0.406755,0.118191
19591,0.411764,0.118888
19592,0.399252,0.117924
19593,0.429045,0.117832
19594,0.391357,0.118026
19595,0.395091,0.117733
19596,0.415733,0.118316
19597,0.393986,0.118307
19598,0.420873,0.118136
19599,0.429088,0.118547
19600,0.394993,0.117209
19601,0.405318,0.119532
19602,0.409611,0.118310
19603,0.391770,0.118872
19604,0.416876,0.117196
19605,0.409177,0.118128
19606,0.435598,0.118777
19607,0.420234,0.117385
19608,0.403602,0.117726
19609,0.404603,0.119396
19610,0.432725,0.117234
19611,0.426259,0.117731
19612,0.409669,0.117505
19613,0.412952,0.118121
19614,0.412157,0.117804
19615,0.424554,0.117369
19616,0.419052,0.116746
19617,0.436159,0.118640
19618,0.402469,0.118223
19619,0.406402,0.118323
19620,0.403322,0.117450
19621,0.404582,0.116960
19622,0.397628,0.117899
19623,0.416771,0.118409
19624,0.405067,0.117377
19625,0.405791,0.118267
19626,0.414896,0.116332
19627,0.407993,0.118530
19628,0.392145,0.118210
19629,0.415524,0.118240
19630,0.418543,0.117903
19631,0.625956,0.118037
19632,0.404376,0.117963
19633,0.411784,0.119281
19634,0.421245,0.117902
19635,0.402496,0.117411
19636,0.425104,0.116772
19637,0.435103,0.117870
19638,0.412980,0.118303
19639,0.427743,0.116847
19640,0.411725,0.117560
19641,0.416823,0.117828
19642,0.402431,0.118253
19643,0.406532,0.117827
19644,0.427044,0.117879
19645,0.421160,0.117740
19646,0.438990,0.118578
19647,0.431535,0.117250
19648,0.413412,0.117636
19649,0.412500,0.117251
19650,0.409647,0.117158
19651,0.404828,0.119648
19652,0.409282,0.117393
19653,0.418801,0.118247
19654,0.430415,0.116953
19655,0.404943,0.117374
19656,0.392779,0.116541
19657,0.408494,0.117285
19658,0.399475,0.118665
19659,0.394180,0.118903
19660,0.405467,0.118233
19661,0.406530,0.117361
19662,0.417283,0.117778
19663,0.426189,0.118317
19664,0.403871,0.117041
19665,0.420814,0.117271
19666,0.426124,0.116441
19667,0.407241,0.118408
19668,0.408995,0.119795
19669,0.411494,0.118702
19670,0.425824,0.117110
19671,0.414777,0.116605
19672,0.417077,0.117690
19673,0.429106,0.118306
19674,0.429341,0.117275
19675,0.421621,0.117360
19676,0.402584,0.117611
19677,0.398844,0.119419
19678,0.415432,0.119709
19679,0.427412,0.117673
19680,0.418762,0.117035
19681,0.408054,0.117378
19682,0.426437,0.117249
19683,0.409477,0.118480
19684,0.413655,0.117229
19685,0.382289,0.119108
19686,0.447097,0.119037
19687,0.400293,0.118100
19688,0.433602,0.118193
19689,0.420213,0.118133
19690,0.401943,0.116722
19691,0.410986,0.117390
19692,0.420045,0.117330
19693,0.402267,0.117606
19694,0.421619,0.118029
19695,0.418002,0.118492
19696,0.408375,0.118167
19697,0.406756,0.117540
19698,0.408708,0.116678
19699,0.404864,0.117915
19700,0.427541,0.117181
19701,0.410840,0.118386
19702,0.418688,0.118055
19703,0.410625,0.118405
19704,0.406139,0.117845
19705,0.427584,0.117096
19706,0.410237,0.117442
19707,0.404467,0.118209
19708,0.404901,0.118471
19709,0.424945,0.118418
19710,0.410727,0.118112
19711,0.414671,0.117304
19712,0.419680,0.118088
19713,0.423109,0.117880
19714,0.405894,0.117240
19715,0.403802,0.117125
19716,0.405281,0.116531
19717,0.399858,0.118493
19718,0.399268,0.118247
19719,0.444995,0.118345
19720,0.418870,0.117938
19721,0.411396,0.117618
19722,0.441154,0.118239
19723,0.402712,0.118549
19724,0.415354,0.116878
19725,0.423497,0.117717
19726,0.414115,0.117995
19727,0.401467,0.118394
19728,0.419687,0.117229
19729,0.413306,0.117791
19730,0.415400,0.117378
19731,0.409687,0.118126
19732,0.412998,0.117134
19733,0.441424,0.117548
19734,0.419024,0.118302
19735,0.423722,0.118043
19736,0.424042,0.117864
19737,0.398720,0.117796
19738,0.435676,0.117088
19739,0.387495,0.117309
19740,0.427060,0.118322
19741,0.404456,0.118125
19742,0.413515,0.117351
19743,0.443093,0.118423
19744,0.407791,0.117469
19745,0.416786,0.117668
19746,0.403351,0.117877
19747,0.417268,0.116687
19748,0.408272,0.118002
19749,0.414544,0.117143
19750,0.405261,0.118044
19751,0.398945,0.118151
19752,0.418946,0.117857
19753,0.417901,0.117984
19754,0.419456,0.117470
19755,0.461230,0.117349
19756,0.397540,0.118041
19757,0.401985,0.117519
19758,0.426635,0.118791
19759,0.416097,0.118321
19760,0.412828,0.117652
19761,0.431199,0.116550
19762,0.417314,0.118033
19763,0.421181,0.118162
19764,0.407906,0.117646
19765,0.414986,0.116742
19766,0.425306,0.117998
19767,0.434863,0.118865
19768,0.419368,0.118664
19769,0.403341,0.117732
19770,0.413552,0.117856
19771,0.432108,0.117287
19772,0.397367,0.118269
19773,0.420893,0.118194
19774,0.414769,0.117841
19775,0.416044,0.118527
19776,0.428555,0.117831
19777,0.408337,0.118452
19778,0.444275,0.118583
19779,0.410986,0.118314
19780,0.423765,0.118103
19781,0.418204,0.117255
19782,0.424399,0.118555
19783,0.426035,0.118631
19784,0.412626,0.118404
19785,0.406079,0.118639
19786,0.406056,0.117487
19787,0.406431,0.118740
19788,0.412428,0.118820
19789,0.419511,0.117203
19790,0.420910,0.118361
19791,0.422314,0.116901
19792,0.406186,0.118343
19793,0.411902,0.119341
19794,0.415783,0.117228
19795,0.408980,0.118315
19796,0.428165,0.118012
19797,0.419208,0.117499
19798,0.408354,0.118264
19799,0.441959,0.117251
19800,0.413682,0.117280
19801,0.413801,0.118329
19802,0.400766,0.116909
19803,0.426798,0.118062
19804,0.417395,0.117721
19805,0.426345,0.117393
19806,0.412508,0.117705
19807,0.393119,0.117015
19808,0.404493,0.117962
19809,0.411499,0.117437
19810,0.414734,0.117836
19811,0.414921,0.117305
19812,0.418453,0.117641
19813,0.420226,0.117651
19814,0.416006,0.117000
19815,0.412971,0.117159
19816,0.426504,0.117195
19817,0.423237,0.117618
19818,0.439546,0.118139
19819,0.406594,0.117691
19820,0.446947,0.117909
19821,0.397709,0.116784
19822,0.418129,0.117476
19823,0.406383,0.118019
19824,0.417231,0.118058
19825,0.434301,0.117017
19826,0.408846,0.117068
19827,0.413905,0.118347
19828,0.429771,0.117232
19829,0.405011,0.116401
19830,0.433142,0.118391
19831,0.422971,0.117789
19832,0.433802,0.118392
19833,0.418031,0.118391
19834,0.412488,0.117107
19835,0.406246,0.117867
19836,0.404289,0.117860
19837,0.422083,0.116891
19838,0.421614,0.117679
19839,0.418804,0.117976
19840,0.417336,0.117320
19841,0.412504,0.117845
19842,0.420583,0.117202
19843,0.417611,0.117595
19844,0.395265,0.116812
19845,0.422120,0.117659
19846,0.423100,0.118375
19847,0.424138,0.117129
19848,0.427535,0.118490
19849,0.420372,0.118675
19850,0.408598,0.118671
19851,0.403856,0.118782
19852,0.398032,0.116646
19853,0.411414,0.118880
19854,0.410791,0.117095
19855,0.430243,0.116961
19856,0.420995,0.116035
19857,0.410643,0.117704
19858,0.413327,0.118181
19859,0.419358,0.117370
19860,0.411057,0.117315
19861,0.409937,0.116466
19862,0.418327,0.119023
19863,0.418519,0.120065
19864,0.417690,0.116967
19865,0.442755,0.116385
19866,0.411196,0.117269
19867,0.417220,0.116983
19868,0.416222,0.117762
19869,0.422406,0.116815
19870,0.406142,0.118671
19871,0.405540,0.119358
19872,0.421913,0.118214
19873,0.416845,0.117453
19874,0.416083,0.117417
19875,0.403933,0.117442
19876,0.425718,0.118726
19877,0.430216,0.117202
19878,0.421636,0.117475
19879,0.437697,0.118177
19880,0.416780,0.117153
19881,0.409508,0.117507
19882,0.398485,0.118239
19883,0.432783,0.116444
19884,0.408455,0.117527
19885,0.409878,0.117626
19886,0.410543,0.118419
19887,0.428543,0.118753
19888,0.425880,0.117063
19889,0.425737,0.116905
19890,0.416670,0.118026
19891,0.423864,0.118499
19892,0.413411,0.117278
19893,0.398890,0.118376
19894,0.399998,0.117321
19895,0.426214,0.119510
19896,0.415998,0.118324
19897,0.393484,0.118304
19898,0.448061,0.118351
19899,0.418474,0.117168
19900,0.424981,0.118257
19901,0.434268,0.119526
19902,0.422032,0.117830
19903,0.430199,0.118153
19904,0.408178,0.117192
19905,0.421394,0.116976
19906,0.415565,0.117327
19907,0.412813,0.117993
19908,0.418955,0.118931
19909,0.417901,0.118021
19910,0.426190,0.117311
19911,0.412717,0.118427
19912,0.400670,0.117603
19913,0.416222,0.117095
19914,0.406210,0.117247
19915,0.400041,0.117191
19916,0.409329,0.118108
19917,0.414329,0.118023
19918,0.433184,0.116659
19919,0.414534,0.118167
19920,0.414692,0.117256
19921,0.425325,0.117586
19922,0.430842,0.116483
19923,0.436972,0.118011
19924,0.411712,0.117568
19925,0.413732,0.118459
19926,0.430669,0.118904
19927,0.431987,0.117799
19928,0.434754,0.117227
19929,0.431808,0.116710
19930,0.413985,0.117533
19931,0.415668,0.118418
19932,0.414498,0.117330
19933,0.418781,0.117658
19934,0.440350,0.116870
19935,0.411807,0.118127
19936,0.391833,0.117592
19937,0.395311,0.116942
19938,0.406528,0.117000
19939,0.397819,0.117810
19940,0.443757,0.118153
19941,0.423427,0.117893
19942,0.420558,0.118193
19943,0.440115,0.118187
19944,0.418645,0.118056
19945,0.413054,0.117090
19946,0.418786,0.117039
19947,0.408909,0.117482
19948,0.428775,0.117924
19949,0.416568,0.117939
19950,0.428975,0.117765
19951,0.399006,0.120152
19952,0.418659,0.117812
19953,0.415127,0.117188
19954,0.401736,0.117803
19955,0.437064,0.117972
19956,0.408710,0.118652
19957,0.419844,0.117260
19958,0.410709,0.118856
19959,0.448009,0.119178
19960,0.419602,0.117895
19961,0.408539,0.117934
19962,0.409374,0.117351
19963,0.433892,0.117206
19964,0.409609,0.118491
19965,0.423755,0.117823
19966,0.401777,0.118036
19967,0.407552,0.118096
19968,0.452778,0.117873
19969,0.429661,0.117365
19970,0.428574,0.117590
19971,0.418531,0.118344
19972,0.409666,0.116892
19973,0.408526,0.117906
19974,0.430338,0.117098
19975,0.422204,0.118615
19976,0.413621,0.118417
19977,0.412788,0.117156
19978,0.402507,0.117488
19979,0.436298,0.116337
19980,0.422433,0.117479
19981,0.419832,0.117757
19982,0.400618,0.117713
19983,0.419734,0.117289
19984,0.417037,0.117830
19985,0.418825,0.117907
19986,0.405791,0.119226
19987,0.437601,0.117104
19988,0.417447,0.117000
19989,0.432044,0.117248
19990,0.408767,0.118001
19991,0.436642,0.117511
19992,0.427507,0.117538
19993,0.412515,0.117357
19994,0.423934,0.118223
19995,0.423873,0.117732
19996,0.408154,0.116636
19997,0.413827,0.117847
19998,0.402049,0.116808
19999,0.392098,0.117667
20000,0.414800,0.117666
