step,grad_norm,step_time
1,1.476989,0.125136
2,1.415923,0.107594
3,1.378245,0.107292
4,1.384122,0.107632
5,1.358879,0.107234
6,1.390501,0.108098
7,1.300919,0.106949
8,1.432495,0.107334
9,1.283718,0.108182
10,1.217993,0.107124
11,1.148468,0.106763
12,1.060040,0.106528
13,1.373186,0.107972
14,1.233518,0.107069
15,0.986730,0.108358
16,1.001249,0.108044
17,1.093931,0.107330
18,1.047288,0.107582
19,0.917627,0.107061
20,0.902599,0.107694
21,0.854499,0.107501
22,0.739067,0.107444
23,0.705488,0.106659
24,0.724136,0.107240
25,0.726248,0.107317
26,0.650553,0.106308
27,0.640954,0.107555
28,0.645021,0.106892
29,0.597841,0.107216
30,0.603224,0.107398
31,0.627341,0.108526
32,0.586329,0.106840
33,0.569224,0.107643
34,0.608807,0.107064
35,0.561281,0.106763
36,0.600512,0.107474
37,0.578393,0.107053
38,0.545506,0.107344
39,0.558236,0.107319
40,0.558742,0.107395
41,0.538302,0.106737
42,0.575345,0.108434
43,0.552193,0.107419
44,0.506733,0.107256
45,0.620568,0.107020
46,0.549506,0.107955
47,0.524873,0.106796
48,0.570307,0.106329
49,0.493138,0.106925
50,0.528131,0.107294
51,0.522259,0.108085
52,0.551760,0.106972
53,0.526286,0.107203
54,0.618346,0.107863
55,0.498167,0.107291
56,0.628875,0.107308
57,0.532611,0.107325
58,0.506940,0.106839
59,0.593008,0.108012
60,0.527723,0.108070
61,0.475661,0.106034
62,0.588532,0.107062
63,0.565326,0.108988
64,0.536615,0.107912
65,0.519407,0.107872
66,0.493222,0.107665
67,0.491099,0.108286
68,0.528344,0.109581
69,0.510032,0.108625
70,0.492326,0.108466
71,0.534640,0.108195
72,0.476360,0.108484
73,0.546078,0.108854
74,0.501794,0.108338
75,0.542326,0.107806
76,0.505800,0.108071
77,0.502959,0.108531
78,0.470045,0.109340
79,0.476859,0.108532
80,0.542243,0.108297
81,0.506039,0.108047
82,0.517379,0.107837
83,0.523613,0.107611
84,0.486095,0.107003
85,0.460668,0.107240
86,0.515204,0.107746
87,0.529783,0.107944
88,0.641397,0.108464
89,0.690135,0.107506
90,0.508499,0.108429
91,0.604281,0.108632
92,0.527949,0.108437
93,0.659138,0.107130
94,0.507668,0.108044
95,0.574571,0.108569
96,0.477036,0.107379
97,0.494383,0.108317
98,0.475058,0.108276
99,0.494676,0.108162
100,0.459006,0.108862
101,0.519714,0.108732
102,0.487758,0.106998
103,0.477525,0.107605
104,0.560203,0.109399
105,0.497291,0.108890
106,0.501705,0.108653
107,0.472798,0.108307
108,0.512065,0.108103
109,0.497735,0.107707
110,0.498939,0.107439
111,0.500583,0.108249
112,0.482887,0.108584
113,0.516474,0.108314
114,0.489522,0.107261
115,0.510429,0.107565
116,0.483739,0.108422
117,0.596283,0.108005
118,0.496908,0.107244
119,0.519123,0.107891
120,0.544727,0.108428
121,0.471445,0.108469
122,0.465799,0.108580
123,0.449445,0.108297
124,0.486173,0.107562
125,0.490748,0.106920
126,0.503131,0.107290
127,0.564378,0.108451
128,0.491635,0.108331
129,0.676457,0.108300
130,0.513093,0.108358
131,0.562224,0.107183
132,0.502005,0.108100
133,0.546714,0.108191
134,0.519152,0.108370
135,0.469187,0.108087
136,0.524137,0.107178
137,0.516647,0.108047
138,0.461770,0.108394
139,0.517481,0.108178
140,0.461293,0.107873
141,0.466721,0.107327
142,0.443605,0.108555
143,0.455532,0.109761
144,0.474012,0.108583
145,0.456013,0.108353
146,0.483487,0.108259
147,0.489639,0.108167
148,0.507374,0.109371
149,0.473510,0.108377
150,0.463819,0.107626
151,0.462672,0.108276
152,0.490068,0.108292
153,0.462929,0.107195
154,0.448151,0.108978
155,0.473572,0.108322
156,0.480508,0.108752
157,0.441730,0.109352
158,0.484750,0.108442
159,0.476016,0.108494
160,0.461004,0.108119
161,0.526240,0.107651
162,0.480783,0.106928
163,0.549482,0.107655
164,0.491929,0.108769
165,0.460504,0.108777
166,0.519178,0.108728
167,0.452395,0.108304
168,0.462393,0.108968
169,0.486673,0.108821
170,0.426728,0.108912
171,0.482244,0.108167
172,0.480596,0.111115
173,0.450679,0.107644
174,0.507843,0.108160
175,0.500518,0.107482
176,0.454064,0.108265
177,0.522732,0.108232
178,0.440888,0.107708
179,0.480569,0.109944
180,0.470665,0.108027
181,0.473070,0.107620
182,0.465250,0.112799
183,0.452842,0.108068
184,0.483792,0.107369
185,0.506230,0.109044
186,0.460188,0.107626
187,0.523038,0.107189
188,0.431329,0.107923
189,0.501301,0.108431
190,0.438242,0.107415
191,0.487153,0.107376
192,0.458405,0.108568
193,0.447023,0.108375
194,0.446212,0.108816
195,0.454622,0.108167
196,0.453704,0.108110
197,0.457112,0.108301
198,0.436740,0.107259
199,0.448320,0.107583
200,0.415893,0.108086
201,0.467947,0.108059
202,0.454817,0.107918
203,0.455530,0.107523
204,0.446650,0.106191
205,0.449016,0.106968
206,0.524275,0.109362
207,0.444358,0.108297
208,0.479341,0.108628
209,0.468230,0.106843
210,0.439059,0.108057
211,0.442897,0.109525
212,0.441810,0.108726
213,0.485119,0.108653
214,0.450540,0.108356
215,0.447338,0.107996
216,0.458599,0.107739
217,0.440222,0.107455
218,0.456599,0.108785
219,0.444018,0.108785
220,0.426113,0.108004
221,0.457385,0.106918
222,0.426806,0.108037
223,0.426947,0.111679
224,0.438764,0.107556
225,0.451027,0.112226
226,0.424375,0.107154
227,0.438376,0.109472
228,0.437702,0.107582
229,0.417361,0.107962
230,0.437224,0.108747
231,0.412366,0.110433
232,0.430096,0.109810
233,0.479146,0.110496
234,0.422796,0.108977
235,0.432012,0.110691
236,0.433714,0.108864
237,0.450023,0.109132
238,0.443128,0.107895
239,0.409321,0.111105
240,0.416085,0.112548
241,0.396791,0.108047
242,0.425304,0.111242
243,0.460067,0.108561
244,0.401702,0.107392
245,0.450839,0.107721
246,0.412715,0.108931
247,0.427704,0.107813
248,0.397031,0.107447
249,0.413665,0.107272
250,0.417867,0.108575
251,0.421402,0.107519
252,0.380977,0.107375
253,0.389481,0.107018
254,0.393859,0.108664
255,0.411756,0.108418
256,0.396106,0.109003
257,0.422155,0.108201
258,0.408740,0.107806
259,0.390522,0.107631
260,0.381336,0.107901
261,0.408284,0.107274
262,0.409783,0.106910
263,0.395542,0.107232
264,0.380327,0.107107
265,0.411770,0.111784
266,0.375065,0.108178
267,0.383011,0.111542
268,0.386413,0.107903
269,0.420942,0.107600
270,0.402199,0.109860
271,0.408159,0.108080
272,0.379652,0.107660
273,0.392741,0.108683
274,0.394154,0.108555
275,0.396829,0.109054
276,0.409241,0.108362
277,0.402809,0.108364
278,0.392228,0.107967
279,0.384995,0.107491
280,0.377827,0.107205
281,0.385254,0.108417
282,0.393866,0.108151
283,0.374327,0.108459
284,0.395713,0.108936
285,0.401193,0.107316
286,0.393694,0.107403
287,0.363170,0.114597
288,0.383119,0.107814
289,0.377814,0.107219
290,0.380503,0.107302
291,0.393257,0.108115
292,0.395710,0.109846
293,0.381966,0.108515
294,0.401535,0.108382
295,0.410821,0.107904
296,0.374974,0.108642
297,0.380544,0.108626
298,0.397207,0.109029
299,0.369101,0.108896
300,0.382145,0.107941
301,0.398926,0.109077
302,0.386880,0.109016
303,0.392358,0.108644
304,0.408241,0.108732
305,0.376074,0.108410
306,0.546426,0.108666
307,0.380233,0.108170
308,0.478601,0.107560
309,0.386914,0.106945
310,0.404712,0.108440
311,0.403309,0.107407
312,0.380475,0.107815
313,0.416833,0.107418
314,0.382762,0.107018
315,0.373521,0.107923
316,0.368624,0.108632
317,0.409759,0.108568
318,0.378356,0.108182
319,0.393309,0.107129
320,0.371317,0.108026
321,0.384634,0.108772
322,0.382538,0.108399
323,0.388743,0.107697
324,0.370156,0.106596
325,0.396776,0.107072
326,0.356954,0.109459
327,0.375865,0.108613
328,0.376490,0.107089
329,0.355275,0.107689
330,0.364392,0.108549
331,0.356146,0.109907
332,0.365828,0.108396
333,0.353594,0.108795
334,0.360868,0.108601
335,0.351416,0.108119
336,0.372393,0.107125
337,0.354598,0.108168
338,0.375849,0.108814
339,0.369075,0.108384
340,0.372632,0.108194
341,0.372485,0.107155
342,0.361492,0.107705
343,0.367633,0.108027
344,0.369328,0.108533
345,0.392566,0.108508
346,0.349101,0.108525
347,0.366355,0.108017
348,0.374983,0.108905
349,0.379571,0.107509
350,0.355881,0.107574
351,0.371559,0.107612
352,0.336376,0.109244
353,0.367257,0.108646
354,0.355305,0.108237
355,0.366999,0.108732
356,0.373744,0.108121
357,0.398579,0.106956
358,0.369615,0.107998
359,0.388582,0.108681
360,0.344419,0.108522
361,0.359999,0.108118
362,0.363153,0.107630
363,0.356720,0.107176
364,0.370864,0.108357
365,0.359721,0.107982
366,0.349750,0.108292
367,0.370250,0.108650
368,0.372761,0.108355
369,0.348072,0.108947
370,0.341996,0.108190
371,0.359886,0.107454
372,0.343339,0.107726
373,0.351543,0.108289
374,0.330559,0.107703
375,0.351451,0.107899
376,0.351409,0.108748
377,0.370478,0.107472
378,0.338525,0.107477
379,0.358800,0.107448
380,0.331393,0.108327
381,0.367210,0.109103
382,0.401818,0.108265
383,0.327686,0.107658
384,0.352452,0.108352
385,0.361545,0.108269
386,0.346897,0.108292
387,0.351045,0.108023
388,0.340213,0.108699
389,0.349067,0.108580
390,0.355451,0.108751
391,0.344012,0.107078
392,0.353703,0.107065
393,0.353380,0.109382
394,0.334002,0.108498
395,0.353008,0.108723
396,0.336363,0.108386
397,0.346001,0.109134
398,0.367192,0.110323
399,0.343652,0.109113
400,0.347267,0.108892
401,0.339508,0.107432
402,0.351939,0.109089
403,0.331426,0.107794
404,0.339408,0.108930
405,0.354023,0.109819
406,0.316484,0.109719
407,0.356734,0.108049
408,0.355560,0.107222
409,0.341275,0.108664
410,0.357942,0.109228
411,0.344117,0.108452
412,0.397766,0.107395
413,0.355397,0.108328
414,0.400197,0.108784
415,0.364128,0.109501
416,0.337842,0.109010
417,0.399300,0.109654
418,0.402359,0.108365
419,0.346762,0.108232
420,0.382400,0.106967
421,0.331504,0.109848
422,0.348046,0.111137
423,0.347399,0.109262
424,0.340667,0.109069
425,0.322552,0.108781
426,0.351486,0.108708
427,0.323285,0.109784
428,0.363647,0.109107
429,0.337569,0.108304
430,0.336757,0.108309
431,0.316110,0.108214
432,0.329253,0.108753
433,0.315015,0.107276
434,0.338696,0.107441
435,0.321258,0.108677
436,0.321254,0.108472
437,0.336577,0.106855
438,0.346771,0.107749
439,0.322462,0.108969
440,0.325374,0.107809
441,0.335180,0.108557
442,0.325043,0.108724
443,0.307353,0.108169
444,0.335155,0.108743
445,0.325449,0.107803
446,0.327046,0.107160
447,0.359200,0.107376
448,0.326465,0.108583
449,0.333520,0.106942
450,0.309859,0.108347
451,0.330997,0.108873
452,0.352347,0.108461
453,0.321840,0.106571
454,0.311593,0.108716
455,0.323013,0.108900
456,0.348727,0.108675
457,0.332704,0.108232
458,0.314564,0.106936
459,0.323505,0.107844
460,0.327782,0.108815
461,0.329027,0.108409
462,0.308235,0.107617
463,0.316389,0.105911
464,0.309470,0.108029
465,0.333489,0.109470
466,0.327312,0.108141
467,0.320716,0.108322
468,0.314876,0.107926
469,0.313690,0.108416
470,0.329953,0.109712
471,0.317093,0.108245
472,0.334120,0.108480
473,0.318985,0.108122
474,0.344358,0.107652
475,0.327909,0.106461
476,0.315766,0.107686
477,0.317344,0.109176
478,0.314765,0.108823
479,0.330628,0.108285
480,0.308178,0.107093
481,0.307150,0.107834
482,0.317258,0.108722
483,0.314346,0.107077
484,0.334818,0.108063
485,0.317408,0.108500
486,0.315145,0.108167
487,0.340852,0.108552
488,0.298971,0.108020
489,0.308011,0.107994
490,0.310747,0.107907
491,0.325033,0.108126
492,0.302858,0.107001
493,0.313168,0.108210
494,0.302583,0.109072
495,0.314607,0.108245
496,0.300927,0.107617
497,0.306445,0.108477
498,0.321262,0.108492
499,0.313524,0.109330
500,0.302945,0.108075
501,0.316723,0.107433
502,0.316855,0.108737
503,0.314493,0.108512
504,0.323833,0.107411
505,0.308444,0.107410
506,0.343188,0.108117
507,0.304426,0.108198
508,0.327524,0.109165
509,0.325092,0.108097
510,0.324786,0.108753
511,0.338164,0.107543
512,0.329186,0.107051
513,0.334697,0.106903
514,0.344895,0.108155
515,0.330191,0.108347
516,0.289504,0.108452
517,0.341282,0.107910
518,0.323995,0.107804
519,0.303277,0.108413
520,0.333491,0.109317
521,0.312580,0.108223
522,0.288858,0.108517
523,0.317900,0.108051
524,0.300415,0.107269
525,0.295313,0.106669
526,0.299234,0.108284
527,0.296274,0.108196
528,0.283337,0.108285
529,0.287176,0.107675
530,0.293209,0.108502
531,0.298644,0.108302
532,0.310835,0.108978
533,0.308602,0.107655
534,0.302541,0.107802
535,0.335542,0.107902
536,0.303060,0.107260
537,0.286437,0.106801
538,0.307788,0.108239
539,0.297163,0.108078
540,0.307629,0.108163
541,0.312882,0.108124
542,0.287536,0.106369
543,0.284838,0.107536
544,0.304603,0.109385
545,0.301799,0.108344
546,0.297718,0.108688
547,0.302309,0.108340
548,0.288076,0.108145
549,0.286676,0.106755
550,0.289148,0.107156
551,0.286792,0.108772
552,0.285884,0.108408
553,0.301509,0.109239
554,0.308400,0.108048
555,0.295793,0.107802
556,0.290517,0.108001
557,0.283111,0.107305
558,0.300802,0.106678
559,0.322249,0.108196
560,0.302219,0.108303
561,0.317104,0.108785
562,0.304756,0.108011
563,0.304591,0.107923
564,0.312542,0.108453
565,0.284682,0.109466
566,0.304893,0.106909
567,0.307788,0.108541
568,0.294644,0.108526
569,0.290168,0.108401
570,0.299449,0.108902
571,0.291893,0.108242
572,0.300111,0.107061
573,0.296586,0.108433
574,0.329163,0.108189
575,0.290519,0.107697
576,0.320865,0.107352
577,0.291233,0.108836
578,0.307783,0.107365
579,0.296403,0.107460
580,0.291984,0.108454
581,0.329054,0.108423
582,0.298272,0.109108
583,0.301422,0.108114
584,0.294437,0.108001
585,0.284401,0.107296
586,0.295888,0.108492
587,0.293018,0.106810
588,0.301323,0.108139
589,0.291685,0.108753
590,0.297907,0.108429
591,0.306810,0.107317
592,0.286209,0.106182
593,0.290990,0.107609
594,0.301724,0.109248
595,0.280863,0.108201
596,0.290423,0.108390
597,0.287944,0.108221
598,0.283788,0.108095
599,0.308463,0.108073
600,0.276234,0.107003
601,0.303975,0.107452
602,0.284886,0.108005
603,0.273289,0.109409
604,0.281299,0.108156
605,0.277770,0.108172
606,0.291176,0.108381
607,0.275288,0.107686
608,0.292377,0.107082
609,0.273423,0.108586
610,0.294665,0.109238
611,0.284958,0.108885
612,0.281369,0.108270
613,0.299847,0.106965
614,0.276443,0.107864
615,0.271202,0.109521
616,0.273824,0.108378
617,0.282174,0.108555
618,0.294434,0.108363
619,0.276602,0.107551
620,0.275326,0.107098
621,0.279263,0.108215
622,0.266319,0.108850
623,0.273754,0.108196
624,0.292794,0.107712
625,0.286488,0.108581
626,0.259405,0.108308
627,0.278352,0.108752
628,0.261951,0.107962
629,0.310516,0.109179
630,0.273846,0.108587
631,0.310452,0.108196
632,0.288402,0.107227
633,0.285310,0.107724
634,0.288232,0.109019
635,0.288662,0.108438
636,0.281044,0.108418
637,0.295268,0.108260
638,0.338994,0.107877
639,0.279056,0.106699
640,0.378994,0.108187
641,0.319142,0.108876
642,0.278308,0.108349
643,0.314408,0.108312
644,0.307825,0.106898
645,0.269556,0.108309
646,0.291947,0.109176
647,0.298739,0.108136
648,0.277839,0.108630
649,0.295401,0.107132
650,0.287050,0.108270
651,0.274316,0.107969
652,0.283096,0.108513
653,0.286526,0.108538
654,0.265673,0.108307
655,0.283142,0.109263
656,0.292999,0.108260
657,0.265184,0.108376
658,0.292966,0.107413
659,0.281486,0.108309
660,0.266967,0.106906
661,0.276922,0.108410
662,0.280850,0.108942
663,0.319468,0.108238
664,0.281676,0.107490
665,0.305337,0.108541
666,0.291429,0.108290
667,0.287611,0.108981
668,0.269825,0.108145
669,0.263626,0.108615
670,0.273256,0.107895
671,0.273241,0.107564
672,0.266364,0.106534
673,0.261870,0.107984
674,0.265441,0.108432
675,0.274656,0.108385
676,0.271899,0.108900
677,0.273242,0.107489
678,0.278645,0.107783
679,0.274557,0.109326
680,0.265659,0.108510
681,0.289079,0.107723
682,0.259534,0.107474
683,0.264288,0.107411
684,0.270518,0.106932
685,0.283326,0.107978
686,0.262875,0.108709
687,0.282670,0.108317
688,0.262257,0.107717
689,0.277084,0.107250
690,0.260024,0.108261
691,0.273186,0.109152
692,0.274425,0.108115
693,0.266960,0.107433
694,0.259471,0.107492
695,0.262756,0.108424
696,0.269804,0.106989
697,0.267655,0.107857
698,0.294276,0.108961
699,0.280523,0.107864
700,0.267243,0.108555
701,0.311620,0.107504
702,0.266125,0.107178
703,0.278020,0.108812
704,0.289978,0.108480
705,0.267040,0.107063
706,0.263781,0.108072
707,0.311842,0.108936
708,0.273631,0.107381
709,0.270799,0.108086
710,0.316357,0.108709
711,0.299737,0.108550
712,0.277343,0.109256
713,0.287669,0.108335
714,0.281793,0.108195
715,0.274626,0.108025
716,0.299074,0.107867
717,0.264632,0.106573
718,0.256426,0.108405
719,0.267356,0.108977
720,0.287707,0.108496
721,0.275887,0.108339
722,0.286916,0.106088
723,0.265250,0.107185
724,0.276189,0.109365
725,0.267785,0.108011
726,0.262111,0.108838
727,0.270723,0.108455
728,0.264732,0.108305
729,0.273291,0.109085
730,0.282720,0.108253
731,0.264848,0.108317
732,0.281099,0.107176
733,0.273358,0.108257
734,0.299587,0.107019
735,0.276423,0.108085
736,0.279220,0.108719
737,0.266241,0.108829
738,0.267533,0.108438
739,0.288101,0.106255
740,0.262072,0.107951
741,0.275513,0.109557
742,0.278726,0.108244
743,0.268151,0.108798
744,0.292918,0.108247
745,0.264059,0.107139
746,0.261498,0.106423
747,0.284515,0.108922
748,0.258689,0.108211
749,0.260588,0.108336
750,0.264588,0.107781
751,0.276416,0.108902
752,0.247439,0.107968
753,0.264787,0.107750
754,0.253108,0.108459
755,0.253220,0.106887
756,0.259271,0.108326
757,0.250095,0.108659
758,0.265223,0.107859
759,0.256296,0.108544
760,0.258609,0.109359
761,0.258703,0.108634
762,0.266157,0.109173
763,0.249028,0.108206
764,0.261611,0.108852
765,0.272591,0.108422
766,0.254916,0.108063
767,0.247672,0.108375
768,0.261547,0.107522
769,0.255161,0.109029
770,0.246233,0.108885
771,0.256600,0.108294
772,0.260854,0.107021
773,0.253910,0.107564
774,0.255135,0.108891
775,0.245320,0.107807
776,0.269264,0.108681
777,0.262897,0.108733
778,0.265689,0.108231
779,0.275561,0.106822
780,0.248912,0.108197
781,0.268966,0.108512
782,0.264428,0.108509
783,0.273758,0.107822
784,0.251184,0.106810
785,0.263182,0.108731
786,0.260718,0.109871
787,0.297079,0.108071
788,0.274428,0.108382
789,0.252172,0.108223
790,0.262892,0.108615
791,0.260765,0.107070
792,0.254239,0.107904
793,0.243480,0.108877
794,0.262941,0.108514
795,0.256877,0.108258
796,0.263967,0.108516
797,0.249587,0.108034
798,0.274761,0.107076
799,0.242434,0.107002
800,0.251627,0.108496
801,0.254833,0.108912
802,0.258296,0.109589
803,0.281956,0.108448
804,0.245451,0.108880
805,0.259102,0.108084
806,0.278355,0.108102
807,0.256343,0.107266
808,0.262921,0.108723
809,0.263217,0.108743
810,0.255480,0.108367
811,0.274041,0.108305
812,0.251919,0.108191
813,0.259909,0.108709
814,0.277119,0.109462
815,0.260158,0.108445
816,0.269319,0.108362
817,0.265158,0.108671
818,0.251350,0.107735
819,0.253060,0.106931
820,0.232035,0.108237
821,0.245661,0.109038
822,0.244029,0.108617
823,0.258401,0.108286
824,0.259682,0.107286
825,0.242834,0.108336
826,0.256802,0.109428
827,0.243084,0.108680
828,0.240943,0.108493
829,0.255497,0.107687
830,0.257676,0.108069
831,0.252807,0.107114
832,0.243010,0.108208
833,0.236686,0.108836
834,0.250965,0.108312
835,0.252429,0.107730
836,0.250163,0.106933
837,0.246785,0.107603
838,0.245197,0.109057
839,0.239543,0.108492
840,0.261650,0.108552
841,0.250413,0.108569
842,0.263728,0.108550
843,0.246514,0.109564
844,0.249323,0.108342
845,0.239478,0.108140
846,0.239404,0.108248
847,0.263858,0.107614
848,0.242298,0.106562
849,0.254525,0.107246
850,0.243100,0.109213
851,0.265413,0.107320
852,0.253619,0.109397
853,0.254593,0.108441
854,0.245982,0.108653
855,0.246901,0.108391
856,0.254833,0.108263
857,0.251041,0.108555
858,0.255950,0.108276
859,0.262723,0.108396
860,0.265862,0.107676
861,0.232282,0.108321
862,0.256187,0.107169
863,0.247968,0.108067
864,0.236053,0.108899
865,0.253426,0.108459
866,0.254668,0.107913
867,0.238875,0.106022
868,0.241783,0.107209
869,0.259444,0.109044
870,0.243005,0.108808
871,0.253676,0.108705
872,0.247739,0.108918
873,0.241532,0.108243
874,0.257619,0.108171
875,0.249786,0.107295
876,0.238359,0.107950
877,0.243854,0.108839
878,0.254022,0.108751
879,0.237219,0.107024
880,0.241120,0.107607
881,0.250657,0.109591
882,0.244722,0.108604
883,0.230599,0.108758
884,0.242318,0.108526
885,0.241427,0.108038
886,0.238199,0.107583
887,0.230149,0.107800
888,0.239708,0.108233
889,0.251808,0.108728
890,0.243108,0.108222
891,0.237646,0.106889
892,0.254830,0.107755
893,0.248085,0.109415
894,0.242329,0.108438
895,0.267578,0.108388
896,0.263126,0.108700
897,0.241434,0.108205
898,0.268184,0.107434
899,0.252426,0.108540
900,0.244412,0.108918
901,0.259558,0.108371
902,0.256087,0.109278
903,0.247588,0.108415
904,0.253648,0.108279
905,0.254627,0.108786
906,0.226189,0.108233
907,0.248956,0.106901
908,0.235883,0.108753
909,0.238002,0.108534
910,0.250483,0.108785
911,0.245566,0.108918
912,0.244831,0.107147
913,0.246936,0.108275
914,0.237123,0.108951
915,0.241665,0.107616
916,0.240967,0.108826
917,0.244638,0.108608
918,0.239433,0.108158
919,0.233463,0.109066
920,0.242895,0.108314
921,0.234507,0.107711
922,0.239228,0.108144
923,0.239746,0.108444
924,0.242597,0.107081
925,0.253718,0.108063
926,0.237900,0.108851
927,0.231728,0.108261
928,0.250445,0.107361
929,0.260521,0.107741
930,0.238799,0.108598
931,0.231610,0.108968
932,0.230656,0.108346
933,0.242305,0.108133
934,0.255272,0.107390
935,0.245782,0.107456
936,0.237541,0.107039
937,0.237789,0.108353
938,0.238262,0.109061
939,0.251301,0.107993
940,0.256023,0.108596
941,0.241163,0.108559
942,0.244896,0.108206
943,0.248236,0.109004
944,0.233599,0.107964
945,0.249176,0.107925
946,0.248061,0.108437
947,0.237784,0.108586
948,0.247939,0.107087
949,0.242799,0.107807
950,0.237854,0.108872
951,0.232105,0.108452
952,0.233597,0.107081
953,0.240635,0.109330
954,0.237707,0.109657
955,0.229837,0.108190
956,0.239795,0.107371
957,0.233652,0.106417
958,0.254753,0.108450
959,0.239378,0.109622
960,0.242761,0.108188
961,0.231290,0.108578
962,0.230812,0.107932
963,0.234932,0.107397
964,0.238957,0.106849
965,0.228686,0.108463
966,0.238272,0.109073
967,0.240592,0.107942
968,0.241274,0.108279
969,0.242434,0.108238
970,0.240687,0.108163
971,0.238260,0.106273
972,0.226504,0.106827
973,0.254143,0.108849
974,0.238923,0.107511
975,0.259103,0.108982
976,0.236088,0.108713
977,0.237143,0.108280
978,0.233300,0.109072
979,0.230606,0.108063
980,0.218711,0.107924
981,0.236223,0.108530
982,0.240989,0.108565
983,0.240989,0.106968
984,0.229357,0.107995
985,0.239831,0.109129
986,0.259462,0.108108
987,0.228646,0.107370
988,0.230141,0.107803
989,0.243465,0.108564
990,0.232968,0.109237
991,0.231568,0.108235
992,0.227367,0.107426
993,0.235172,0.108016
994,0.237649,0.108837
995,0.237677,0.107121
996,0.259984,0.108061
997,0.230598,0.108908
998,0.230623,0.107169
999,0.238440,0.107740
1000,0.231223,0.108849
1001,0.242667,0.108658
1002,0.225437,0.108575
1003,0.227292,0.108478
1004,0.261816,0.107120
1005,0.237226,0.108185
1006,0.243009,0.108949
1007,0.263220,0.108302
1008,0.250899,0.108684
1009,0.242724,0.108292
1010,0.234039,0.107851
1011,0.239725,0.106774
1012,0.229280,0.107653
1013,0.227477,0.108400
1014,0.235211,0.108366
1015,0.222695,0.108681
1016,0.264324,0.107044
1017,0.239462,0.107786
1018,0.237460,0.109480
1019,0.253064,0.108257
1020,0.244050,0.108313
1021,0.243731,0.108334
1022,0.256707,0.107249
1023,0.224364,0.107322
1024,0.231348,0.107736
1025,0.245980,0.108675
1026,0.222059,0.108239
1027,0.254264,0.107757
1028,0.249877,0.106341
1029,0.227725,0.108400
1030,0.248122,0.109707
1031,0.240731,0.108131
1032,0.235499,0.108537
1033,0.231651,0.107846
1034,0.224873,0.108521
1035,0.230377,0.106901
1036,0.232822,0.107946
1037,0.226830,0.108804
1038,0.226697,0.108497
1039,0.224945,0.108534
1040,0.233898,0.108670
1041,0.218410,0.108325
1042,0.230826,0.107007
1043,0.223086,0.106972
1044,0.235149,0.108332
1045,0.241442,0.108520
1046,0.232357,0.108386
1047,0.259914,0.106860
1048,0.226683,0.107790
1049,0.232954,0.109039
1050,0.252297,0.106880
1051,0.246803,0.108391
1052,0.244422,0.109185
1053,0.237324,0.109755
1054,0.218599,0.108374
1055,0.229462,0.107731
1056,0.232269,0.108217
1057,0.232798,0.108257
1058,0.220981,0.109204
1059,0.225957,0.108324
1060,0.242879,0.108193
1061,0.226977,0.107394
1062,0.231840,0.108444
1063,0.237225,0.107082
1064,0.247684,0.108033
1065,0.228194,0.109268
1066,0.235171,0.107591
1067,0.229162,0.107559
1068,0.226601,0.108624
1069,0.236238,0.108295
1070,0.217729,0.109231
1071,0.235316,0.107662
1072,0.239632,0.108833
1073,0.237968,0.108838
1074,0.232999,0.108450
1075,0.220618,0.107280
1076,0.221942,0.107546
1077,0.235669,0.109477
1078,0.219733,0.108612
1079,0.228961,0.108575
1080,0.244275,0.108340
1081,0.225748,0.107981
1082,0.225130,0.106749
1083,0.232511,0.108241
1084,0.250143,0.109404
1085,0.220470,0.108409
1086,0.220373,0.108384
1087,0.234019,0.106663
1088,0.228704,0.108181
1089,0.230724,0.109456
1090,0.224178,0.108338
1091,0.214257,0.108218
1092,0.224595,0.107884
1093,0.218344,0.108475
1094,0.231222,0.107065
1095,0.220745,0.108175
1096,0.219604,0.108734
1097,0.215789,0.108125
1098,0.228149,0.108649
1099,0.220857,0.108469
1100,0.235801,0.108011
1101,0.220186,0.109064
1102,0.222205,0.108035
1103,0.228586,0.106382
1104,0.220234,0.108838
1105,0.244974,0.109739
1106,0.236518,0.108334
1107,0.219659,0.107924
1108,0.223348,0.108340
1109,0.228959,0.108372
1110,0.223639,0.107176
1111,0.239428,0.108538
1112,0.234961,0.109046
1113,0.219226,0.108487
1114,0.226174,0.108053
1115,0.267705,0.107094
1116,0.243290,0.108573
1117,0.249094,0.108977
1118,0.271441,0.108222
1119,0.239955,0.108235
1120,0.239120,0.107479
1121,0.250527,0.108450
1122,0.244252,0.107120
1123,0.272975,0.108273
1124,0.230847,0.109147
1125,0.259055,0.107659
1126,0.267058,0.108926
1127,0.223568,0.108452
1128,0.220880,0.108228
1129,0.268242,0.107787
1130,0.239775,0.107919
1131,0.236125,0.109011
1132,0.227338,0.108373
1133,0.221846,0.107972
1134,0.223096,0.107954
1135,0.219674,0.108327
1136,0.225892,0.108966
1137,0.226886,0.108068
1138,0.228604,0.108627
1139,0.230330,0.108685
1140,0.220315,0.108239
1141,0.224732,0.106896
1142,0.230942,0.107844
1143,0.213123,0.108906
1144,0.201327,0.108806
1145,0.223594,0.108226
1146,0.217332,0.108215
1147,0.217699,0.108622
1148,0.221948,0.107308
1149,0.235528,0.108175
1150,0.219840,0.109101
1151,0.232477,0.108900
1152,0.226312,0.107253
1153,0.240170,0.108834
1154,0.233640,0.109310
1155,0.240764,0.108367
1156,0.220978,0.107563
1157,0.218015,0.108435
1158,0.222560,0.108472
1159,0.220049,0.109111
1160,0.212857,0.108477
1161,0.225462,0.108008
1162,0.215632,0.108526
1163,0.218126,0.108776
1164,0.216928,0.106949
1165,0.224068,0.108168
1166,0.213575,0.109379
1167,0.224485,0.108241
1168,0.220803,0.108585
1169,0.219777,0.108376
1170,0.233198,0.108011
1171,0.215791,0.106384
1172,0.215195,0.108202
1173,0.226824,0.108909
1174,0.214354,0.107697
1175,0.221902,0.107737
1176,0.211577,0.108526
1177,0.219633,0.108449
1178,0.213795,0.109119
1179,0.215674,0.107845
1180,0.216521,0.108000
1181,0.224297,0.108390
1182,0.226920,0.108327
1183,0.234431,0.106702
1184,0.226014,0.108447
1185,0.218810,0.110012
1186,0.217386,0.108333
1187,0.214120,0.108217
1188,0.222357,0.107703
1189,0.219980,0.108243
1190,0.226499,0.107000
1191,0.220614,0.107927
1192,0.223389,0.108850
1193,0.216864,0.108015
1194,0.211812,0.108483
1195,0.216470,0.108260
1196,0.222121,0.108164
1197,0.210852,0.107861
1198,0.215611,0.108150
1199,0.219597,0.108452
1200,0.211847,0.108305
1201,0.234996,0.110726
1202,0.222466,0.108612
1203,0.215260,0.108716
1204,0.211103,0.108742
1205,0.228299,0.108267
1206,0.219980,0.108082
1207,0.225930,0.108462
1208,0.229232,0.108889
1209,0.218124,0.107727
1210,0.223207,0.109359
1211,0.228409,0.108639
1212,0.215875,0.108589
1213,0.212744,0.107872
1214,0.219230,0.108816
1215,0.220042,0.109358
1216,0.223927,0.108296
1217,0.212817,0.108944
1218,0.207136,0.108647
1219,0.228469,0.108789
1220,0.229482,0.109268
1221,0.227002,0.108697
1222,0.214894,0.108421
1223,0.218676,0.107834
1224,0.212006,0.109261
1225,0.234538,0.108525
1226,0.212397,0.108433
1227,0.216937,0.107825
1228,0.214119,0.108667
1229,0.232681,0.109622
1230,0.221840,0.108063
1231,0.228165,0.108163
1232,0.224218,0.107981
1233,0.214891,0.108552
1234,0.211156,0.107127
1235,0.241020,0.108225
1236,0.215946,0.109597
1237,0.211018,0.108469
1238,0.225313,0.108692
1239,0.209413,0.108358
1240,0.216355,0.107676
1241,0.213014,0.107064
1242,0.240858,0.108329
1243,0.226926,0.109031
1244,0.212442,0.108272
1245,0.214325,0.107618
1246,0.239448,0.106724
1247,0.225206,0.108290
1248,0.219776,0.109140
1249,0.219276,0.108271
1250,0.205476,0.108330
1251,0.233040,0.108163
1252,0.228437,0.108839
1253,0.222594,0.108273
1254,0.205806,0.108840
1255,0.219914,0.108480
1256,0.214882,0.108458
1257,0.209048,0.106727
1258,0.217659,0.108385
1259,0.219907,0.109153
1260,0.222170,0.108191
1261,0.206746,0.109167
1262,0.223819,0.108525
1263,0.208936,0.108479
1264,0.209492,0.108256
1265,0.209453,0.108748
1266,0.221960,0.109343
1267,0.213094,0.108438
1268,0.207047,0.108879
1269,0.210918,0.109173
1270,0.218626,0.108914
1271,0.220956,0.107264
1272,0.211939,0.108761
1273,0.221807,0.109323
1274,0.231248,0.107758
1275,0.217853,0.108728
1276,0.219747,0.108407
1277,0.235723,0.108075
1278,0.222653,0.107831
1279,0.219774,0.108518
1280,0.225263,0.109171
1281,0.220681,0.108269
1282,0.215517,0.108036
1283,0.234259,0.108691
1284,0.211098,0.108553
1285,0.227132,0.109009
1286,0.214266,0.108530
1287,0.221414,0.108864
1288,0.218606,0.108400
1289,0.216753,0.108216
1290,0.207807,0.108909
1291,0.220249,0.108565
1292,0.246730,0.109045
1293,0.216942,0.107837
1294,0.238181,0.109467
1295,0.231109,0.108448
1296,0.222563,0.108774
1297,0.226022,0.108682
1298,0.250291,0.108463
1299,0.220091,0.108915
1300,0.230757,0.108398
1301,0.217914,0.107984
1302,0.220595,0.108760
1303,0.215141,0.109385
1304,0.212234,0.108888
1305,0.213667,0.108305
1306,0.208051,0.108173
1307,0.208440,0.108625
1308,0.219754,0.107031
1309,0.210515,0.108297
1310,0.208905,0.109763
1311,0.202283,0.108486
1312,0.199537,0.108691
1313,0.217581,0.108291
1314,0.214754,0.108012
1315,0.223797,0.106939
1316,0.205086,0.108401
1317,0.206103,0.108970
1318,0.229192,0.108267
1319,0.226134,0.108808
1320,0.236011,0.108652
1321,0.208780,0.108512
1322,0.220271,0.107517
1323,0.217309,0.108928
1324,0.239151,0.108980
1325,0.228758,0.108522
1326,0.232068,0.107878
1327,0.228090,0.108476
1328,0.223237,0.108498
1329,0.205585,0.108656
1330,0.209834,0.108036
1331,0.221484,0.108587
1332,0.224138,0.108403
1333,0.211059,0.108089
1334,0.233685,0.106720
1335,0.207800,0.108395
1336,0.210308,0.109711
1337,0.215824,0.107944
1338,0.208780,0.108367
1339,0.211291,0.108515
1340,0.204580,0.108402
1341,0.205887,0.106985
1342,0.217942,0.107697
1343,0.216907,0.109251
1344,0.204247,0.108658
1345,0.203038,0.108912
1346,0.234677,0.107528
1347,0.225226,0.108541
1348,0.218511,0.107445
1349,0.209641,0.107890
1350,0.222176,0.109089
1351,0.216421,0.109346
1352,0.224138,0.107244
1353,0.231728,0.108785
1354,0.214263,0.109347
1355,0.198800,0.108433
1356,0.203483,0.108117
1357,0.214767,0.108511
1358,0.218510,0.108176
1359,0.204449,0.109462
1360,0.208215,0.107458
1361,0.214055,0.109103
1362,0.209699,0.108767
1363,0.204642,0.108569
1364,0.233106,0.107391
1365,0.241118,0.107655
1366,0.205544,0.109570
1367,0.207831,0.108374
1368,0.240938,0.108503
1369,0.209330,0.108067
1370,0.217904,0.108573
1371,0.221849,0.107244
1372,0.224397,0.108596
1373,0.203507,0.109392
1374,0.218472,0.108689
1375,0.213658,0.108775
1376,0.200542,0.108513
1377,0.216343,0.108124
1378,0.220641,0.106989
1379,0.223200,0.108168
1380,0.209405,0.108936
1381,0.207872,0.108426
1382,0.237291,0.107563
1383,0.211500,0.108504
1384,0.203008,0.108399
1385,0.212166,0.108775
1386,0.207294,0.108077
1387,0.211124,0.109177
1388,0.222353,0.108563
1389,0.207307,0.108809
1390,0.209066,0.106850
1391,0.209141,0.108208
1392,0.218639,0.109293
1393,0.208335,0.108390
1394,0.215353,0.108501
1395,0.204454,0.109109
1396,0.214309,0.108691
1397,0.206346,0.107079
1398,0.207634,0.108439
1399,0.202623,0.109435
1400,0.212581,0.108280
1401,0.197117,0.108795
1402,0.211644,0.108255
1403,0.207190,0.109104
1404,0.221610,0.107955
1405,0.196744,0.108399
1406,0.206750,0.108494
1407,0.214347,0.108205
1408,0.215783,0.107056
1409,0.200700,0.108529
1410,0.209866,0.109157
1411,0.206853,0.108796
1412,0.203773,0.109186
1413,0.205773,0.108656
1414,0.201094,0.108538
1415,0.205038,0.107505
1416,0.214307,0.108606
1417,0.202368,0.109213
1418,0.206709,0.108914
1419,0.223826,0.108719
1420,0.207875,0.108675
1421,0.205838,0.108104
1422,0.210813,0.107382
1423,0.205233,0.108808
1424,0.201912,0.109198
1425,0.202586,0.108722
1426,0.203978,0.109220
1427,0.208299,0.108644
1428,0.202981,0.108426
1429,0.220963,0.107600
1430,0.207734,0.108813
1431,0.211649,0.108742
1432,0.202590,0.108869
1433,0.206636,0.108983
1434,0.201699,0.108549
1435,0.203470,0.108605
1436,0.207675,0.107865
1437,0.202775,0.108749
1438,0.209332,0.109124
1439,0.200203,0.108512
1440,0.196032,0.109028
1441,0.204233,0.108478
1442,0.203987,0.107196
1443,0.204018,0.107379
1444,0.216158,0.108797
1445,0.207807,0.109053
1446,0.221359,0.108728
1447,0.214941,0.108848
1448,0.201870,0.108581
1449,0.210418,0.108285
1450,0.210264,0.107263
1451,0.214366,0.108961
1452,0.227786,0.109553
1453,0.213332,0.108910
1454,0.199072,0.108067
1455,0.212105,0.109416
1456,0.216358,0.109257
1457,0.211304,0.108333
1458,0.205940,0.108537
1459,0.210251,0.108911
1460,0.200853,0.107501
1461,0.212430,0.106954
1462,0.205476,0.108368
1463,0.198522,0.109469
1464,0.201998,0.108254
1465,0.204812,0.108871
1466,0.195953,0.108527
1467,0.198228,0.109190
1468,0.207648,0.107306
1469,0.209110,0.109084
1470,0.203546,0.109453
1471,0.198511,0.108684
1472,0.207683,0.109463
1473,0.204249,0.108654
1474,0.204355,0.108894
1475,0.195921,0.107443
1476,0.213033,0.108884
1477,0.203237,0.108725
1478,0.203812,0.108811
1479,0.206190,0.108835
1480,0.212712,0.108422
1481,0.207468,0.108163
1482,0.209165,0.107364
1483,0.207698,0.108700
1484,0.211482,0.109159
1485,0.206465,0.108155
1486,0.227016,0.108718
1487,0.204369,0.108595
1488,0.207538,0.108436
1489,0.208007,0.107157
1490,0.202880,0.108514
1491,0.208538,0.109087
1492,0.207506,0.108861
1493,0.212270,0.108978
1494,0.204379,0.108630
1495,0.213576,0.107562
1496,0.209345,0.107364
1497,0.204864,0.108933
1498,0.204045,0.109506
1499,0.211701,0.107648
1500,0.205944,0.108534
1501,0.208309,0.109188
1502,0.218933,0.108883
1503,0.214404,0.108217
1504,0.211370,0.108105
1505,0.206693,0.108801
1506,0.215585,0.108918
1507,0.218747,0.108001
1508,0.208544,0.108467
1509,0.213981,0.109400
1510,0.211915,0.108688
1511,0.201898,0.107974
1512,0.208078,0.108769
1513,0.203034,0.108435
1514,0.214656,0.109177
1515,0.214456,0.107555
1516,0.218894,0.108775
1517,0.207898,0.108243
1518,0.207345,0.108498
1519,0.218402,0.107528
1520,0.201602,0.108646
1521,0.205932,0.109165
1522,0.227892,0.108232
1523,0.211810,0.108357
1524,0.211405,0.108445
1525,0.204507,0.108511
1526,0.195554,0.107004
1527,0.198864,0.108163
1528,0.202298,0.109231
1529,0.208033,0.108418
1530,0.198323,0.108683
1531,0.200780,0.108151
1532,0.204894,0.108401
1533,0.200893,0.107027
1534,0.224225,0.107647
1535,0.201694,0.109542
1536,0.225130,0.108305
1537,0.224835,0.108374
1538,0.206039,0.108464
1539,0.209891,0.108458
1540,0.203253,0.108277
1541,0.212726,0.108132
1542,0.211790,0.109619
1543,0.208671,0.108409
1544,0.204260,0.109108
1545,0.218004,0.107788
1546,0.204077,0.108587
1547,0.201991,0.107537
1548,0.204001,0.108119
1549,0.205851,0.110017
1550,0.205873,0.108431
1551,0.196854,0.108192
1552,0.204828,0.108820
1553,0.195165,0.109457
1554,0.197565,0.108791
1555,0.197892,0.108611
1556,0.214577,0.108809
1557,0.199130,0.107372
1558,0.197739,0.107238
1559,0.205202,0.109040
1560,0.199869,0.109257
1561,0.199590,0.108757
1562,0.201329,0.108679
1563,0.196087,0.108731
1564,0.205684,0.108123
1565,0.198558,0.107223
1566,0.192127,0.108226
1567,0.202234,0.108997
1568,0.198844,0.108438
1569,0.205545,0.108669
1570,0.203142,0.108757
1571,0.205223,0.107877
1572,0.208815,0.107588
1573,0.208560,0.108796
1574,0.201710,0.108793
1575,0.205723,0.108616
1576,0.204477,0.108915
1577,0.221068,0.108432
1578,0.202823,0.107950
1579,0.197662,0.106863
1580,0.207491,0.108506
1581,0.220963,0.109319
1582,0.194744,0.108382
1583,0.206100,0.108327
1584,0.209151,0.108589
1585,0.206738,0.108437
1586,0.199914,0.107696
1587,0.220160,0.108515
1588,0.213851,0.108807
1589,0.203852,0.108425
1590,0.226807,0.108351
1591,0.231542,0.107604
1592,0.211343,0.108429
1593,0.226320,0.108801
1594,0.227058,0.107508
1595,0.204265,0.108777
1596,0.215249,0.108722
1597,0.195705,0.108310
1598,0.210820,0.107748
1599,0.199560,0.108449
1600,0.198199,0.109592
1601,0.205885,0.109691
1602,0.197414,0.107347
1603,0.204782,0.109227
1604,0.198394,0.110206
1605,0.209425,0.108288
1606,0.211397,0.108788
1607,0.205319,0.107849
1608,0.201339,0.108461
1609,0.199842,0.107230
1610,0.205213,0.107607
1611,0.206346,0.109541
1612,0.226333,0.108679
1613,0.208585,0.108982
1614,0.201096,0.108388
1615,0.193673,0.108889
1616,0.201547,0.107224
1617,0.208766,0.107917
1618,0.208950,0.108784
1619,0.197144,0.108809
1620,0.194982,0.109061
1621,0.196020,0.108272
1622,0.202163,0.107789
1623,0.217045,0.107689
1624,0.203817,0.108548
1625,0.205000,0.109351
1626,0.200324,0.108522
1627,0.203139,0.108752
1628,0.197359,0.108741
1629,0.197652,0.108222
1630,0.204349,0.107279
1631,0.200561,0.108412
1632,0.199769,0.108404
1633,0.221822,0.108516
1634,0.194610,0.108671
1635,0.204099,0.108592
1636,0.205091,0.108344
1637,0.203521,0.107295
1638,0.192551,0.108730
1639,0.206284,0.109327
1640,0.202136,0.108084
1641,0.209075,0.109159
1642,0.205304,0.108718
1643,0.204231,0.108200
1644,0.193821,0.107085
1645,0.208795,0.108700
1646,0.204027,0.109170
1647,0.200458,0.108370
1648,0.207573,0.108599
1649,0.202034,0.108951
1650,0.211635,0.108031
1651,0.197235,0.109451
1652,0.208794,0.108599
1653,0.200730,0.108933
1654,0.201288,0.108261
1655,0.204080,0.107538
1656,0.213039,0.108948
1657,0.202581,0.109073
1658,0.192731,0.107548
1659,0.207405,0.108978
1660,0.210407,0.108742
1661,0.205327,0.108226
1662,0.196172,0.107092
1663,0.204503,0.108093
1664,0.210276,0.109069
1665,0.205469,0.108401
1666,0.196299,0.109352
1667,0.197688,0.108865
1668,0.195836,0.108245
1669,0.207875,0.108829
1670,0.204022,0.108505
1671,0.194497,0.108750
1672,0.201208,0.108658
1673,0.188912,0.108239
1674,0.190391,0.105909
1675,0.205648,0.108396
1676,0.194111,0.109274
1677,0.197181,0.108360
1678,0.221681,0.108927
1679,0.201637,0.108416
1680,0.195800,0.108471
1681,0.206743,0.107458
1682,0.195015,0.108477
1683,0.192625,0.109419
1684,0.204676,0.108356
1685,0.210260,0.108392
1686,0.197176,0.108017
1687,0.201095,0.108413
1688,0.210999,0.107494
1689,0.204133,0.107829
1690,0.206341,0.109488
1691,0.213590,0.108622
1692,0.206018,0.108580
1693,0.197511,0.108776
1694,0.198927,0.107868
1695,0.200025,0.107190
1696,0.204079,0.108833
1697,0.202431,0.108878
1698,0.205754,0.108651
1699,0.214456,0.108883
1700,0.204210,0.108760
1701,0.226329,0.109801
1702,0.211630,0.107875
1703,0.203604,0.108671
1704,0.204467,0.108515
1705,0.196792,0.108462
1706,0.206741,0.107491
1707,0.200716,0.108438
1708,0.205239,0.109132
1709,0.191456,0.108046
1710,0.201208,0.109093
1711,0.202871,0.108747
1712,0.196322,0.108260
1713,0.194807,0.108144
1714,0.210465,0.108502
1715,0.201266,0.108535
1716,0.195586,0.108785
1717,0.203265,0.107533
1718,0.200018,0.108816
1719,0.191426,0.108405
1720,0.212586,0.108689
1721,0.217465,0.108123
1722,0.199746,0.109163
1723,0.201807,0.108855
1724,0.215959,0.108454
1725,0.204443,0.107917
1726,0.201393,0.108399
1727,0.199208,0.109241
1728,0.201379,0.108131
1729,0.199188,0.108127
1730,0.201182,0.108545
1731,0.202138,0.108419
1732,0.205299,0.107122
1733,0.196393,0.108536
1734,0.197503,0.109400
1735,0.213649,0.108371
1736,0.199683,0.109047
1737,0.199472,0.108604
1738,0.211729,0.108408
1739,0.198567,0.107446
1740,0.201287,0.107559
1741,0.203821,0.110040
1742,0.211910,0.108459
1743,0.193849,0.109544
1744,0.197542,0.107311
1745,0.216858,0.108351
1746,0.199472,0.107096
1747,0.195012,0.108491
1748,0.189500,0.109356
1749,0.203823,0.108606
1750,0.198628,0.107642
1751,0.190099,0.108392
1752,0.194359,0.108414
1753,0.196138,0.108490
1754,0.208787,0.107962
1755,0.192637,0.107995
1756,0.190754,0.109286
1757,0.197911,0.109656
1758,0.199827,0.108268
1759,0.205848,0.108786
1760,0.204626,0.108471
1761,0.199641,0.108445
1762,0.220835,0.107353
1763,0.204939,0.108272
1764,0.202215,0.109438
1765,0.222722,0.108466
1766,0.190768,0.108570
1767,0.196818,0.108469
1768,0.199526,0.108908
1769,0.198946,0.106904
1770,0.189069,0.109405
1771,0.193742,0.109310
1772,0.192980,0.108488
1773,0.211836,0.108396
1774,0.194639,0.108705
1775,0.210115,0.108380
1776,0.190881,0.106826
1777,0.192184,0.107909
1778,0.215839,0.109733
1779,0.204363,0.108542
1780,0.195072,0.109098
1781,0.208921,0.108302
1782,0.207632,0.108239
1783,0.189114,0.106971
1784,0.201374,0.108526
1785,0.235759,0.108855
1786,0.231549,0.108594
1787,0.197979,0.109249
1788,0.199574,0.109030
1789,0.208412,0.108779
1790,0.206976,0.108084
1791,0.208953,0.108697
1792,0.208279,0.109430
1793,0.203178,0.108443
1794,0.197895,0.108693
1795,0.188214,0.108097
1796,0.214703,0.108553
1797,0.204133,0.107380
1798,0.196085,0.108486
1799,0.193697,0.108982
1800,0.195313,0.108253
1801,0.194034,0.108341
1802,0.189366,0.108709
1803,0.188496,0.109238
1804,0.197577,0.108247
1805,0.186927,0.108537
1806,0.195791,0.108914
1807,0.201144,0.108281
1808,0.188425,0.109182
1809,0.204106,0.107883
1810,0.198369,0.108544
1811,0.197643,0.108760
1812,0.216478,0.108426
1813,0.199473,0.107479
1814,0.208817,0.108003
1815,0.196403,0.109669
1816,0.204113,0.108410
1817,0.209372,0.108232
1818,0.199097,0.107510
1819,0.195098,0.108821
1820,0.188616,0.107247
1821,0.206264,0.108248
1822,0.196771,0.109421
1823,0.193945,0.108421
1824,0.201676,0.108868
1825,0.199598,0.108634
1826,0.197184,0.108705
1827,0.198017,0.107189
1828,0.196717,0.108472
1829,0.203477,0.108873
1830,0.193658,0.107873
1831,0.216814,0.108890
1832,0.207190,0.108402
1833,0.219649,0.108038
1834,0.199092,0.107141
1835,0.194428,0.108295
1836,0.199639,0.109036
1837,0.210691,0.108253
1838,0.203101,0.108060
1839,0.195376,0.108632
1840,0.217053,0.108363
1841,0.226625,0.109429
1842,0.192232,0.107988
1843,0.191842,0.109949
1844,0.202923,0.108567
1845,0.228616,0.108284
1846,0.208124,0.107219
1847,0.202072,0.107754
1848,0.200454,0.109935
1849,0.208625,0.108366
1850,0.191032,0.108551
1851,0.196128,0.108613
1852,0.194702,0.109143
1853,0.202618,0.107515
1854,0.199287,0.108677
1855,0.195400,0.108549
1856,0.204783,0.108468
1857,0.200884,0.106842
1858,0.194682,0.108262
1859,0.198006,0.108973
1860,0.202376,0.108505
1861,0.201643,0.108437
1862,0.199326,0.108515
1863,0.204767,0.108229
1864,0.200640,0.108636
1865,0.196247,0.107847
1866,0.203455,0.108924
1867,0.202882,0.108493
1868,0.194982,0.108222
1869,0.208156,0.107233
1870,0.207888,0.108421
1871,0.190941,0.108978
1872,0.194403,0.107858
1873,0.198506,0.109405
1874,0.214238,0.108569
1875,0.203986,0.108415
1876,0.219752,0.106914
1877,0.214373,0.107420
1878,0.197495,0.109280
1879,0.203889,0.108379
1880,0.191254,0.107787
1881,0.205348,0.108413
1882,0.203884,0.108580
1883,0.204668,0.107587
1884,0.211622,0.108226
1885,0.192788,0.108476
1886,0.203897,0.108350
1887,0.198980,0.108472
1888,0.212435,0.108264
1889,0.202315,0.107657
1890,0.198953,0.106956
1891,0.184560,0.108624
1892,0.192210,0.109150
1893,0.209616,0.108304
1894,0.211267,0.108690
1895,0.189149,0.109428
1896,0.197415,0.107981
1897,0.187975,0.106991
1898,0.199045,0.108601
1899,0.210571,0.108916
1900,0.195655,0.107296
1901,0.198680,0.109867
1902,0.197606,0.108245
1903,0.196754,0.108885
1904,0.197424,0.108423
1905,0.200553,0.108398
1906,0.201257,0.108293
1907,0.198588,0.108427
1908,0.193682,0.108704
1909,0.192428,0.109162
1910,0.196623,0.109707
1911,0.191539,0.108608
1912,0.192011,0.108306
1913,0.195173,0.108926
1914,0.198049,0.108934
1915,0.187437,0.107784
1916,0.193035,0.108377
1917,0.195222,0.110157
1918,0.196252,0.108493
1919,0.195540,0.108436
1920,0.196902,0.108100
1921,0.201147,0.108769
1922,0.209032,0.108851
1923,0.194039,0.107744
1924,0.203522,0.109080
1925,0.209341,0.108726
1926,0.204993,0.108275
1927,0.199672,0.107112
1928,0.196640,0.108766
1929,0.197080,0.109376
1930,0.199387,0.108361
1931,0.194951,0.109771
1932,0.204080,0.108650
1933,0.200474,0.108285
1934,0.219656,0.106698
1935,0.199952,0.107584
1936,0.197589,0.109357
1937,0.198371,0.108279
1938,0.194012,0.108665
1939,0.217665,0.107762
1940,0.209469,0.108442
1941,0.196085,0.107517
1942,0.207923,0.107780
1943,0.216374,0.109758
1944,0.204036,0.108329
1945,0.188308,0.108539
1946,0.205797,0.108166
1947,0.213479,0.107636
1948,0.195410,0.106965
1949,0.198285,0.108219
1950,0.210016,0.108660
1951,0.196398,0.109380
1952,0.203953,0.108642
1953,0.200978,0.106823
1954,0.192309,0.108957
1955,0.199372,0.108745
1956,0.199679,0.108364
1957,0.194709,0.106915
1958,0.187040,0.108374
1959,0.194103,0.109149
1960,0.188540,0.108627
1961,0.190727,0.110121
1962,0.198346,0.108919
1963,0.195504,0.108928
1964,0.211749,0.109305
1965,0.191230,0.108720
1966,0.201324,0.109187
1967,0.198122,0.108493
1968,0.205874,0.109190
1969,0.186184,0.108452
1970,0.193724,0.108405
1971,0.199410,0.106669
1972,0.207452,0.108556
1973,0.204831,0.109520
1974,0.198441,0.108600
1975,0.206342,0.108946
1976,0.192233,0.108641
1977,0.196399,0.108571
1978,0.202289,0.107898
1979,0.197009,0.108435
1980,0.193045,0.109150
1981,0.199251,0.108366
1982,0.201550,0.108925
1983,0.205146,0.109106
1984,0.200394,0.108623
1985,0.193992,0.108802
1986,0.195494,0.108824
1987,0.189805,0.109345
1988,0.202468,0.108232
1989,0.199050,0.108861
1990,0.195244,0.108665
1991,0.210318,0.107888
1992,0.198962,0.108376
1993,0.197093,0.108489
1994,0.211816,0.109072
1995,0.200661,0.108234
1996,0.197473,0.109239
1997,0.191590,0.108563
1998,0.197729,0.109372
1999,0.192898,0.108834
2000,0.195918,0.108549
2001,0.186126,0.109654
2002,0.206670,0.108273
2003,0.197963,0.106876
2004,0.191988,0.108675
2005,0.198448,0.109729
2006,0.190961,0.108539
2007,0.195659,0.108644
2008,0.192403,0.108551
2009,0.200704,0.108598
2010,0.184855,0.107408
2011,0.187882,0.107601
2012,0.192626,0.109387
2013,0.191802,0.108362
2014,0.191062,0.108425
2015,0.194726,0.108532
2016,0.199367,0.107445
2017,0.194542,0.107114
2018,0.197509,0.108188
2019,0.187677,0.108965
2020,0.189242,0.108426
2021,0.208615,0.108892
2022,0.188192,0.108659
2023,0.201334,0.108305
2024,0.201157,0.107442
2025,0.197102,0.108957
2026,0.188241,0.109144
2027,0.202232,0.107951
2028,0.188839,0.108735
2029,0.205235,0.108309
2030,0.202274,0.108174
2031,0.199760,0.107291
2032,0.194458,0.108703
2033,0.190183,0.109319
2034,0.192960,0.108514
2035,0.202385,0.108627
2036,0.204113,0.108462
2037,0.188224,0.107961
2038,0.198646,0.107130
2039,0.198827,0.108440
2040,0.208748,0.109333
2041,0.199222,0.108346
2042,0.193698,0.107940
2043,0.200166,0.107584
2044,0.189538,0.108515
2045,0.191206,0.109037
2046,0.195916,0.108306
2047,0.194418,0.108333
2048,0.234393,0.108642
2049,0.199131,0.108594
2050,0.190437,0.106289
2051,0.189216,0.109657
2052,0.194498,0.108820
2053,0.197747,0.108502
2054,0.201172,0.107396
2055,0.191381,0.107775
2056,0.198141,0.109803
2057,0.190654,0.108741
2058,0.187029,0.108332
2059,0.207306,0.108584
2060,0.195735,0.107384
2061,0.191044,0.107225
2062,0.184998,0.108391
2063,0.189838,0.109146
2064,0.208210,0.108505
2065,0.193087,0.109152
2066,0.199671,0.108767
2067,0.200384,0.108115
2068,0.191477,0.106702
2069,0.197677,0.108623
2070,0.201087,0.108642
2071,0.194825,0.108216
2072,0.193806,0.108732
2073,0.203900,0.109199
2074,0.212900,0.108591
2075,0.190022,0.107091
2076,0.196562,0.108453
2077,0.204243,0.109062
2078,0.192304,0.108470
2079,0.191269,0.108079
2080,0.196062,0.108358
2081,0.195598,0.108654
2082,0.187347,0.107114
2083,0.195889,0.108662
2084,0.207055,0.108994
2085,0.196130,0.108422
2086,0.189337,0.108819
2087,0.192454,0.108641
2088,0.197518,0.108328
2089,0.196753,0.108209
2090,0.184737,0.107899
2091,0.192588,0.108448
2092,0.198795,0.108541
2093,0.185001,0.108374
2094,0.199868,0.108724
2095,0.239911,0.108666
2096,0.191961,0.109231
2097,0.195937,0.108112
2098,0.198450,0.108115
2099,0.204300,0.108128
2100,0.201160,0.108426
2101,0.207454,0.108801
2102,0.195938,0.108763
2103,0.199682,0.108038
2104,0.199786,0.107682
2105,0.194675,0.107448
2106,0.191101,0.109481
2107,0.212597,0.108959
2108,0.191173,0.107597
2109,0.204100,0.108711
2110,0.196625,0.108900
2111,0.193270,0.108219
2112,0.185438,0.107592
2113,0.192893,0.108271
2114,0.191515,0.108940
2115,0.201651,0.108383
2116,0.198562,0.108551
2117,0.192600,0.108847
2118,0.190984,0.108574
2119,0.206244,0.108225
2120,0.188215,0.108269
2121,0.192792,0.109187
2122,0.200615,0.108396
2123,0.197442,0.108176
2124,0.186050,0.108746
2125,0.192356,0.108693
2126,0.193873,0.108084
2127,0.193349,0.109224
2128,0.190018,0.109570
2129,0.194486,0.108405
2130,0.192846,0.109089
2131,0.196272,0.108948
2132,0.188653,0.108005
2133,0.196464,0.107573
2134,0.199695,0.109205
2135,0.191282,0.110057
2136,0.184608,0.108963
2137,0.192540,0.108852
2138,0.193894,0.108391
2139,0.212078,0.107935
2140,0.193054,0.107304
2141,0.190493,0.108218
2142,0.186552,0.108524
2143,0.199272,0.108813
2144,0.194684,0.109050
2145,0.199798,0.109347
2146,0.195014,0.108226
2147,0.188563,0.107690
2148,0.191833,0.108859
2149,0.196502,0.109875
2150,0.186846,0.108700
2151,0.196293,0.109675
2152,0.202876,0.109009
2153,0.197957,0.108465
2154,0.208887,0.107220
2155,0.194561,0.108254
2156,0.200360,0.108698
2157,0.188175,0.108038
2158,0.204084,0.107225
2159,0.193514,0.108485
2160,0.199200,0.109197
2161,0.211676,0.108292
2162,0.195096,0.108049
2163,0.190509,0.108980
2164,0.211586,0.109086
2165,0.197769,0.108932
2166,0.194155,0.107692
2167,0.190199,0.108291
2168,0.178256,0.108593
2169,0.197999,0.108119
2170,0.199141,0.106432
2171,0.191294,0.108375
2172,0.195857,0.109737
2173,0.192175,0.108582
2174,0.193119,0.110110
2175,0.188680,0.108659
2176,0.194180,0.108946
2177,0.189755,0.109202
2178,0.187278,0.108652
2179,0.198664,0.109175
2180,0.199055,0.108648
2181,0.193970,0.109293
2182,0.190411,0.109160
2183,0.192306,0.108735
2184,0.191231,0.108722
2185,0.207546,0.108820
2186,0.202577,0.107528
2187,0.197787,0.109710
2188,0.196647,0.109432
2189,0.188845,0.108450
2190,0.196286,0.109511
2191,0.192895,0.109385
2192,0.194659,0.109122
2193,0.191294,0.108391
2194,0.193735,0.108870
2195,0.196821,0.109530
2196,0.191256,0.109166
2197,0.191761,0.109223
2198,0.191037,0.109137
2199,0.195745,0.108794
2200,0.192977,0.107355
2201,0.186636,0.110027
2202,0.187443,0.107376
2203,0.192214,0.107823
2204,0.193990,0.108417
2205,0.196820,0.108581
2206,0.185490,0.109242
2207,0.189396,0.107148
2208,0.197657,0.108608
2209,0.196825,0.109797
2210,0.205179,0.111019
2211,0.187146,0.111389
2212,0.202307,0.109500
2213,0.198324,0.108962
2214,0.205836,0.109715
2215,0.202247,0.108567
2216,0.196119,0.109500
2217,0.192638,0.108707
2218,0.192793,0.108255
2219,0.200827,0.108574
2220,0.215689,0.108627
2221,0.193774,0.109005
2222,0.194348,0.108249
2223,0.197719,0.109599
2224,0.203584,0.108529
2225,0.198185,0.108567
2226,0.185166,0.107013
2227,0.195331,0.108499
2228,0.188743,0.108849
2229,0.195281,0.108191
2230,0.189340,0.109237
2231,0.191177,0.109265
2232,0.203049,0.108579
2233,0.195011,0.108180
2234,0.200216,0.109030
2235,0.196181,0.109269
2236,0.196927,0.108408
2237,0.206478,0.108212
2238,0.214525,0.108912
2239,0.195701,0.108443
2240,0.199930,0.107567
2241,0.197203,0.108740
2242,0.192669,0.109236
2243,0.195085,0.108275
2244,0.204062,0.108757
2245,0.195725,0.108619
2246,0.194468,0.108414
2247,0.204098,0.106787
2248,0.192154,0.108375
2249,0.192647,0.109667
2250,0.193510,0.108458
2251,0.192061,0.108022
2252,0.199562,0.109139
2253,0.193884,0.109999
2254,0.187657,0.108442
2255,0.197714,0.108640
2256,0.200993,0.108752
2257,0.187705,0.108071
2258,0.193727,0.107179
2259,0.199049,0.109036
2260,0.206104,0.109320
2261,0.194069,0.108669
2262,0.195098,0.109017
2263,0.197648,0.108333
2264,0.192786,0.107760
2265,0.196129,0.107759
2266,0.197827,0.108697
2267,0.203076,0.109016
2268,0.187023,0.108644
2269,0.201629,0.108722
2270,0.197841,0.108712
2271,0.194910,0.108819
2272,0.193354,0.107018
2273,0.209770,0.108122
2274,0.200989,0.108866
2275,0.202385,0.108231
2276,0.203573,0.108801
2277,0.193072,0.108694
2278,0.191506,0.108662
2279,0.186940,0.107228
2280,0.192141,0.108522
2281,0.200384,0.108964
2282,0.201443,0.108355
2283,0.195923,0.108509
2284,0.192845,0.108605
2285,0.200124,0.108857
2286,0.182895,0.107584
2287,0.188498,0.108669
2288,0.199332,0.109637
2289,0.186529,0.107703
2290,0.194063,0.109375
2291,0.194410,0.108603
2292,0.194127,0.108825
2293,0.194200,0.107088
2294,0.186713,0.108670
2295,0.188468,0.109065
2296,0.197106,0.107698
2297,0.187590,0.108867
2298,0.201986,0.108805
2299,0.194942,0.108981
2300,0.199942,0.107502
2301,0.184496,0.108424
2302,0.182350,0.108826
2303,0.186262,0.108787
2304,0.187708,0.108236
2305,0.187883,0.106948
2306,0.195640,0.109454
2307,0.185482,0.108557
2308,0.187535,0.108483
2309,0.189682,0.108245
2310,0.189392,0.108676
2311,0.189789,0.109065
2312,0.188616,0.108214
2313,0.190012,0.109475
2314,0.200735,0.108743
2315,0.182956,0.109001
2316,0.192212,0.108292
2317,0.192634,0.108853
2318,0.191322,0.109377
2319,0.192065,0.108417
2320,0.186382,0.109084
2321,0.191101,0.108424
2322,0.191105,0.108414
2323,0.193599,0.106940
2324,0.188617,0.108419
2325,0.200018,0.109255
2326,0.194821,0.108293
2327,0.214791,0.108882
2328,0.191443,0.108053
2329,0.191436,0.108333
2330,0.191154,0.107289
2331,0.191367,0.107865
2332,0.194016,0.108738
2333,0.188605,0.108702
2334,0.192855,0.108660
2335,0.195419,0.108484
2336,0.186918,0.107496
2337,0.223645,0.107320
2338,0.191559,0.108230
2339,0.201640,0.108838
2340,0.181697,0.108164
2341,0.199234,0.108603
2342,0.211299,0.108670
2343,0.199131,0.108667
2344,0.189442,0.107931
2345,0.194140,0.108762
2346,0.196208,0.108964
2347,0.194751,0.108598
2348,0.203345,0.108706
2349,0.194160,0.108574
2350,0.201734,0.108554
2351,0.191883,0.109368
2352,0.197457,0.108573
2353,0.196857,0.108286
2354,0.195065,0.107810
2355,0.202853,0.106906
2356,0.191149,0.108367
2357,0.186896,0.108669
2358,0.191663,0.107713
2359,0.199298,0.108203
2360,0.186976,0.108933
2361,0.189528,0.108664
2362,0.187991,0.108236
2363,0.189789,0.108638
2364,0.193483,0.109238
2365,0.191877,0.108338
2366,0.200495,0.107931
2367,0.191683,0.108730
2368,0.195523,0.108320
2369,0.185876,0.108741
2370,0.193953,0.108583
2371,0.200588,0.109126
2372,0.189164,0.108396
2373,0.195580,0.108035
2374,0.186583,0.107697
2375,0.203257,0.108305
2376,0.199007,0.108971
2377,0.194103,0.107675
2378,0.194053,0.109240
2379,0.206555,0.108679
2380,0.213951,0.108527
2381,0.193217,0.107703
2382,0.192513,0.108467
2383,0.201135,0.109086
2384,0.202611,0.108500
2385,0.196518,0.109093
2386,0.191038,0.108377
2387,0.188629,0.108502
2388,0.200070,0.107306
2389,0.183287,0.108596
2390,0.199457,0.109111
2391,0.197446,0.108411
2392,0.197972,0.109044
2393,0.203965,0.108423
2394,0.194270,0.108451
2395,0.186367,0.107930
2396,0.199151,0.108243
2397,0.203932,0.109297
2398,0.185099,0.108606
2399,0.195195,0.109018
2400,0.189749,0.107809
2401,0.189466,0.109932
2402,0.196576,0.108660
2403,0.187164,0.108477
2404,0.192656,0.108736
2405,0.190090,0.107297
2406,0.187289,0.107557
2407,0.179656,0.108172
2408,0.192952,0.108939
2409,0.194030,0.108129
2410,0.199002,0.108620
2411,0.189332,0.108534
2412,0.186117,0.108276
2413,0.200046,0.107900
2414,0.188742,0.108986
2415,0.201516,0.109049
2416,0.195197,0.108688
2417,0.196152,0.108509
2418,0.191320,0.108272
2419,0.197401,0.108141
2420,0.185046,0.107644
2421,0.190932,0.108636
2422,0.189772,0.108768
2423,0.191733,0.109276
2424,0.191796,0.108411
2425,0.193263,0.108506
2426,0.193410,0.107630
2427,0.191787,0.107333
2428,0.201511,0.108636
2429,0.206012,0.108926
2430,0.188646,0.108715
2431,0.190360,0.109418
2432,0.196746,0.109308
2433,0.206067,0.108715
2434,0.200959,0.107870
2435,0.194934,0.109341
2436,0.220983,0.109314
2437,0.196215,0.108454
2438,0.198867,0.108291
2439,0.206405,0.108195
2440,0.199127,0.108562
2441,0.190398,0.106487
2442,0.199391,0.107189
2443,0.192455,0.109331
2444,0.195273,0.108411
2445,0.191259,0.108030
2446,0.195594,0.107650
2447,0.198082,0.108337
2448,0.200130,0.108764
2449,0.193555,0.108747
2450,0.193138,0.109193
2451,0.183277,0.108657
2452,0.180500,0.109339
2453,0.192572,0.108241
2454,0.200909,0.108803
2455,0.196988,0.107712
2456,0.194770,0.109202
2457,0.193970,0.107737
2458,0.230110,0.108268
2459,0.194483,0.109901
2460,0.221550,0.108804
2461,0.200947,0.109700
2462,0.194320,0.108764
2463,0.198964,0.109046
2464,0.220633,0.107688
2465,0.193576,0.108904
2466,0.188389,0.109919
2467,0.213609,0.108818
2468,0.208073,0.109555
2469,0.188528,0.108743
2470,0.204087,0.108586
2471,0.199036,0.107770
2472,0.198651,0.107778
2473,0.183983,0.109127
2474,0.188735,0.108641
2475,0.187633,0.109653
2476,0.207103,0.108709
2477,0.188933,0.108354
2478,0.178115,0.107801
2479,0.189892,0.107858
2480,0.185344,0.109038
2481,0.198376,0.108319
2482,0.190938,0.108486
2483,0.190114,0.107820
2484,0.199091,0.108901
2485,0.193193,0.107706
2486,0.199492,0.108967
2487,0.205641,0.109280
2488,0.197967,0.108780
2489,0.189046,0.108528
2490,0.201803,0.108378
2491,0.191452,0.107201
2492,0.197583,0.107431
2493,0.202561,0.108834
2494,0.192984,0.108328
2495,0.198638,0.108769
2496,0.193284,0.108879
2497,0.195342,0.108687
2498,0.187400,0.108029
2499,0.188029,0.107433
2500,0.192108,0.109123
2501,0.189502,0.109359
2502,0.196088,0.108307
2503,0.194913,0.108287
2504,0.186977,0.109106
2505,0.187264,0.109191
2506,0.189462,0.107673
2507,0.191991,0.108230
2508,0.187194,0.108392
2509,0.197644,0.108389
2510,0.198811,0.108363
2511,0.189768,0.109039
2512,0.190148,0.109282
2513,0.193338,0.108843
2514,0.182500,0.108553
2515,0.191750,0.108455
2516,0.194324,0.108494
2517,0.203856,0.107363
2518,0.199861,0.108748
2519,0.196225,0.108689
2520,0.199490,0.108785
2521,0.188553,0.109343
2522,0.182990,0.108819
2523,0.195931,0.109264
2524,0.201983,0.108053
2525,0.186041,0.108812
2526,0.189570,0.109666
2527,0.192533,0.108435
2528,0.191076,0.108455
2529,0.188936,0.107724
2530,0.185830,0.108400
2531,0.200059,0.107970
2532,0.202351,0.109006
2533,0.188969,0.109327
2534,0.192873,0.109145
2535,0.190152,0.109766
2536,0.192566,0.108791
2537,0.201779,0.108564
2538,0.197296,0.107860
2539,0.195975,0.108068
2540,0.193196,0.109546
2541,0.202346,0.108681
2542,0.195907,0.109583
2543,0.185445,0.108898
2544,0.196666,0.109058
2545,0.197481,0.108014
2546,0.181385,0.108418
2547,0.191935,0.109931
2548,0.209616,0.108299
2549,0.192561,0.109316
2550,0.197030,0.107472
2551,0.190366,0.109583
2552,0.201978,0.108778
2553,0.192288,0.108068
2554,0.200300,0.108432
2555,0.202297,0.108745
2556,0.197285,0.107730
2557,0.190668,0.108732
2558,0.196983,0.109663
2559,0.185871,0.108417
2560,0.196293,0.108999
2561,0.198582,0.108660
2562,0.194617,0.108139
2563,0.182661,0.107639
2564,0.197833,0.108447
2565,0.190046,0.108679
2566,0.188141,0.107981
2567,0.193300,0.108569
2568,0.187544,0.108567
2569,0.182460,0.108246
2570,0.204318,0.107855
2571,0.195916,0.108435
2572,0.189490,0.109287
2573,0.190254,0.107255
2574,0.195054,0.108390
2575,0.201328,0.108551
2576,0.194942,0.108603
2577,0.206758,0.107291
2578,0.191916,0.108515
2579,0.194118,0.108965
2580,0.182842,0.108136
2581,0.189645,0.108405
2582,0.196188,0.108604
2583,0.187486,0.108265
2584,0.198040,0.108430
2585,0.185811,0.107671
2586,0.183483,0.108971
2587,0.187217,0.108202
2588,0.195447,0.108621
2589,0.190267,0.107046
2590,0.188250,0.108480
2591,0.199805,0.109482
2592,0.196679,0.108357
2593,0.190940,0.109324
2594,0.190972,0.108513
2595,0.190804,0.108173
2596,0.199798,0.107607
2597,0.191844,0.108624
2598,0.189328,0.109274
2599,0.190169,0.108407
2600,0.194853,0.109078
2601,0.188969,0.109446
2602,0.193305,0.109302
2603,0.200530,0.108574
2604,0.201306,0.108055
2605,0.194293,0.108547
2606,0.202822,0.108487
2607,0.203845,0.107006
2608,0.191952,0.108234
2609,0.207683,0.108428
2610,0.186844,0.108704
2611,0.190873,0.108758
2612,0.214562,0.108643
2613,0.195448,0.108472
2614,0.198278,0.107092
2615,0.192806,0.108677
2616,0.190670,0.108722
2617,0.209334,0.107729
2618,0.199594,0.108724
2619,0.192499,0.108485
2620,0.190746,0.108367
2621,0.201171,0.108187
2622,0.197814,0.108989
2623,0.197845,0.109000
2624,0.204693,0.107316
2625,0.207531,0.108840
2626,0.194548,0.108668
2627,0.192906,0.107983
2628,0.201594,0.106912
2629,0.199821,0.108460
2630,0.194965,0.109070
2631,0.189594,0.108282
2632,0.197080,0.108925
2633,0.195383,0.108587
2634,0.197717,0.108358
2635,0.202947,0.107607
2636,0.199181,0.108773
2637,0.188160,0.109058
2638,0.187979,0.107680
2639,0.193190,0.108376
2640,0.190978,0.108788
2641,0.195511,0.108373
2642,0.193578,0.107130
2643,0.197801,0.108729
2644,0.191082,0.110190
2645,0.193935,0.108047
2646,0.200539,0.108426
2647,0.186961,0.108600
2648,0.189739,0.108367
2649,0.201365,0.107618
2650,0.192858,0.109301
2651,0.188285,0.109270
2652,0.184885,0.108755
2653,0.200420,0.108838
2654,0.198428,0.108055
2655,0.192375,0.109005
2656,0.193915,0.108637
2657,0.196417,0.108540
2658,0.188943,0.108416
2659,0.190625,0.108698
2660,0.186351,0.108690
2661,0.189821,0.108892
2662,0.278147,0.109551
2663,0.199611,0.108625
2664,0.197635,0.108552
2665,0.201487,0.107183
2666,0.192147,0.108676
2667,0.191231,0.108869
2668,0.194024,0.108558
2669,0.196952,0.109408
2670,0.187494,0.108735
2671,0.187329,0.108669
2672,0.197721,0.107796
2673,0.201049,0.108835
2674,0.196518,0.109123
2675,0.195637,0.108125
2676,0.188476,0.108172
2677,0.186560,0.107703
2678,0.179716,0.108480
2679,0.189653,0.107470
2680,0.195560,0.108283
2681,0.199302,0.109634
2682,0.209685,0.108753
2683,0.186441,0.109995
2684,0.198195,0.108612
2685,0.188148,0.108578
2686,0.190502,0.107727
2687,0.189137,0.108744
2688,0.201397,0.109078
2689,0.189716,0.108630
2690,0.193376,0.110275
2691,0.196781,0.107769
2692,0.200797,0.108788
2693,0.204207,0.107667
2694,0.188878,0.108081
2695,0.197457,0.109337
2696,0.200811,0.108481
2697,0.195330,0.108646
2698,0.196001,0.107799
2699,0.193164,0.108730
2700,0.199003,0.107809
2701,0.191448,0.109211
2702,0.199864,0.108296
2703,0.203956,0.109083
2704,0.193441,0.107305
2705,0.203037,0.108478
2706,0.190997,0.109596
2707,0.200362,0.108232
2708,0.191607,0.108304
2709,0.191080,0.107984
2710,0.195859,0.108489
2711,0.194336,0.108299
2712,0.190796,0.108591
2713,0.188141,0.109269
2714,0.191292,0.108589
2715,0.189934,0.108321
2716,0.191928,0.108552
2717,0.194511,0.107546
2718,0.200021,0.107806
2719,0.199304,0.108807
2720,0.196631,0.109083
2721,0.201578,0.108791
2722,0.184996,0.108522
2723,0.193180,0.108820
2724,0.191100,0.108421
2725,0.195849,0.107227
2726,0.188312,0.109131
2727,0.193749,0.109085
2728,0.194287,0.108428
2729,0.199905,0.108811
2730,0.191915,0.108800
2731,0.197752,0.108015
2732,0.198655,0.108087
2733,0.201779,0.109067
2734,0.205995,0.108852
2735,0.199084,0.108568
2736,0.211539,0.108410
2737,0.187301,0.108533
2738,0.191541,0.108155
2739,0.196659,0.107702
2740,0.196189,0.108722
2741,0.192850,0.108715
2742,0.192126,0.108651
2743,0.187979,0.108695
2744,0.204519,0.109331
2745,0.200514,0.108585
2746,0.191830,0.107573
2747,0.190443,0.108246
2748,0.193527,0.108533
2749,0.206122,0.108394
2750,0.194405,0.108574
2751,0.196982,0.109156
2752,0.197783,0.109183
2753,0.195277,0.108163
2754,0.195434,0.108482
2755,0.204138,0.108509
2756,0.195112,0.107860
2757,0.196429,0.108036
2758,0.200854,0.109233
2759,0.188658,0.110016
2760,0.202349,0.108399
2761,0.192300,0.108729
2762,0.195980,0.108988
2763,0.191231,0.108014
2764,0.192796,0.107842
2765,0.191750,0.108672
2766,0.196426,0.108890
2767,0.189437,0.108784
2768,0.197444,0.108725
2769,0.204592,0.108638
2770,0.183286,0.108590
2771,0.192298,0.107670
2772,0.202658,0.108441
2773,0.200117,0.108980
2774,0.187195,0.108367
2775,0.191634,0.108499
2776,0.195229,0.108977
2777,0.201280,0.108604
2778,0.190326,0.107969
2779,0.205585,0.109093
2780,0.186388,0.108992
2781,0.197783,0.108616
2782,0.190105,0.108921
2783,0.195498,0.108942
2784,0.182075,0.108669
2785,0.194985,0.107960
2786,0.198015,0.108400
2787,0.191719,0.109734
2788,0.207729,0.108752
2789,0.192959,0.109205
2790,0.194291,0.109506
2791,0.191793,0.108813
2792,0.199564,0.108132
2793,0.194829,0.107505
2794,0.190740,0.109500
2795,0.186550,0.108495
2796,0.185369,0.109604
2797,0.187831,0.107205
2798,0.199579,0.108874
2799,0.186503,0.108575
2800,0.197146,0.108080
2801,0.186726,0.109716
2802,0.189535,0.109055
2803,0.192123,0.107764
2804,0.192498,0.108894
2805,0.190601,0.108182
2806,0.203073,0.108655
2807,0.194547,0.108394
2808,0.214152,0.108379
2809,0.194708,0.108421
2810,0.201434,0.107785
2811,0.198612,0.108881
2812,0.200793,0.109172
2813,0.203425,0.108690
2814,0.197887,0.108871
2815,0.191226,0.108482
2816,0.194005,0.108981
2817,0.198177,0.107898
2818,0.200808,0.108586
2819,0.195907,0.108980
2820,0.194175,0.108658
2821,0.187197,0.108844
2822,0.193650,0.108202
2823,0.197407,0.108887
2824,0.201983,0.107588
2825,0.201181,0.109138
2826,0.197194,0.109440
2827,0.190666,0.108583
2828,0.204978,0.108623
2829,0.202293,0.107959
2830,0.184578,0.108661
2831,0.192678,0.107858
2832,0.187661,0.109134
2833,0.203566,0.109066
2834,0.204561,0.108781
2835,0.199812,0.109435
2836,0.192087,0.107963
2837,0.199552,0.108497
2838,0.209239,0.107704
2839,0.196165,0.108141
2840,0.200610,0.108764
2841,0.191851,0.108753
2842,0.193083,0.108485
2843,0.215383,0.108394
2844,0.194978,0.106959
2845,0.194309,0.106685
2846,0.197972,0.108519
2847,0.196314,0.108916
2848,0.186311,0.108472
2849,0.193700,0.107983
2850,0.191897,0.108712
2851,0.191660,0.109869
2852,0.195673,0.108422
2853,0.188339,0.107867
2854,0.200647,0.108631
2855,0.208094,0.108659
2856,0.194390,0.109049
2857,0.188362,0.109213
2858,0.199197,0.109446
2859,0.215015,0.108511
2860,0.196622,0.108807
2861,0.184833,0.108878
2862,0.184013,0.108389
2863,0.201325,0.108352
2864,0.193546,0.108524
2865,0.195131,0.108812
2866,0.194299,0.108588
2867,0.191063,0.108188
2868,0.188698,0.108675
2869,0.190881,0.108728
2870,0.203619,0.109030
2871,0.191837,0.108023
2872,0.195359,0.109246
2873,0.200510,0.108176
2874,0.199073,0.107879
2875,0.191359,0.108575
2876,0.199423,0.108732
2877,0.196093,0.109232
2878,0.191424,0.108402
2879,0.198758,0.109311
2880,0.192013,0.108444
2881,0.194986,0.108199
2882,0.192267,0.108129
2883,0.187879,0.108797
2884,0.193563,0.109675
2885,0.209669,0.108543
2886,0.187991,0.109721
2887,0.192290,0.108481
2888,0.188996,0.107975
2889,0.205981,0.108175
2890,0.189785,0.108398
2891,0.191481,0.109047
2892,0.200378,0.108594
2893,0.194217,0.109482
2894,0.195711,0.108495
2895,0.182217,0.108264
2896,0.194180,0.107579
2897,0.200865,0.108579
2898,0.194635,0.109169
2899,0.198482,0.108628
2900,0.190401,0.108847
2901,0.193561,0.109603
2902,0.203770,0.108881
2903,0.204847,0.109118
2904,0.196055,0.108066
2905,0.193116,0.108297
2906,0.201324,0.107977
2907,0.200951,0.107374
2908,0.191303,0.108671
2909,0.194878,0.109349
2910,0.194499,0.108383
2911,0.190820,0.108834
2912,0.192520,0.108612
2913,0.196891,0.108321
2914,0.196929,0.107979
2915,0.193043,0.109552
2916,0.193533,0.108617
2917,0.198239,0.108276
2918,0.204288,0.108632
2919,0.192802,0.108409
2920,0.202870,0.108543
2921,0.205069,0.107956
2922,0.195918,0.108928
2923,0.186250,0.109011
2924,0.193193,0.108520
2925,0.188493,0.108393
2926,0.192066,0.108295
2927,0.197890,0.108286
2928,0.197083,0.107107
2929,0.196635,0.108226
2930,0.188337,0.109136
2931,0.192776,0.108866
2932,0.198110,0.108369
2933,0.200100,0.108445
2934,0.204545,0.107938
2935,0.195485,0.107901
2936,0.194351,0.109108
2937,0.196716,0.108827
2938,0.189527,0.108483
2939,0.191406,0.108546
2940,0.187820,0.108445
2941,0.184282,0.107778
2942,0.190739,0.107349
2943,0.191565,0.108895
2944,0.189471,0.108920
2945,0.199642,0.107335
2946,0.190659,0.108823
2947,0.192741,0.108579
2948,0.197190,0.108075
2949,0.199019,0.107198
2950,0.225474,0.108744
2951,0.188288,0.109046
2952,0.198959,0.108297
2953,0.193217,0.109135
2954,0.198842,0.107878
2955,0.188792,0.109356
2956,0.193943,0.108599
2957,0.201965,0.108127
2958,0.193344,0.107586
2959,0.189859,0.108304
2960,0.193818,0.109612
2961,0.191511,0.108831
2962,0.193484,0.109977
2963,0.203694,0.108387
2964,0.189807,0.108383
2965,0.191000,0.107131
2966,0.193836,0.108976
2967,0.191419,0.109300
2968,0.197770,0.108896
2969,0.189368,0.109363
2970,0.195608,0.108578
2971,0.203898,0.108447
2972,0.203029,0.107542
2973,0.203028,0.108415
2974,0.183449,0.108951
2975,0.207982,0.108534
2976,0.197477,0.109412
2977,0.200802,0.108495
2978,0.201832,0.108447
2979,0.205531,0.107463
2980,0.198614,0.108100
2981,0.197324,0.108987
2982,0.198526,0.108872
2983,0.196019,0.109475
2984,0.207198,0.108803
2985,0.194800,0.109110
2986,0.190179,0.107463
2987,0.191510,0.107977
2988,0.190517,0.109585
2989,0.192538,0.108232
2990,0.192038,0.109653
2991,0.192374,0.107870
2992,0.199473,0.108257
2993,0.195418,0.107282
2994,0.200792,0.107949
2995,0.192968,0.109632
2996,0.190190,0.108647
2997,0.205027,0.108652
2998,0.201973,0.108081
2999,0.202471,0.108786
3000,0.201397,0.107139
3001,0.202031,0.109018
3002,0.197869,0.108457
3003,0.196322,0.108365
3004,0.192598,0.107895
3005,0.199059,0.108623
3006,0.190024,0.109261
3007,0.186915,0.107835
3008,0.193884,0.108705
3009,0.193009,0.108658
3010,0.192945,0.108188
3011,0.188289,0.107007
3012,0.196315,0.108112
3013,0.198634,0.108992
3014,0.193002,0.108615
3015,0.195243,0.108100
3016,0.198109,0.107994
3017,0.191140,0.108396
3018,0.198880,0.109254
3019,0.194448,0.108261
3020,0.185604,0.109969
3021,0.191872,0.108893
3022,0.200359,0.108471
3023,0.204530,0.108934
3024,0.191443,0.108827
3025,0.200093,0.109318
3026,0.210125,0.109404
3027,0.203497,0.110057
3028,0.186757,0.108602
3029,0.215874,0.108440
3030,0.210248,0.108580
3031,0.198884,0.108482
3032,0.199555,0.108322
3033,0.196718,0.108128
3034,0.195742,0.108889
3035,0.200902,0.108524
3036,0.191611,0.108005
3037,0.197495,0.108192
3038,0.190976,0.108610
3039,0.205017,0.108958
3040,0.195276,0.108368
3041,0.191238,0.109368
3042,0.205353,0.108568
3043,0.190539,0.108834
3044,0.192049,0.109361
3045,0.197918,0.108502
3046,0.191640,0.108792
3047,0.188524,0.107640
3048,0.196668,0.109400
3049,0.194561,0.108394
3050,0.200942,0.108267
3051,0.199348,0.109830
3052,0.188259,0.109731
3053,0.200092,0.108923
3054,0.201818,0.108306
3055,0.195566,0.107687
3056,0.195965,0.109058
3057,0.199495,0.109324
3058,0.199913,0.108540
3059,0.191301,0.108750
3060,0.193062,0.108333
3061,0.189075,0.108901
3062,0.194016,0.107484
3063,0.192207,0.108250
3064,0.197520,0.109107
3065,0.198569,0.108562
3066,0.195260,0.109961
3067,0.198200,0.107876
3068,0.193771,0.108609
3069,0.194876,0.107781
3070,0.196568,0.108166
3071,0.199296,0.109782
3072,0.200068,0.108482
3073,0.203318,0.108392
3074,0.198418,0.108590
3075,0.196890,0.107970
3076,0.195515,0.107368
3077,0.201033,0.108502
3078,0.189686,0.108733
3079,0.190800,0.108652
3080,0.197677,0.108595
3081,0.201739,0.108440
3082,0.198325,0.108057
3083,0.188541,0.106775
3084,0.194522,0.108583
3085,0.191085,0.109103
3086,0.192670,0.107376
3087,0.217525,0.108530
3088,0.194438,0.108616
3089,0.206728,0.108515
3090,0.201543,0.108221
3091,0.193110,0.108744
3092,0.193530,0.109001
3093,0.195890,0.107986
3094,0.199869,0.108770
3095,0.195315,0.108432
3096,0.196660,0.108816
3097,0.191973,0.108159
3098,0.195691,0.108846
3099,0.199084,0.109272
3100,0.197524,0.108307
3101,0.193660,0.111249
3102,0.199162,0.109275
3103,0.201640,0.109500
3104,0.197897,0.108479
3105,0.194583,0.107950
3106,0.201969,0.108669
3107,0.194345,0.108271
3108,0.200086,0.108291
3109,0.194047,0.109219
3110,0.193719,0.109895
3111,0.194501,0.108391
3112,0.192029,0.108910
3113,0.195817,0.108802
3114,0.198301,0.108774
3115,0.197184,0.108026
3116,0.189937,0.108861
3117,0.199146,0.109438
3118,0.190983,0.108334
3119,0.201570,0.109108
3120,0.205922,0.109380
3121,0.197522,0.108463
3122,0.200308,0.108172
3123,0.204242,0.109101
3124,0.192653,0.109350
3125,0.193396,0.108692
3126,0.217555,0.109777
3127,0.193355,0.109121
3128,0.200518,0.109169
3129,0.195599,0.107814
3130,0.208301,0.108564
3131,0.213363,0.109088
3132,0.192961,0.108543
3133,0.204201,0.107898
3134,0.197260,0.108863
3135,0.196943,0.108111
3136,0.191620,0.107887
3137,0.202673,0.110928
3138,0.196744,0.109537
3139,0.198157,0.108960
3140,0.201898,0.108666
3141,0.206040,0.108803
3142,0.189793,0.108172
3143,0.203564,0.108412
3144,0.188407,0.108661
3145,0.207155,0.109086
3146,0.197106,0.108509
3147,0.203752,0.108262
3148,0.198373,0.108824
3149,0.190623,0.106950
3150,0.195617,0.109154
3151,0.199148,0.109138
3152,0.197795,0.107843
3153,0.200904,0.108524
3154,0.201270,0.108944
3155,0.197877,0.109204
3156,0.194840,0.109885
3157,0.193845,0.108859
3158,0.201346,0.108937
3159,0.208097,0.108683
3160,0.196809,0.108156
3161,0.209072,0.109514
3162,0.200819,0.108640
3163,0.198787,0.108252
3164,0.201158,0.108267
3165,0.195696,0.109389
3166,0.198145,0.108012
3167,0.198876,0.108593
3168,0.195521,0.109489
3169,0.200819,0.108450
3170,0.197311,0.109011
3171,0.203072,0.108172
3172,0.196657,0.108929
3173,0.193779,0.107997
3174,0.206576,0.107936
3175,0.202476,0.108190
3176,0.191200,0.107530
3177,0.196576,0.108413
3178,0.187609,0.108616
3179,0.189031,0.108296
3180,0.196719,0.107179
3181,0.204030,0.108621
3182,0.187512,0.109233
3183,0.202671,0.108446
3184,0.194134,0.108582
3185,0.198573,0.108614
3186,0.194373,0.108143
3187,0.205901,0.107957
3188,0.190145,0.109000
3189,0.193962,0.108943
3190,0.196158,0.108308
3191,0.199940,0.108715
3192,0.189934,0.108639
3193,0.192470,0.108653
3194,0.196482,0.108151
3195,0.187629,0.108857
3196,0.185074,0.108934
3197,0.189317,0.107616
3198,0.192007,0.108756
3199,0.195544,0.108478
3200,0.196442,0.108256
3201,0.195374,0.109304
3202,0.199139,0.108831
3203,0.192002,0.108531
3204,0.195622,0.108129
3205,0.197491,0.107955
3206,0.195593,0.108322
3207,0.197860,0.108814
3208,0.198739,0.107712
3209,0.195810,0.109277
3210,0.196304,0.109347
3211,0.202736,0.108952
3212,0.200924,0.108662
3213,0.196921,0.109271
3214,0.198519,0.109496
3215,0.198802,0.108513
3216,0.191441,0.108989
3217,0.212936,0.108315
3218,0.200371,0.107606
3219,0.193540,0.107397
3220,0.196390,0.109238
3221,0.189073,0.109156
3222,0.198811,0.108951
3223,0.201965,0.109085
3224,0.194548,0.108691
3225,0.201193,0.108981
3226,0.203007,0.107726
3227,0.195122,0.108536
3228,0.192878,0.109404
3229,0.195939,0.108749
3230,0.193197,0.109364
3231,0.189318,0.108815
3232,0.203267,0.108765
3233,0.204100,0.108243
3234,0.189237,0.108255
3235,0.192037,0.109453
3236,0.200944,0.108317
3237,0.197640,0.109481
3238,0.202000,0.108806
3239,0.192741,0.108555
3240,0.200817,0.108018
3241,0.194485,0.108652
3242,0.196268,0.109266
3243,0.190681,0.108287
3244,0.190212,0.107815
3245,0.197406,0.107807
3246,0.205562,0.108677
3247,0.199525,0.107737
3248,0.197352,0.108180
3249,0.203508,0.109294
3250,0.194366,0.108543
3251,0.191429,0.109165
3252,0.193752,0.108590
3253,0.208166,0.109050
3254,0.199132,0.108152
3255,0.191344,0.108704
3256,0.193447,0.108665
3257,0.195936,0.108305
3258,0.189134,0.107373
3259,0.199681,0.109038
3260,0.193796,0.108663
3261,0.200619,0.108944
3262,0.196388,0.109050
3263,0.196988,0.109201
3264,0.206609,0.109080
3265,0.196068,0.108332
3266,0.203407,0.109007
3267,0.198239,0.109339
3268,0.203933,0.109002
3269,0.204215,0.108687
3270,0.209670,0.109248
3271,0.192750,0.109483
3272,0.196529,0.108766
3273,0.199718,0.109504
3274,0.201386,0.109600
3275,0.199890,0.109570
3276,0.197850,0.109868
3277,0.192360,0.109399
3278,0.204356,0.108766
3279,0.214211,0.108844
3280,0.191559,0.108792
3281,0.190886,0.108023
3282,0.201449,0.108948
3283,0.195056,0.110121
3284,0.195895,0.108372
3285,0.197299,0.109173
3286,0.202844,0.109194
3287,0.194699,0.108956
3288,0.199965,0.108544
3289,0.209464,0.110240
3290,0.197226,0.110313
3291,0.193096,0.108754
3292,0.189886,0.109162
3293,0.192317,0.108214
3294,0.203705,0.108395
3295,0.197192,0.107320
3296,0.203778,0.108701
3297,0.202454,0.109413
3298,0.194017,0.108576
3299,0.198460,0.108586
3300,0.201746,0.108783
3301,0.188164,0.109814
3302,0.199517,0.108048
3303,0.204486,0.108324
3304,0.204658,0.108777
3305,0.194901,0.108148
3306,0.208145,0.106770
3307,0.197260,0.108455
3308,0.193148,0.109672
3309,0.195367,0.108582
3310,0.206045,0.108990
3311,0.202819,0.109168
3312,0.196766,0.108577
3313,0.189878,0.107827
3314,0.199763,0.108657
3315,0.208071,0.109718
3316,0.201644,0.108370
3317,0.199998,0.109376
3318,0.202336,0.108943
3319,0.200087,0.108640
3320,0.196811,0.107412
3321,0.206020,0.109412
3322,0.200943,0.109688
3323,0.196523,0.109393
3324,0.198670,0.109214
3325,0.201098,0.108070
3326,0.206763,0.109509
3327,0.199120,0.108426
3328,0.196283,0.109051
3329,0.197390,0.110103
3330,0.204481,0.108979
3331,0.196306,0.109258
3332,0.210498,0.108712
3333,0.198395,0.109001
3334,0.191829,0.108408
3335,0.197750,0.109879
3336,0.206385,0.109448
3337,0.207479,0.108940
3338,0.203044,0.110143
3339,0.214523,0.109239
3340,0.197737,0.108873
3341,0.199468,0.109223
3342,0.203057,0.108726
3343,0.194639,0.107466
3344,0.201693,0.108909
3345,0.191863,0.110175
3346,0.195766,0.109379
3347,0.197377,0.109541
3348,0.194369,0.109295
3349,0.194760,0.108950
3350,0.202653,0.108275
3351,0.208250,0.110713
3352,0.187861,0.109093
3353,0.195068,0.108461
3354,0.196074,0.107300
3355,0.203048,0.109019
3356,0.201891,0.109995
3357,0.198790,0.108582
3358,0.189714,0.108601
3359,0.203359,0.108674
3360,0.190937,0.108745
3361,0.185342,0.108345
3362,0.198255,0.108915
3363,0.200759,0.109658
3364,0.191802,0.108594
3365,0.192626,0.109049
3366,0.184462,0.108314
3367,0.197159,0.108027
3368,0.209717,0.107106
3369,0.207382,0.108801
3370,0.195848,0.109188
3371,0.199288,0.109354
3372,0.197683,0.109036
3373,0.200472,0.109395
3374,0.195609,0.108918
3375,0.203862,0.107397
3376,0.204447,0.109054
3377,0.201722,0.109266
3378,0.190438,0.108484
3379,0.205526,0.109023
3380,0.212353,0.108431
3381,0.215973,0.109177
3382,0.206340,0.107615
3383,0.200655,0.109035
3384,0.192203,0.108962
3385,0.214271,0.108427
3386,0.207606,0.108841
3387,0.210178,0.108787
3388,0.201737,0.108210
3389,0.195538,0.107346
3390,0.202621,0.108247
3391,0.201586,0.109100
3392,0.218135,0.108782
3393,0.200565,0.108992
3394,0.196268,0.108836
3395,0.193484,0.108087
3396,0.198363,0.107136
3397,0.199807,0.108420
3398,0.205339,0.109332
3399,0.195690,0.108036
3400,0.195934,0.109015
3401,0.208993,0.110681
3402,0.205797,0.109518
3403,0.195948,0.108242
3404,0.190501,0.108405
3405,0.198142,0.108500
3406,0.206505,0.108439
3407,0.202811,0.108175
3408,0.198608,0.108522
3409,0.191670,0.109494
3410,0.203201,0.108531
3411,0.200983,0.109242
3412,0.205481,0.109343
3413,0.197437,0.108864
3414,0.197973,0.107694
3415,0.199730,0.108731
3416,0.203941,0.109712
3417,0.199045,0.108125
3418,0.196631,0.108786
3419,0.199862,0.108842
3420,0.194340,0.108972
3421,0.205609,0.106647
3422,0.194182,0.108410
3423,0.195369,0.109285
3424,0.199450,0.108372
3425,0.199942,0.108181
3426,0.211863,0.108431
3427,0.196765,0.108564
3428,0.199432,0.107584
3429,0.201731,0.108911
3430,0.197583,0.108718
3431,0.201676,0.108238
3432,0.199569,0.108106
3433,0.205238,0.108706
3434,0.194473,0.108521
3435,0.193226,0.108065
3436,0.199916,0.108605
3437,0.203122,0.110097
3438,0.198827,0.109044
3439,0.192697,0.108526
3440,0.204928,0.108624
3441,0.221304,0.108383
3442,0.204829,0.108206
3443,0.198376,0.108914
3444,0.193672,0.108598
3445,0.203840,0.108387
3446,0.205557,0.108001
3447,0.194513,0.108517
3448,0.198245,0.108793
3449,0.201884,0.108243
3450,0.213078,0.108011
3451,0.195721,0.109430
3452,0.205694,0.108945
3453,0.201344,0.109324
3454,0.193607,0.108194
3455,0.204228,0.108679
3456,0.210589,0.108531
3457,0.203210,0.108349
3458,0.195210,0.106682
3459,0.200487,0.108414
3460,0.199561,0.109434
3461,0.191274,0.108353
3462,0.189965,0.109230
3463,0.198159,0.108027
3464,0.210602,0.108768
3465,0.205266,0.108025
3466,0.199360,0.107779
3467,0.197119,0.109114
3468,0.201123,0.108393
3469,0.207553,0.109355
3470,0.196454,0.108302
3471,0.192193,0.108516
3472,0.199153,0.107720
3473,0.202414,0.108484
3474,0.198147,0.109786
3475,0.202946,0.108458
3476,0.192634,0.108923
3477,0.195561,0.108598
3478,0.200688,0.108660
3479,0.203439,0.107517
3480,0.194376,0.108435
3481,0.201775,0.109742
3482,0.204499,0.108630
3483,0.199206,0.108927
3484,0.197701,0.108272
3485,0.208212,0.108485
3486,0.195706,0.107402
3487,0.212955,0.109037
3488,0.198646,0.109743
3489,0.208186,0.108567
3490,0.203305,0.108462
3491,0.196747,0.107698
3492,0.200519,0.108903
3493,0.200253,0.107695
3494,0.200485,0.109376
3495,0.201221,0.110211
3496,0.189905,0.108968
3497,0.202851,0.109356
3498,0.205999,0.108692
3499,0.211528,0.108532
3500,0.197414,0.108206
3501,0.197124,0.110047
3502,0.201963,0.109331
3503,0.201654,0.108605
3504,0.205220,0.107220
3505,0.207118,0.108372
3506,0.197151,0.110063
3507,0.208727,0.108621
3508,0.206317,0.108996
3509,0.208920,0.108745
3510,0.203356,0.108568
3511,0.200954,0.107117
3512,0.205542,0.108001
3513,0.191403,0.110205
3514,0.200107,0.108712
3515,0.200141,0.108366
3516,0.206395,0.107861
3517,0.199825,0.108812
3518,0.188794,0.107467
3519,0.198391,0.108697
3520,0.201425,0.109961
3521,0.196776,0.108393
3522,0.197009,0.109103
3523,0.197086,0.108368
3524,0.201881,0.107975
3525,0.200122,0.107452
3526,0.195985,0.108884
3527,0.193944,0.108776
3528,0.196066,0.108588
3529,0.198439,0.108875
3530,0.215828,0.108890
3531,0.202979,0.108782
3532,0.225624,0.107721
3533,0.210898,0.109402
3534,0.193470,0.110254
3535,0.200110,0.109026
3536,0.202557,0.109146
3537,0.199469,0.109122
3538,0.195991,0.108725
3539,0.193883,0.108508
3540,0.192535,0.108924
3541,0.208013,0.108934
3542,0.197688,0.109476
3543,0.201509,0.110442
3544,0.206693,0.108901
3545,0.198162,0.108687
3546,0.193902,0.110079
3547,0.202751,0.109298
3548,0.198564,0.108628
3549,0.200759,0.109161
3550,0.193176,0.109666
3551,0.199222,0.110324
3552,0.196645,0.110479
3553,0.197037,0.110458
3554,0.198821,0.111366
3555,0.198504,0.109642
3556,0.203107,0.109334
3557,0.191374,0.109122
3558,0.195468,0.109598
3559,0.193753,0.110317
3560,0.198060,0.109001
3561,0.197845,0.109826
3562,0.197955,0.109381
3563,0.211122,0.108837
3564,0.195045,0.107314
3565,0.194967,0.108841
3566,0.205869,0.109523
3567,0.202720,0.108575
3568,0.204970,0.109954
3569,0.203710,0.109040
3570,0.204220,0.109486
3571,0.197318,0.108526
3572,0.200231,0.108763
3573,0.206387,0.110032
3574,0.197624,0.108392
3575,0.202340,0.109378
3576,0.196124,0.107773
3577,0.198758,0.108536
3578,0.204933,0.107758
3579,0.205827,0.108334
3580,0.210538,0.109421
3581,0.206318,0.108962
3582,0.198539,0.109881
3583,0.205400,0.107906
3584,0.202867,0.108901
3585,0.196992,0.107875
3586,0.210357,0.108602
3587,0.196150,0.109405
3588,0.197875,0.108727
3589,0.198454,0.108370
3590,0.198135,0.108064
3591,0.209196,0.108639
3592,0.209203,0.107501
3593,0.201585,0.108438
3594,0.196044,0.109151
3595,0.199483,0.108689
3596,0.207531,0.108926
3597,0.195694,0.109042
3598,0.198702,0.108062
3599,0.199893,0.107895
3600,0.199118,0.109442
3601,0.206395,0.110519
3602,0.215249,0.108979
3603,0.210429,0.108336
3604,0.202547,0.109578
3605,0.200150,0.109388
3606,0.208158,0.108643
3607,0.200979,0.108766
3608,0.197997,0.108377
3609,0.206867,0.108264
3610,0.204175,0.107696
3611,0.198821,0.108508
3612,0.205268,0.109068
3613,0.201505,0.108919
3614,0.201381,0.108885
3615,0.197844,0.108853
3616,0.194662,0.108572
3617,0.195067,0.108069
3618,0.203809,0.109010
3619,0.204245,0.109837
3620,0.196615,0.108815
3621,0.201896,0.108399
3622,0.203789,0.108089
3623,0.199116,0.108752
3624,0.195647,0.107987
3625,0.205056,0.109113
3626,0.194559,0.109281
3627,0.234114,0.108881
3628,0.192384,0.108472
3629,0.200448,0.108627
3630,0.196329,0.108618
3631,0.194073,0.107762
3632,0.197681,0.108790
3633,0.206468,0.109963
3634,0.207756,0.108679
3635,0.197407,0.109560
3636,0.194106,0.108432
3637,0.195774,0.108966
3638,0.201373,0.108572
3639,0.207744,0.108608
3640,0.202242,0.109708
3641,0.198931,0.108772
3642,0.204796,0.109165
3643,0.202109,0.108303
3644,0.194899,0.109395
3645,0.201829,0.107705
3646,0.200691,0.108993
3647,0.208362,0.109448
3648,0.201405,0.108681
3649,0.194348,0.110128
3650,0.198463,0.108967
3651,0.197709,0.110317
3652,0.194890,0.108495
3653,0.196855,0.108188
3654,0.204199,0.107983
3655,0.204323,0.108751
3656,0.205659,0.107902
3657,0.198674,0.108620
3658,0.200230,0.109365
3659,0.194709,0.109685
3660,0.201846,0.110390
3661,0.200860,0.108949
3662,0.199901,0.108400
3663,0.200546,0.107750
3664,0.197711,0.108473
3665,0.200543,0.109219
3666,0.200907,0.108812
3667,0.203145,0.109567
3668,0.207832,0.108574
3669,0.206165,0.108768
3670,0.205538,0.107944
3671,0.196971,0.108488
3672,0.196807,0.109292
3673,0.200744,0.108927
3674,0.214827,0.110087
3675,0.195479,0.108900
3676,0.211621,0.109144
3677,0.198431,0.107991
3678,0.205831,0.108838
3679,0.197381,0.109243
3680,0.197480,0.108379
3681,0.202246,0.109234
3682,0.198164,0.108542
3683,0.203225,0.108385
3684,0.208398,0.107447
3685,0.207940,0.108666
3686,0.200880,0.109383
3687,0.205223,0.108843
3688,0.205430,0.109943
3689,0.207369,0.108745
3690,0.200071,0.108559
3691,0.204636,0.107718
3692,0.200007,0.108347
3693,0.200981,0.109672
3694,0.199971,0.108559
3695,0.203827,0.109091
3696,0.202538,0.108585
3697,0.201442,0.108583
3698,0.214352,0.107880
3699,0.202205,0.108059
3700,0.201314,0.109442
3701,0.204857,0.109903
3702,0.211820,0.107653
3703,0.209352,0.109207
3704,0.199260,0.109884
3705,0.196956,0.108394
3706,0.198247,0.108526
3707,0.199878,0.108714
3708,0.207175,0.108431
3709,0.198630,0.108205
3710,0.209857,0.108819
3711,0.208572,0.109588
3712,0.211713,0.109396
3713,0.206049,0.109868
3714,0.200883,0.108686
3715,0.197071,0.108698
3716,0.205745,0.107388
3717,0.202157,0.108276
3718,0.206989,0.109006
3719,0.201191,0.108664
3720,0.198977,0.109532
3721,0.196872,0.108666
3722,0.202531,0.108565
3723,0.214235,0.108563
3724,0.200441,0.108692
3725,0.204079,0.108876
3726,0.195399,0.108102
3727,0.194171,0.109531
3728,0.205786,0.108421
3729,0.196944,0.108585
3730,0.197172,0.110029
3731,0.201679,0.108705
3732,0.202071,0.108815
3733,0.199474,0.108964
3734,0.195625,0.109201
3735,0.203954,0.108504
3736,0.200473,0.108236
3737,0.201577,0.108600
3738,0.197717,0.108340
3739,0.198547,0.107599
3740,0.199845,0.109554
3741,0.204161,0.109731
3742,0.197169,0.108639
3743,0.196978,0.108987
3744,0.193094,0.108741
3745,0.208499,0.108410
3746,0.199828,0.107650
3747,0.202329,0.108573
3748,0.200554,0.109277
3749,0.200555,0.108049
3750,0.198304,0.109111
3751,0.198290,0.109915
3752,0.209173,0.109678
3753,0.210059,0.108167
3754,0.198178,0.108564
3755,0.197523,0.108766
3756,0.202749,0.108116
3757,0.202311,0.107305
3758,0.194952,0.108974
3759,0.210075,0.109234
3760,0.204879,0.108613
3761,0.200796,0.108711
3762,0.206403,0.108755
3763,0.194777,0.108647
3764,0.195959,0.108280
3765,0.200300,0.109046
3766,0.200540,0.109704
3767,0.201381,0.108631
3768,0.191405,0.108913
3769,0.200730,0.109198
3770,0.212836,0.108527
3771,0.201728,0.107612
3772,0.198271,0.108913
3773,0.209224,0.109396
3774,0.201748,0.108504
3775,0.197781,0.109017
3776,0.212452,0.108829
3777,0.201831,0.108367
3778,0.205134,0.107065
3779,0.200716,0.108675
3780,0.200893,0.109063
3781,0.204042,0.107777
3782,0.197189,0.108758
3783,0.201146,0.108661
3784,0.202378,0.108781
3785,0.202166,0.108093
3786,0.197721,0.109279
3787,0.202191,0.109133
3788,0.205049,0.108688
3789,0.203391,0.108696
3790,0.210145,0.108684
3791,0.201709,0.109074
3792,0.199460,0.108639
3793,0.204604,0.108766
3794,0.199512,0.108911
3795,0.195812,0.108839
3796,0.200598,0.108503
3797,0.208482,0.107898
3798,0.199990,0.108490
3799,0.198185,0.107280
3800,0.202831,0.108411
3801,0.202487,0.110001
3802,0.203770,0.108756
3803,0.198563,0.107825
3804,0.212485,0.109314
3805,0.200686,0.109261
3806,0.195899,0.108276
3807,0.199435,0.108851
3808,0.207385,0.108437
3809,0.199350,0.108434
3810,0.200615,0.107418
3811,0.198524,0.109236
3812,0.207583,0.109074
3813,0.201454,0.108532
3814,0.199698,0.108697
3815,0.199285,0.108662
3816,0.202491,0.108611
3817,0.199082,0.109102
3818,0.202208,0.109043
3819,0.200685,0.108829
3820,0.201503,0.108664
3821,0.200504,0.108507
3822,0.203946,0.108277
3823,0.200916,0.109025
3824,0.202242,0.107567
3825,0.206014,0.108610
3826,0.201979,0.109878
3827,0.198821,0.108852
3828,0.202217,0.108974
3829,0.206276,0.108035
3830,0.209413,0.108731
3831,0.201530,0.108090
3832,0.200703,0.108347
3833,0.198215,0.109241
3834,0.207895,0.109042
3835,0.205968,0.109200
3836,0.200139,0.108539
3837,0.195468,0.109511
3838,0.198479,0.108095
3839,0.207622,0.108782
3840,0.203153,0.109505
3841,0.207056,0.108795
3842,0.199961,0.110312
3843,0.201445,0.108686
3844,0.198727,0.108543
3845,0.199821,0.107810
3846,0.203415,0.108677
3847,0.210863,0.109816
3848,0.207423,0.108891
3849,0.218739,0.109536
3850,0.198105,0.107660
3851,0.200850,0.109961
3852,0.208131,0.108776
3853,0.210681,0.108476
3854,0.206575,0.108532
3855,0.203229,0.108824
3856,0.205289,0.108076
3857,0.210900,0.108930
3858,0.204139,0.109307
3859,0.201294,0.109858
3860,0.205123,0.110262
3861,0.202394,0.110155
3862,0.205052,0.109180
3863,0.205276,0.108407
3864,0.205431,0.108948
3865,0.200188,0.110506
3866,0.205704,0.109132
3867,0.206395,0.109626
3868,0.201869,0.109133
3869,0.209847,0.109482
3870,0.201513,0.109737
3871,0.193077,0.109437
3872,0.200473,0.108554
3873,0.219831,0.109674
3874,0.195987,0.110068
3875,0.200003,0.108160
3876,0.199412,0.110294
3877,0.195598,0.110039
3878,0.201601,0.109935
3879,0.205865,0.108991
3880,0.207141,0.110157
3881,0.205452,0.110296
3882,0.205353,0.109615
3883,0.199794,0.111034
3884,0.203312,0.109413
3885,0.200285,0.108388
3886,0.204880,0.109238
3887,0.197348,0.109501
3888,0.205662,0.109233
3889,0.197547,0.110019
3890,0.213356,0.108927
3891,0.205593,0.108771
3892,0.211029,0.107738
3893,0.209671,0.107718
3894,0.203900,0.109083
3895,0.202418,0.109406
3896,0.204258,0.108500
3897,0.198498,0.109591
3898,0.200782,0.109123
3899,0.200547,0.110087
3900,0.204538,0.107981
3901,0.209893,0.109174
3902,0.211600,0.108551
3903,0.207361,0.108520
3904,0.196117,0.109119
3905,0.203114,0.109311
3906,0.198511,0.109722
3907,0.197896,0.108651
3908,0.202953,0.108729
3909,0.206216,0.109509
3910,0.204258,0.108915
3911,0.208197,0.108064
3912,0.205348,0.108585
3913,0.204760,0.109873
3914,0.207220,0.109328
3915,0.199924,0.110590
3916,0.204893,0.108857
3917,0.205227,0.109110
3918,0.209577,0.109367
3919,0.210722,0.108731
3920,0.211656,0.108448
3921,0.205304,0.109454
3922,0.203379,0.109835
3923,0.199539,0.109236
3924,0.201027,0.111453
3925,0.202243,0.110031
3926,0.200065,0.107630
3927,0.201448,0.108884
3928,0.202214,0.108804
3929,0.209380,0.108089
3930,0.195903,0.108486
3931,0.203665,0.108777
3932,0.211681,0.108895
3933,0.210062,0.108805
3934,0.199219,0.108700
3935,0.194978,0.111823
3936,0.207229,0.111306
3937,0.201948,0.109061
3938,0.205627,0.109864
3939,0.202995,0.109135
3940,0.199752,0.108748
3941,0.204596,0.108377
3942,0.197119,0.108820
3943,0.201409,0.109715
3944,0.206913,0.109507
3945,0.201943,0.110507
3946,0.206886,0.109232
3947,0.200363,0.108724
3948,0.206535,0.108369
3949,0.207735,0.108399
3950,0.209204,0.108877
3951,0.203895,0.109945
3952,0.200533,0.108143
3953,0.211516,0.109164
3954,0.208245,0.110348
3955,0.205313,0.108015
3956,0.197020,0.109387
3957,0.217459,0.109021
3958,0.204625,0.108229
3959,0.200226,0.109079
3960,0.208051,0.109300
3961,0.202666,0.109636
3962,0.203219,0.109678
3963,0.202362,0.110341
3964,0.198478,0.108455
3965,0.200883,0.108597
3966,0.198468,0.109213
3967,0.208678,0.108981
3968,0.203999,0.108008
3969,0.201286,0.109890
3970,0.196364,0.110373
3971,0.208264,0.110002
3972,0.206810,0.109480
3973,0.206494,0.108937
3974,0.203464,0.109057
3975,0.197196,0.108888
3976,0.202933,0.108943
3977,0.198778,0.110255
3978,0.208923,0.109264
3979,0.208888,0.109744
3980,0.201046,0.109809
3981,0.203537,0.109838
3982,0.212903,0.108859
3983,0.208720,0.108488
3984,0.201806,0.108768
3985,0.200868,0.108622
3986,0.203641,0.110369
3987,0.207492,0.108352
3988,0.201770,0.108809
3989,0.200170,0.108814
3990,0.216516,0.108983
3991,0.197163,0.108605
3992,0.197615,0.109384
3993,0.210770,0.109927
3994,0.211931,0.108519
3995,0.205656,0.109360
3996,0.199852,0.108857
3997,0.208475,0.108735
3998,0.199013,0.107413
3999,0.202534,0.109305
4000,0.209435,0.110376
4001,0.203973,0.110046
4002,0.198211,0.109614
4003,0.199816,0.108496
4004,0.203435,0.110137
4005,0.195703,0.109896
4006,0.205051,0.109183
4007,0.215315,0.109322
4008,0.203263,0.109518
4009,0.201813,0.109174
4010,0.212929,0.110597
4011,0.196364,0.110395
4012,0.195165,0.109110
4013,0.203450,0.111500
4014,0.197628,0.110345
4015,0.199640,0.110760
4016,0.202639,0.109557
4017,0.211350,0.110320
4018,0.204796,0.110857
4019,0.196761,0.110508
4020,0.195399,0.110686
4021,0.199401,0.110569
4022,0.204497,0.110777
4023,0.202751,0.110034
4024,0.200751,0.110790
4025,0.204089,0.110051
4026,0.202423,0.108673
4027,0.197491,0.108564
4028,0.207457,0.109087
4029,0.201087,0.109348
4030,0.202049,0.109214
4031,0.209957,0.108090
4032,0.210940,0.109611
4033,0.206897,0.110029
4034,0.202489,0.110576
4035,0.200543,0.109381
4036,0.207558,0.108534
4037,0.210295,0.107300
4038,0.209969,0.109026
4039,0.204172,0.109205
4040,0.201033,0.108869
4041,0.199179,0.110017
4042,0.198319,0.110076
4043,0.204775,0.109846
4044,0.215295,0.109953
4045,0.202762,0.109048
4046,0.212008,0.108697
4047,0.204258,0.110181
4048,0.208506,0.108855
4049,0.211428,0.108844
4050,0.209280,0.108618
4051,0.196548,0.110091
4052,0.194549,0.108137
4053,0.204281,0.108841
4054,0.199025,0.110111
4055,0.210012,0.108901
4056,0.202821,0.108595
4057,0.213142,0.108445
4058,0.209797,0.108821
4059,0.210808,0.109485
4060,0.203268,0.109632
4061,0.213721,0.109715
4062,0.215204,0.109381
4063,0.201987,0.109023
4064,0.199001,0.108386
4065,0.206660,0.108618
4066,0.204521,0.108728
4067,0.198064,0.109301
4068,0.202170,0.109975
4069,0.201614,0.109205
4070,0.205795,0.109336
4071,0.198674,0.109808
4072,0.207736,0.109254
4073,0.205600,0.108724
4074,0.204070,0.109021
4075,0.204514,0.109206
4076,0.214067,0.109073
4077,0.203990,0.109146
4078,0.211399,0.108789
4079,0.201427,0.108382
4080,0.198656,0.108760
4081,0.216966,0.108852
4082,0.210183,0.109199
4083,0.205906,0.108942
4084,0.208020,0.109109
4085,0.205272,0.109005
4086,0.196054,0.109258
4087,0.197350,0.107878
4088,0.212229,0.109459
4089,0.213333,0.108389
4090,0.211676,0.109159
4091,0.201706,0.108461
4092,0.207739,0.108679
4093,0.202889,0.109340
4094,0.196494,0.108705
4095,0.208536,0.109266
4096,0.202964,0.108922
4097,0.208402,0.109334
4098,0.202431,0.110038
4099,0.205043,0.109271
4100,0.214063,0.108775
4101,0.204852,0.109884
4102,0.211543,0.109167
4103,0.209973,0.108840
4104,0.199955,0.108727
4105,0.200864,0.107858
4106,0.203117,0.109186
4107,0.202870,0.108716
4108,0.199944,0.109113
4109,0.204175,0.110674
4110,0.206932,0.109481
4111,0.204010,0.108935
4112,0.208326,0.108478
4113,0.205497,0.108869
4114,0.204773,0.109237
4115,0.202930,0.108863
4116,0.203526,0.109715
4117,0.201768,0.108570
4118,0.196426,0.109510
4119,0.205613,0.108566
4120,0.210858,0.109272
4121,0.218546,0.108666
4122,0.206453,0.108365
4123,0.207482,0.109692
4124,0.210466,0.108726
4125,0.206840,0.108350
4126,0.202962,0.109835
4127,0.211506,0.109246
4128,0.204049,0.108229
4129,0.222053,0.109399
4130,0.212625,0.109420
4131,0.200616,0.109298
4132,0.196265,0.109467
4133,0.209475,0.109208
4134,0.201909,0.109421
4135,0.204293,0.108954
4136,0.207196,0.109249
4137,0.200020,0.109547
4138,0.207841,0.109787
4139,0.200530,0.110207
4140,0.201878,0.108889
4141,0.202146,0.109629
4142,0.199842,0.109397
4143,0.205780,0.109712
4144,0.200865,0.108534
4145,0.200891,0.108821
4146,0.209450,0.109581
4147,0.211456,0.109006
4148,0.199701,0.108721
4149,0.205065,0.109031
4150,0.200780,0.109199
4151,0.207083,0.110396
4152,0.206156,0.109469
4153,0.202689,0.109511
4154,0.207347,0.109107
4155,0.212069,0.109585
4156,0.207747,0.109188
4157,0.203458,0.108573
4158,0.201702,0.109250
4159,0.210576,0.110635
4160,0.202607,0.110092
4161,0.200758,0.109313
4162,0.206642,0.108921
4163,0.205282,0.109067
4164,0.204270,0.108484
4165,0.210935,0.108852
4166,0.198479,0.109164
4167,0.209518,0.108708
4168,0.205698,0.108970
4169,0.211608,0.108823
4170,0.204659,0.108897
4171,0.203002,0.108229
4172,0.214561,0.109168
4173,0.212478,0.109323
4174,0.214710,0.108888
4175,0.201979,0.108392
4176,0.208997,0.108662
4177,0.212909,0.108363
4178,0.208554,0.108921
4179,0.208576,0.108848
4180,0.217039,0.108083
4181,0.210795,0.109723
4182,0.207702,0.109935
4183,0.199988,0.109372
4184,0.207242,0.109146
4185,0.203467,0.109252
4186,0.205749,0.108882
4187,0.206175,0.109231
4188,0.203522,0.109392
4189,0.198434,0.110356
4190,0.200853,0.109377
4191,0.207884,0.109321
4192,0.203254,0.110095
4193,0.203814,0.109707
4194,0.202877,0.109195
4195,0.201047,0.109314
4196,0.200515,0.109139
4197,0.203661,0.109080
4198,0.202230,0.110044
4199,0.202256,0.109468
4200,0.204659,0.109590
4201,0.206608,0.110495
4202,0.215870,0.110266
4203,0.211758,0.109400
4204,0.205170,0.109399
4205,0.204333,0.109268
4206,0.204806,0.109592
4207,0.198997,0.109330
4208,0.209377,0.109477
4209,0.208519,0.111081
4210,0.207878,0.109493
4211,0.203389,0.108854
4212,0.211273,0.109420
4213,0.211082,0.109050
4214,0.208366,0.108961
4215,0.199224,0.108801
4216,0.207786,0.108853
4217,0.205566,0.108643
4218,0.221676,0.108921
4219,0.202935,0.108966
4220,0.201930,0.109143
4221,0.209546,0.109477
4222,0.209785,0.108770
4223,0.202526,0.108595
4224,0.209691,0.109130
4225,0.245000,0.108813
4226,0.204039,0.108927
4227,0.206342,0.108899
4228,0.208798,0.108819
4229,0.209743,0.108530
4230,0.197842,0.109033
4231,0.205220,0.108911
4232,0.206183,0.109927
4233,0.207184,0.109228
4234,0.201785,0.108869
4235,0.212762,0.109469
4236,0.222121,0.108897
4237,0.217185,0.108346
4238,0.213907,0.108772
4239,0.205344,0.109598
4240,0.209420,0.108759
4241,0.206090,0.108387
4242,0.213765,0.108820
4243,0.220313,0.108653
4244,0.204214,0.109052
4245,0.216129,0.109035
4246,0.204541,0.109300
4247,0.206639,0.109615
4248,0.200822,0.109579
4249,0.212279,0.109213
4250,0.208930,0.108708
4251,0.208037,0.109443
4252,0.211232,0.109040
4253,0.205952,0.108881
4254,0.207400,0.109013
4255,0.203219,0.109115
4256,0.208458,0.109433
4257,0.201824,0.108444
4258,0.205199,0.109035
4259,0.201341,0.110314
4260,0.205022,0.109048
4261,0.206933,0.108860
4262,0.203990,0.108772
4263,0.202034,0.108786
4264,0.213902,0.109396
4265,0.206365,0.109427
4266,0.216113,0.110318
4267,0.214493,0.108926
4268,0.207650,0.108742
4269,0.209011,0.108861
4270,0.207277,0.108786
4271,0.200869,0.108890
4272,0.206688,0.108808
4273,0.203215,0.110418
4274,0.212510,0.109542
4275,0.212189,0.108470
4276,0.212645,0.108974
4277,0.209798,0.109120
4278,0.204023,0.108550
4279,0.207607,0.109227
4280,0.211181,0.109228
4281,0.217968,0.108699
4282,0.209787,0.109022
4283,0.215255,0.108833
4284,0.207465,0.108962
4285,0.211473,0.108761
4286,0.206678,0.108973
4287,0.209115,0.108842
4288,0.211033,0.109554
4289,0.215921,0.108877
4290,0.217506,0.108665
4291,0.215001,0.108324
4292,0.208689,0.107920
4293,0.202176,0.109215
4294,0.207161,0.108706
4295,0.209603,0.108711
4296,0.207337,0.109081
4297,0.204526,0.109358
4298,0.216246,0.109721
4299,0.206279,0.109507
4300,0.206095,0.108567
4301,0.211082,0.110275
4302,0.213295,0.109779
4303,0.207524,0.108359
4304,0.211517,0.108934
4305,0.206311,0.109102
4306,0.218145,0.109449
4307,0.207168,0.110071
4308,0.209118,0.108682
4309,0.206706,0.108647
4310,0.208322,0.108836
4311,0.211311,0.108695
4312,0.203441,0.108481
4313,0.217842,0.109237
4314,0.214056,0.109768
4315,0.206904,0.109165
4316,0.218655,0.109488
4317,0.210579,0.108951
4318,0.221158,0.108378
4319,0.219617,0.108937
4320,0.200877,0.109264
4321,0.208206,0.108492
4322,0.214558,0.109217
4323,0.208361,0.109326
4324,0.207703,0.109319
4325,0.210207,0.110414
4326,0.214486,0.108828
4327,0.209314,0.108872
4328,0.204747,0.108655
4329,0.203296,0.108944
4330,0.202770,0.109745
4331,0.213972,0.109404
4332,0.198673,0.109038
4333,0.202324,0.109316
4334,0.211066,0.108913
4335,0.215010,0.109819
4336,0.204772,0.108997
4337,0.205890,0.109367
4338,0.206145,0.109000
4339,0.209139,0.108880
4340,0.215515,0.109516
4341,0.212085,0.109326
4342,0.206726,0.108466
4343,0.202553,0.109351
4344,0.200517,0.109841
4345,0.212092,0.108157
4346,0.209829,0.107609
4347,0.204089,0.108524
4348,0.203746,0.108706
4349,0.205626,0.109037
4350,0.206409,0.109796
4351,0.213835,0.110471
4352,0.207806,0.109316
4353,0.208679,0.108637
4354,0.208311,0.109106
4355,0.208136,0.108729
4356,0.204411,0.108451
4357,0.204865,0.108982
4358,0.209999,0.108654
4359,0.208041,0.108510
4360,0.207204,0.109860
4361,0.198255,0.108859
4362,0.210574,0.109522
4363,0.209064,0.108682
4364,0.210027,0.110033
4365,0.211163,0.109581
4366,0.205442,0.109116
4367,0.206466,0.108580
4368,0.207974,0.108457
4369,0.205912,0.109060
4370,0.212199,0.109562
4371,0.199913,0.110102
4372,0.205848,0.109520
4373,0.210928,0.108881
4374,0.210097,0.108851
4375,0.213355,0.108402
4376,0.205257,0.109334
4377,0.207257,0.108138
4378,0.199696,0.109740
4379,0.203427,0.108797
4380,0.215398,0.108035
4381,0.200088,0.108961
4382,0.206629,0.109309
4383,0.208737,0.108955
4384,0.203100,0.110578
4385,0.203199,0.109840
4386,0.202981,0.108446
4387,0.209115,0.109934
4388,0.203200,0.109735
4389,0.200672,0.109271
4390,0.209683,0.108930
4391,0.205641,0.109201
4392,0.208005,0.108433
4393,0.208534,0.109767
4394,0.208623,0.109302
4395,0.210557,0.108338
4396,0.206178,0.109909
4397,0.218485,0.109155
4398,0.210645,0.108085
4399,0.211201,0.108294
4400,0.201690,0.109471
4401,0.207339,0.109949
4402,0.202810,0.108751
4403,0.208912,0.109574
4404,0.200029,0.109299
4405,0.206399,0.110026
4406,0.202036,0.108671
4407,0.208664,0.108663
4408,0.202151,0.109151
4409,0.207999,0.109432
4410,0.218295,0.108717
4411,0.211818,0.109492
4412,0.206543,0.109755
4413,0.209252,0.108880
4414,0.203728,0.108656
4415,0.208613,0.108966
4416,0.203247,0.108903
4417,0.208003,0.108110
4418,0.207740,0.108976
4419,0.207611,0.108584
4420,0.211488,0.108660
4421,0.208050,0.109903
4422,0.206945,0.109364
4423,0.207871,0.109750
4424,0.207615,0.108868
4425,0.198405,0.109100
4426,0.208120,0.108525
4427,0.204745,0.108699
4428,0.206831,0.109523
4429,0.201397,0.108843
4430,0.202069,0.109173
4431,0.212893,0.108506
4432,0.219726,0.110447
4433,0.208382,0.109365
4434,0.221825,0.108797
4435,0.205748,0.109951
4436,0.199742,0.108644
4437,0.213635,0.108206
4438,0.206311,0.109101
4439,0.218534,0.109841
4440,0.214881,0.108415
4441,0.212518,0.109345
4442,0.209781,0.109395
4443,0.208203,0.109390
4444,0.206562,0.109105
4445,0.211178,0.109172
4446,0.207081,0.108707
4447,0.219434,0.108488
4448,0.213807,0.109380
4449,0.208518,0.109693
4450,0.208775,0.109000
4451,0.207551,0.110385
4452,0.210492,0.109184
4453,0.215924,0.108599
4454,0.203468,0.108974
4455,0.197170,0.109670
4456,0.207655,0.109259
4457,0.217794,0.108687
4458,0.219266,0.108855
4459,0.207850,0.110973
4460,0.200826,0.110264
4461,0.214015,0.109680
4462,0.201115,0.110101
4463,0.207280,0.109483
4464,0.208145,0.109295
4465,0.207881,0.109185
4466,0.205477,0.109050
4467,0.210906,0.109664
4468,0.213843,0.110398
4469,0.201472,0.110120
4470,0.206452,0.109980
4471,0.210797,0.109231
4472,0.208017,0.109332
4473,0.203758,0.109004
4474,0.209458,0.108905
4475,0.205008,0.109299
4476,0.210770,0.109933
4477,0.210073,0.109409
4478,0.209679,0.110387
4479,0.207947,0.109691
4480,0.213755,0.110281
4481,0.211047,0.109788
4482,0.207445,0.109454
4483,0.210860,0.108339
4484,0.203314,0.109196
4485,0.198873,0.109420
4486,0.212687,0.109802
4487,0.203109,0.110208
4488,0.209107,0.109345
4489,0.210159,0.109077
4490,0.197928,0.108653
4491,0.205396,0.108596
4492,0.218721,0.108407
4493,0.203664,0.109199
4494,0.206154,0.109272
4495,0.207012,0.109464
4496,0.203600,0.109479
4497,0.217061,0.108416
4498,0.214493,0.108601
4499,0.210441,0.108911
4500,0.205903,0.109175
4501,0.208114,0.111123
4502,0.206694,0.109196
4503,0.209674,0.109037
4504,0.210048,0.108934
4505,0.207017,0.109959
4506,0.213553,0.108941
4507,0.202545,0.110056
4508,0.213283,0.108825
4509,0.201624,0.108805
4510,0.207866,0.108559
4511,0.203242,0.109453
4512,0.209302,0.109328
4513,0.202331,0.110717
4514,0.206064,0.110322
4515,0.213746,0.109446
4516,0.223631,0.109675
4517,0.208027,0.109503
4518,0.216397,0.109384
4519,0.200634,0.109447
4520,0.210394,0.108497
4521,0.209224,0.110046
4522,0.206265,0.109378
4523,0.210398,0.110339
4524,0.204965,0.109156
4525,0.205015,0.109547
4526,0.213012,0.110147
4527,0.208952,0.109136
4528,0.210772,0.108926
4529,0.204315,0.109853
4530,0.224969,0.110032
4531,0.212170,0.109461
4532,0.207957,0.109683
4533,0.205965,0.109139
4534,0.208818,0.109243
4535,0.206956,0.109239
4536,0.209794,0.109531
4537,0.208628,0.109319
4538,0.209212,0.109875
4539,0.208795,0.110860
4540,0.210534,0.110338
4541,0.205574,0.109222
4542,0.209274,0.109412
4543,0.206287,0.108446
4544,0.211280,0.108796
4545,0.208921,0.108991
4546,0.211282,0.108798
4547,0.205053,0.109311
4548,0.207160,0.108878
4549,0.205189,0.109061
4550,0.204974,0.109296
4551,0.208540,0.109643
4552,0.201574,0.109301
4553,0.209325,0.108592
4554,0.211402,0.108940
4555,0.209708,0.108654
4556,0.207488,0.108807
4557,0.204822,0.108314
4558,0.207431,0.109012
4559,0.205535,0.109499
4560,0.205093,0.110050
4561,0.208785,0.109801
4562,0.210547,0.108096
4563,0.212424,0.109274
4564,0.214793,0.108827
4565,0.206170,0.109114
4566,0.210535,0.110231
4567,0.210205,0.109273
4568,0.210400,0.109379
4569,0.210610,0.109881
4570,0.200525,0.109716
4571,0.206228,0.109413
4572,0.214992,0.109457
4573,0.227173,0.109093
4574,0.209219,0.109318
4575,0.213787,0.110643
4576,0.204378,0.109046
4577,0.219138,0.109636
4578,0.209243,0.109956
4579,0.201243,0.109715
4580,0.210331,0.109721
4581,0.213148,0.108930
4582,0.219791,0.109662
4583,0.207875,0.109466
4584,0.203436,0.109684
4585,0.213094,0.109437
4586,0.204693,0.109561
4587,0.204882,0.109268
4588,0.225573,0.109913
4589,0.205545,0.109470
4590,0.211766,0.109070
4591,0.205453,0.110142
4592,0.208200,0.109398
4593,0.213465,0.109062
4594,0.202309,0.109876
4595,0.213505,0.108945
4596,0.208920,0.108670
4597,0.204057,0.108506
4598,0.200660,0.108321
4599,0.208244,0.108577
4600,0.208795,0.108340
4601,0.208468,0.110791
4602,0.204783,0.110256
4603,0.207749,0.110034
4604,0.205571,0.108961
4605,0.214559,0.108734
4606,0.209881,0.109779
4607,0.204108,0.108773
4608,0.213284,0.108825
4609,0.212249,0.108742
4610,0.204928,0.109671
4611,0.204632,0.110398
4612,0.213548,0.109845
4613,0.206862,0.109226
4614,0.205642,0.108638
4615,0.206492,0.108561
4616,0.214951,0.108458
4617,0.213800,0.108690
4618,0.211616,0.109980
4619,0.200199,0.108928
4620,0.205202,0.109708
4621,0.213496,0.109686
4622,0.207245,0.110202
4623,0.214296,0.109238
4624,0.212024,0.108682
4625,0.213136,0.108577
4626,0.205906,0.108615
4627,0.207920,0.108755
4628,0.208637,0.108842
4629,0.207553,0.110610
4630,0.202255,0.110094
4631,0.209491,0.108744
4632,0.210128,0.109105
4633,0.211543,0.109029
4634,0.216963,0.108579
4635,0.211123,0.109066
4636,0.207787,0.109176
4637,0.212253,0.109149
4638,0.211155,0.109123
4639,0.207107,0.108815
4640,0.208875,0.108784
4641,0.206831,0.108817
4642,0.204381,0.108941
4643,0.207187,0.108464
4644,0.217671,0.109432
4645,0.213372,0.109196
4646,0.205769,0.110385
4647,0.209207,0.109767
4648,0.214049,0.109123
4649,0.212977,0.108952
4650,0.212334,0.109052
4651,0.221161,0.110130
4652,0.214838,0.108859
4653,0.215230,0.110059
4654,0.215743,0.109247
4655,0.210045,0.109324
4656,0.203501,0.110014
4657,0.208816,0.109356
4658,0.213966,0.109527
4659,0.212883,0.108916
4660,0.213464,0.108688
4661,0.202988,0.108612
4662,0.207608,0.109346
4663,0.203388,0.109313
4664,0.214685,0.109091
4665,0.212927,0.109977
4666,0.207233,0.108943
4667,0.212185,0.109329
4668,0.213579,0.108614
4669,0.207845,0.108432
4670,0.209302,0.108791
4671,0.216645,0.109620
4672,0.207976,0.110009
4673,0.212928,0.109190
4674,0.206248,0.109447
4675,0.207423,0.108838
4676,0.202820,0.109171
4677,0.209739,0.109148
4678,0.213258,0.109269
4679,0.208197,0.109535
4680,0.211080,0.109471
4681,0.216682,0.109540
4682,0.215240,0.109681
4683,0.210000,0.109592
4684,0.206258,0.108956
4685,0.211858,0.109822
4686,0.208406,0.109695
4687,0.216334,0.109672
4688,0.208422,0.110172
4689,0.205921,0.109303
4690,0.206381,0.109338
4691,0.214661,0.110201
4692,0.207964,0.110087
4693,0.216400,0.108854
4694,0.208784,0.109470
4695,0.213393,0.109333
4696,0.214907,0.109716
4697,0.209084,0.110360
4698,0.212514,0.109573
4699,0.213506,0.109801
4700,0.211383,0.109919
4701,0.217631,0.110701
4702,0.215175,0.109210
4703,0.214787,0.108462
4704,0.209202,0.109413
4705,0.209603,0.109653
4706,0.207953,0.109560
4707,0.222229,0.109704
4708,0.209585,0.109064
4709,0.207396,0.109960
4710,0.208225,0.109787
4711,0.210902,0.109081
4712,0.209562,0.109300
4713,0.208618,0.109705
4714,0.208506,0.110111
4715,0.207156,0.110745
4716,0.207585,0.108824
4717,0.212588,0.110203
4718,0.213012,0.110135
4719,0.210790,0.109298
4720,0.205620,0.108451
4721,0.206066,0.108412
4722,0.199699,0.109849
4723,0.211101,0.109361
4724,0.205915,0.110548
4725,0.207145,0.108797
4726,0.211960,0.109045
4727,0.204289,0.109192
4728,0.213113,0.109251
4729,0.212898,0.108750
4730,0.215572,0.109443
4731,0.218601,0.109676
4732,0.203984,0.109734
4733,0.202720,0.109480
4734,0.210015,0.109698
4735,0.205122,0.109729
4736,0.225494,0.109623
4737,0.208325,0.109427
4738,0.207179,0.109911
4739,0.210662,0.109491
4740,0.205918,0.110751
4741,0.208381,0.109910
4742,0.211303,0.109651
4743,0.216819,0.108964
4744,0.229558,0.109586
4745,0.216377,0.108705
4746,0.218921,0.109380
4747,0.217658,0.109545
4748,0.215677,0.109838
4749,0.216504,0.111036
4750,0.210581,0.109567
4751,0.204834,0.110379
4752,0.218909,0.108831
4753,0.212132,0.109506
4754,0.213658,0.109396
4755,0.212529,0.109147
4756,0.205994,0.110123
4757,0.221616,0.109735
4758,0.212712,0.109741
4759,0.210731,0.110366
4760,0.210387,0.109609
4761,0.206650,0.108969
4762,0.202229,0.108774
4763,0.210881,0.109353
4764,0.209464,0.109131
4765,0.213813,0.108990
4766,0.211369,0.109594
4767,0.208354,0.110399
4768,0.210296,0.109524
4769,0.212832,0.109857
4770,0.202261,0.109081
4771,0.209944,0.108722
4772,0.209231,0.109385
4773,0.214816,0.109065
4774,0.211028,0.108263
4775,0.213636,0.109702
4776,0.214381,0.109976
4777,0.204699,0.109125
4778,0.210596,0.109451
4779,0.209068,0.108742
4780,0.207764,0.109516
4781,0.204602,0.108379
4782,0.207573,0.109668
4783,0.211024,0.109739
4784,0.208476,0.109320
4785,0.212138,0.108988
4786,0.209028,0.109515
4787,0.211745,0.108931
4788,0.213791,0.108053
4789,0.207769,0.109797
4790,0.206684,0.109435
4791,0.210421,0.109269
4792,0.205775,0.109844
4793,0.212040,0.109308
4794,0.209671,0.108775
4795,0.206805,0.109724
4796,0.217434,0.108705
4797,0.207310,0.108992
4798,0.214744,0.108836
4799,0.219677,0.109511
4800,0.206261,0.108737
4801,0.207959,0.109506
4802,0.210057,0.109401
4803,0.209182,0.109515
4804,0.217463,0.108837
4805,0.206280,0.108776
4806,0.214937,0.108995
4807,0.207601,0.108408
4808,0.208742,0.108459
4809,0.212000,0.109970
4810,0.208233,0.110595
4811,0.216126,0.110060
4812,0.219064,0.109932
4813,0.205162,0.108939
4814,0.205717,0.108926
4815,0.208928,0.108399
4816,0.207173,0.108693
4817,0.207463,0.110007
4818,0.215501,0.109983
4819,0.204359,0.110635
4820,0.210238,0.109968
4821,0.209330,0.109126
4822,0.210894,0.108915
4823,0.211580,0.108885
4824,0.207684,0.107793
4825,0.204728,0.109527
4826,0.213564,0.109241
4827,0.211223,0.109927
4828,0.215796,0.109849
4829,0.206690,0.109559
4830,0.212797,0.110437
4831,0.209569,0.108736
4832,0.214550,0.108293
4833,0.212994,0.109237
4834,0.206359,0.108933
4835,0.218608,0.109037
4836,0.211482,0.109539
4837,0.220105,0.109175
4838,0.205406,0.109283
4839,0.211943,0.109305
4840,0.212155,0.109707
4841,0.204106,0.109272
4842,0.216835,0.109576
4843,0.217408,0.108312
4844,0.217341,0.109405
4845,0.211860,0.110328
4846,0.214850,0.109787
4847,0.210918,0.109776
4848,0.215096,0.109880
4849,0.220673,0.110443
4850,0.211100,0.109709
4851,0.214326,0.109832
4852,0.213837,0.110206
4853,0.205918,0.109549
4854,0.216564,0.109660
4855,0.211798,0.109956
4856,0.210347,0.110534
4857,0.214941,0.108788
4858,0.209937,0.109012
4859,0.209707,0.109390
4860,0.210401,0.109192
4861,0.207801,0.109944
4862,0.212299,0.110040
4863,0.211910,0.109532
4864,0.213515,0.110079
4865,0.218967,0.109872
4866,0.200482,0.108890
4867,0.213049,0.109268
4868,0.216504,0.109523
4869,0.206953,0.109193
4870,0.214415,0.109684
4871,0.209826,0.110134
4872,0.212001,0.109788
4873,0.214149,0.110839
4874,0.208542,0.109782
4875,0.211582,0.108843
4876,0.206373,0.107963
4877,0.208355,0.108576
4878,0.215925,0.109929
4879,0.220581,0.108932
4880,0.208286,0.110589
4881,0.205353,0.109220
4882,0.212620,0.108609
4883,0.209762,0.109870
4884,0.221528,0.109311
4885,0.212474,0.108531
4886,0.210423,0.108911
4887,0.214270,0.109712
4888,0.210486,0.109207
4889,0.214045,0.109443
4890,0.208586,0.109688
4891,0.208174,0.109103
4892,0.209904,0.108505
4893,0.219047,0.109899
4894,0.214866,0.109701
4895,0.210472,0.108692
4896,0.206367,0.109708
4897,0.208465,0.109697
4898,0.221140,0.109026
4899,0.220307,0.108519
4900,0.205685,0.108983
4901,0.215413,0.110337
4902,0.211120,0.109103
4903,0.213276,0.108021
4904,0.209099,0.108796
4905,0.205468,0.109702
4906,0.211061,0.109720
4907,0.213043,0.109903
4908,0.211156,0.108986
4909,0.209047,0.108951
4910,0.211941,0.109363
4911,0.213459,0.109482
4912,0.210240,0.108397
4913,0.213752,0.109837
4914,0.211305,0.109316
4915,0.209025,0.109072
4916,0.210828,0.108991
4917,0.218111,0.109017
4918,0.211682,0.109265
4919,0.206254,0.108504
4920,0.210785,0.108977
4921,0.207120,0.109820
4922,0.210945,0.109019
4923,0.209490,0.109999
4924,0.213285,0.109821
4925,0.213131,0.109017
4926,0.218623,0.107791
4927,0.207612,0.108881
4928,0.208685,0.109355
4929,0.212109,0.109186
4930,0.213752,0.110397
4931,0.209442,0.108948
4932,0.215056,0.107951
4933,0.208321,0.109141
4934,0.220765,0.109126
4935,0.221496,0.108009
4936,0.209753,0.109155
4937,0.208493,0.109403
4938,0.211196,0.108969
4939,0.220734,0.109058
4940,0.221585,0.108817
4941,0.209837,0.108410
4942,0.207732,0.108832
4943,0.212492,0.109270
4944,0.206169,0.109141
4945,0.214661,0.109156
4946,0.209991,0.109847
4947,0.212507,0.109798
4948,0.215212,0.110664
4949,0.213756,0.108634
4950,0.208044,0.108610
4951,0.206277,0.109859
4952,0.218150,0.109082
4953,0.212850,0.108554
4954,0.209209,0.109738
4955,0.204363,0.109989
4956,0.207665,0.110396
4957,0.217994,0.110422
4958,0.211643,0.109362
4959,0.216922,0.108864
4960,0.210194,0.109260
4961,0.219404,0.108339
4962,0.200850,0.107969
4963,0.205582,0.109335
4964,0.212903,0.109739
4965,0.209793,0.109049
4966,0.212181,0.109777
4967,0.219012,0.109333
4968,0.206609,0.109338
4969,0.219252,0.108239
4970,0.219065,0.109233
4971,0.210968,0.109461
4972,0.208383,0.109263
4973,0.212667,0.109296
4974,0.216881,0.108936
4975,0.216715,0.109142
4976,0.221551,0.109631
4977,0.207759,0.109193
4978,0.214382,0.109066
4979,0.218673,0.109041
4980,0.217331,0.109373
4981,0.218209,0.108784
4982,0.213832,0.108954
4983,0.210667,0.108957
4984,0.220512,0.109408
4985,0.214991,0.108511
4986,0.212125,0.109307
4987,0.210999,0.109758
4988,0.217341,0.108719
4989,0.206928,0.109714
4990,0.207126,0.109034
4991,0.205354,0.109053
4992,0.210464,0.108984
4993,0.205340,0.109013
4994,0.212346,0.109998
4995,0.210086,0.109264
4996,0.215246,0.110179
4997,0.214511,0.109137
4998,0.215162,0.108604
4999,0.205183,0.109831
5000,0.216383,0.109622
